CustomerID,Recency,Frequency,TotalQuantity,Country,GrossMonetary,Monetary,CancelledAmount,ReturnRate,R,F,M,RFM_Segment,RFM_Score,ValueSegment,ValueSegmentRank,CustomerPersona,PersonaRank
12346,326,1,74215,United Kingdom,77183.6,0.0,77183.6,1.0,1,1,1,111,3,Low-value,1,Hibernating,10
12347,2,7,2458,Iceland,4310.0,4310.0,0.0,0.0,5,5,5,555,15,High-value,3,Champions,1
12348,75,4,2341,Finland,1797.24,1797.24,0.0,0.0,2,4,4,244,10,High-value,3,Do Not Lose,9
12349,19,1,631,Italy,1757.55,1757.55,0.0,0.0,4,1,4,414,9,Mid-value,2,Hibernating,10
12350,310,1,197,Norway,334.40000000000003,334.40000000000003,0.0,0.0,1,1,2,112,4,Low-value,1,Hibernating,10
12352,36,8,536,Norway,2506.04,1545.41,960.6299999999999,0.3833,3,5,4,354,12,High-value,3,Loyal Customers,2
12353,204,1,20,Bahrain,89.0,89.0,0.0,0.0,1,1,1,111,3,Low-value,1,Hibernating,10
12354,232,1,530,Spain,1079.4,1079.4,0.0,0.0,1,1,4,114,6,Mid-value,2,Hibernating,10
12355,214,1,240,Bahrain,459.40000000000003,459.40000000000003,0.0,0.0,1,1,2,112,4,Low-value,1,Hibernating,10
12356,23,3,1591,Portugal,2811.43,2811.43,0.0,0.0,4,3,5,435,12,High-value,3,Potential Champions,3
12357,33,1,2708,Switzerland,6207.67,6207.67,0.0,0.0,4,1,5,415,10,High-value,3,Hibernating,10
12358,2,2,248,Austria,1168.06,1168.06,0.0,0.0,5,2,4,524,11,High-value,3,Potential Champions,3
12359,58,4,1609,Cyprus,6310.03,6182.9800000000005,127.04999999999927,0.0201,3,4,5,345,12,High-value,3,Loyal Customers,2
12360,52,3,1165,Austria,2662.06,2662.06,0.0,0.0,3,3,5,335,11,High-value,3,Need Attention,6
12361,287,1,91,Belgium,189.9,189.9,0.0,0.0,1,1,1,111,3,Low-value,1,Hibernating,10
12362,3,10,2229,Belgium,5226.2300000000005,5154.58,71.65000000000055,0.0137,5,5,5,555,15,High-value,3,Champions,1
12363,110,2,408,Unspecified,552.0,552.0,0.0,0.0,2,2,3,223,7,Mid-value,2,Hibernating,10
12364,8,4,1506,Belgium,1313.1,1313.1,0.0,0.0,5,4,4,544,13,High-value,3,Champions,1
12365,291,2,174,Cyprus,641.38,320.69,320.69,0.5,1,2,2,122,5,Mid-value,2,Hibernating,10
12367,4,1,173,Denmark,168.9,168.9,0.0,0.0,5,1,1,511,7,Mid-value,2,New Customers,4
12370,51,4,2352,Cyprus,3541.94,3541.94,0.0,0.0,3,4,5,345,12,High-value,3,Loyal Customers,2
12371,45,2,591,Switzerland,1887.96,1887.96,0.0,0.0,3,2,4,324,9,Mid-value,2,Hibernating,10
12372,72,3,794,Denmark,1298.04,1298.04,0.0,0.0,3,3,4,334,10,High-value,3,Need Attention,6
12373,311,1,197,Austria,364.6,364.6,0.0,0.0,1,1,2,112,4,Low-value,1,Hibernating,10
12374,25,1,342,Austria,742.9300000000001,742.9300000000001,0.0,0.0,4,1,3,413,8,Mid-value,2,Hibernating,10
12375,11,2,178,Finland,457.5,455.42,2.079999999999984,0.0045,5,2,2,522,9,Mid-value,2,Potential Champions,3
12377,315,2,944,Switzerland,1628.1200000000001,1628.1200000000001,0.0,0.0,1,2,4,124,7,Mid-value,2,Hibernating,10
12378,130,1,2529,Switzerland,4008.62,4008.62,0.0,0.0,2,1,5,215,8,Mid-value,2,Hibernating,10
12379,82,2,407,Belgium,852.24,850.29,1.9500000000000455,0.0023,2,2,3,223,7,Mid-value,2,Hibernating,10
12380,22,4,1127,Belgium,2724.81,2720.56,4.25,0.0016,4,4,5,445,13,High-value,3,Loyal Customers,2
12381,5,5,808,Norway,1845.31,1803.96,41.34999999999991,0.0224,5,4,4,544,13,High-value,3,Champions,1
12383,185,5,1532,Belgium,1850.56,1839.31,11.25,0.0061,1,4,4,144,9,Mid-value,2,Do Not Lose,9
12384,29,2,126,Switzerland,585.27,566.16,19.110000000000014,0.0327,4,2,3,423,9,Mid-value,2,Potential Champions,3
12386,338,2,354,Australia,401.9,401.9,0.0,0.0,1,2,2,122,5,Mid-value,2,Hibernating,10
12388,16,6,1462,Australia,2780.6600000000003,2780.6600000000003,0.0,0.0,4,4,5,445,13,High-value,3,Loyal Customers,2
12390,80,1,353,Belgium,549.84,549.84,0.0,0.0,2,1,3,213,6,Mid-value,2,Hibernating,10
12391,22,1,293,Cyprus,439.66,439.66,0.0,0.0,4,1,2,412,7,Mid-value,2,Promising,5
12393,72,4,816,Australia,1582.6000000000001,1582.6000000000001,0.0,0.0,3,4,4,344,11,High-value,3,Loyal Customers,2
12394,64,2,819,Belgium,1272.48,1272.48,0.0,0.0,3,2,4,324,9,Mid-value,2,Hibernating,10
12395,19,12,2118,Belgium,3018.63,2998.28,20.34999999999991,0.0067,4,5,5,455,14,High-value,3,Loyal Customers,2
12397,36,2,1263,Belgium,2409.9,2409.9,0.0,0.0,3,2,5,325,10,High-value,3,Hibernating,10
12398,46,1,1394,Switzerland,1635.6599999999999,1635.6599999999999,0.0,0.0,3,1,4,314,8,Mid-value,2,Hibernating,10
12399,119,4,1178,Belgium,1108.65,1108.65,0.0,0.0,2,4,4,244,10,High-value,3,Do Not Lose,9
12401,303,1,11,Belgium,84.3,84.3,0.0,0.0,1,1,1,111,3,Low-value,1,Hibernating,10
12402,323,1,94,Belgium,225.60000000000002,225.60000000000002,0.0,0.0,1,1,1,111,3,Low-value,1,Hibernating,10
12403,50,1,96,Denmark,427.7,409.7,18.0,0.0421,3,1,2,312,6,Mid-value,2,About to Sleep,7
12405,149,1,857,Finland,1710.39,1710.39,0.0,0.0,2,1,4,214,7,Mid-value,2,Hibernating,10
12406,22,2,1818,Denmark,3415.3,3280.75,134.55000000000018,0.0394,4,2,5,425,11,High-value,3,Potential Champions,3
12407,50,5,1416,Belgium,1708.12,1708.12,0.0,0.0,3,4,4,344,11,High-value,3,Loyal Customers,2
12408,33,5,1409,Belgium,2888.55,2842.57,45.98000000000002,0.0159,4,4,5,445,13,High-value,3,Loyal Customers,2
12409,79,3,5551,Switzerland,11072.67,11056.93,15.739999999999782,0.0014,2,3,5,235,10,High-value,3,At Risk,8
12410,309,2,211,Switzerland,693.33,681.08,12.25,0.0177,1,2,3,123,6,Mid-value,2,Hibernating,10
12412,75,3,829,Denmark,1226.88,1226.88,0.0,0.0,2,3,4,234,9,Mid-value,2,At Risk,8
12413,67,3,286,France,758.1,694.15,63.950000000000045,0.0844,3,3,3,333,9,Mid-value,2,Need Attention,6
12414,217,3,300,Austria,562.4100000000001,562.4100000000001,0.0,0.0,1,3,3,133,7,Mid-value,2,At Risk,8
12415,24,21,77670,Australia,124914.53,123725.45,1189.0800000000017,0.0095,4,5,5,455,14,High-value,3,Loyal Customers,2
12417,3,9,1552,Belgium,3649.1,3578.8,70.29999999999973,0.0193,5,5,5,555,15,High-value,3,Champions,1
12418,113,1,407,Switzerland,668.58,668.58,0.0,0.0,2,1,3,213,6,Mid-value,2,Hibernating,10
12420,64,1,345,Cyprus,600.39,600.39,0.0,0.0,3,1,3,313,7,Mid-value,2,Hibernating,10
12421,16,4,484,Spain,807.04,806.27,0.7699999999999818,0.001,4,4,3,443,11,High-value,3,Potential Champions,3
12422,96,3,370,Australia,803.5600000000001,803.5600000000001,0.0,0.0,2,3,3,233,8,Mid-value,2,At Risk,8
12423,1,8,1339,Belgium,1859.31,1849.1100000000001,10.199999999999818,0.0055,5,5,4,554,14,High-value,3,Champions,1
12424,163,2,740,Australia,1760.96,1760.96,0.0,0.0,2,2,4,224,8,Mid-value,2,Hibernating,10
12425,78,1,496,Portugal,777.2,777.2,0.0,0.0,2,1,3,213,6,Mid-value,2,Hibernating,10
12426,195,1,258,Germany,582.73,582.73,0.0,0.0,1,1,3,113,5,Mid-value,2,Hibernating,10
12427,22,3,533,Germany,825.8000000000001,708.37,117.43000000000006,0.1422,4,3,3,433,10,High-value,3,Potential Champions,3
12428,26,9,3536,Finland,7956.46,7877.2,79.26000000000022,0.01,4,5,5,455,14,High-value,3,Loyal Customers,2
12429,9,4,1557,Denmark,3750.4,3750.4,0.0,0.0,5,4,5,545,14,High-value,3,Champions,1
12430,43,1,117,Norway,256.4,256.4,0.0,0.0,3,1,2,312,6,Mid-value,2,About to Sleep,7
12431,36,15,2908,Australia,6419.95,6348.89,71.05999999999949,0.0111,3,5,5,355,13,High-value,3,Loyal Customers,2
12432,43,5,1801,Norway,5059.32,5059.32,0.0,0.0,3,4,5,345,12,High-value,3,Loyal Customers,2
12433,1,7,11071,Norway,13375.87,13375.87,0.0,0.0,5,5,5,555,15,High-value,3,Champions,1
12434,85,2,394,Australia,806.14,765.19,40.94999999999993,0.0508,2,2,3,223,7,Mid-value,2,Hibernating,10
12435,80,2,2055,Denmark,7829.89,7829.89,0.0,0.0,2,2,5,225,9,Mid-value,2,Hibernating,10
12436,100,1,211,Norway,509.01,509.01,0.0,0.0,2,1,3,213,6,Mid-value,2,Hibernating,10
12437,2,18,2923,France,4951.41,4896.66,54.75,0.0111,5,5,5,555,15,High-value,3,Champions,1
12438,14,2,1180,Norway,2906.85,2906.85,0.0,0.0,4,2,5,425,11,High-value,3,Potential Champions,3
12441,367,1,121,France,173.55,173.55,0.0,0.0,1,1,1,111,3,Low-value,1,Hibernating,10
12442,3,1,182,Spain,172.06,172.06,0.0,0.0,5,1,1,511,7,Mid-value,2,New Customers,4
12444,21,5,1155,Norway,5005.46,5005.46,0.0,0.0,4,4,5,445,13,High-value,3,Loyal Customers,2
12445,22,1,62,Spain,133.4,133.4,0.0,0.0,4,1,1,411,6,Mid-value,2,Promising,5
12446,58,1,352,RSA,1002.3100000000001,1002.3100000000001,0.0,0.0,3,1,4,314,8,Mid-value,2,Hibernating,10
12447,243,1,190,Belgium,476.49,476.49,0.0,0.0,1,1,3,113,5,Mid-value,2,Hibernating,10
12448,44,1,243,Spain,449.45,449.45,0.0,0.0,3,1,2,312,6,Mid-value,2,About to Sleep,7
12449,22,4,1553,Belgium,4067.29,4067.29,0.0,0.0,4,4,5,445,13,High-value,3,Loyal Customers,2
12450,156,2,128,Spain,197.88,197.88,0.0,0.0,2,2,1,221,5,Mid-value,2,Hibernating,10
12451,11,5,6575,Switzerland,9035.52,8933.52,102.0,0.0113,5,4,5,545,14,High-value,3,Champions,1
12452,17,2,185,Switzerland,430.57000000000005,428.57000000000005,2.0,0.0046,4,2,2,422,8,Mid-value,2,Potential Champions,3
12453,134,1,473,Austria,707.09,707.09,0.0,0.0,2,1,3,213,6,Mid-value,2,Hibernating,10
12454,56,1,1006,Spain,3528.34,5.684341886080802e-14,3528.34,1.0,3,1,1,311,5,Mid-value,2,About to Sleep,7
12455,73,6,2089,Spain,2466.86,2466.86,0.0,0.0,2,4,5,245,11,High-value,3,Do Not Lose,9
12456,44,3,1633,Switzerland,3181.04,3153.89,27.15000000000009,0.0085,3,3,5,335,11,High-value,3,Need Attention,6
12457,66,7,844,Switzerland,2363.23,1917.78,445.45000000000005,0.1885,3,5,4,354,12,High-value,3,Loyal Customers,2
12458,71,2,506,Switzerland,947.4,947.4,0.0,0.0,3,2,4,324,9,Mid-value,2,Hibernating,10
12461,94,2,287,Switzerland,826.88,826.88,0.0,0.0,2,2,3,223,7,Mid-value,2,Hibernating,10
12462,19,2,536,Spain,1189.59,1124.01,65.57999999999993,0.0551,4,2,4,424,10,High-value,3,Potential Champions,3
12463,53,4,776,Belgium,1344.78,1303.63,41.149999999999864,0.0306,3,4,4,344,11,High-value,3,Loyal Customers,2
12464,10,8,112,Belgium,1212.05,1212.05,0.0,0.0,5,5,4,554,14,High-value,3,Champions,1
12465,17,2,479,Belgium,742.19,733.89,8.300000000000068,0.0112,4,2,3,423,9,Mid-value,2,Potential Champions,3
12468,188,2,366,Germany,729.54,724.04,5.5,0.0075,1,2,3,123,6,Mid-value,2,Hibernating,10
12471,2,30,8200,Germany,19788.65,18705.52,1083.130000000001,0.0547,5,5,5,555,15,High-value,3,Champions,1
12472,32,7,4148,Germany,6572.11,6229.4800000000005,342.6299999999992,0.0521,4,5,5,455,14,High-value,3,Loyal Customers,2
12473,29,5,2414,Germany,3928.05,2837.73,1090.3200000000002,0.2776,4,4,5,445,13,High-value,3,Loyal Customers,2
12474,17,18,4833,Germany,7324.09,7064.77,259.3199999999997,0.0354,4,5,5,455,14,High-value,3,Loyal Customers,2
12475,54,1,535,Germany,723.38,723.38,0.0,0.0,3,1,3,313,7,Mid-value,2,Hibernating,10
12476,16,11,2408,Germany,6816.42,6546.58,269.84000000000015,0.0396,4,5,5,455,14,High-value,3,Loyal Customers,2
12477,23,6,3653,Germany,13219.74,13117.01,102.72999999999956,0.0078,4,4,5,445,13,High-value,3,Loyal Customers,2
12478,4,1,236,Greece,680.99,680.99,0.0,0.0,5,1,3,513,9,Mid-value,2,Hibernating,10
12479,11,1,385,Germany,527.2,477.3,49.900000000000034,0.0947,5,1,3,513,9,Mid-value,2,Hibernating,10
12480,28,4,1707,Germany,3281.63,3281.63,0.0,0.0,4,4,5,445,13,High-value,3,Loyal Customers,2
12481,23,10,3294,Germany,5579.82,5574.36,5.460000000000036,0.001,4,5,5,455,14,High-value,3,Loyal Customers,2
12483,17,8,1110,Sweden,2484.98,2327.13,157.8499999999999,0.0635,4,5,5,455,14,High-value,3,Loyal Customers,2
12484,33,6,2187,Spain,4527.32,4480.87,46.44999999999982,0.0103,4,4,5,445,13,High-value,3,Loyal Customers,2
12488,10,3,529,France,1298.66,1298.66,0.0,0.0,5,3,4,534,12,High-value,3,Potential Champions,3
12489,336,1,105,France,334.93,334.93,0.0,0.0,1,1,2,112,4,Low-value,1,Hibernating,10
12490,5,10,3064,France,5417.93,5417.93,0.0,0.0,5,5,5,555,15,High-value,3,Champions,1
12491,39,1,260,France,460.40000000000003,460.40000000000003,0.0,0.0,3,1,2,312,6,Mid-value,2,About to Sleep,7
12492,63,2,192,Germany,263.21000000000004,263.21000000000004,0.0,0.0,3,2,2,322,7,Mid-value,2,About to Sleep,7
12493,166,2,207,France,433.74,416.79,16.94999999999999,0.0391,2,2,2,222,6,Mid-value,2,Hibernating,10
12494,16,7,707,France,1246.1,1139.3500000000001,106.74999999999977,0.0857,4,5,4,454,13,High-value,3,Loyal Customers,2
12497,82,1,1236,Germany,1043.1,1043.1,0.0,0.0,2,1,4,214,7,Mid-value,2,Hibernating,10
12498,21,3,159,Germany,403.70000000000005,403.70000000000005,0.0,0.0,4,3,2,432,9,Mid-value,2,Potential Champions,3
12500,23,11,2678,Germany,4257.82,4206.2699999999995,51.55000000000018,0.0121,4,5,5,455,14,High-value,3,Loyal Customers,2
12501,337,1,1783,Germany,2169.39,2089.68,79.71000000000004,0.0367,1,1,5,115,7,Mid-value,2,Hibernating,10
12502,96,5,820,Spain,3723.87,3723.87,0.0,0.0,2,4,5,245,11,High-value,3,Do Not Lose,9
12504,18,2,90,Germany,482.04999999999995,114.0,368.04999999999995,0.7635,4,2,1,421,7,Mid-value,2,Promising,5
12506,233,1,23,France,73.5,73.5,0.0,0.0,1,1,1,111,3,Low-value,1,Hibernating,10
12507,134,3,905,Spain,1304.81,1258.06,46.75,0.0358,2,3,4,234,9,Mid-value,2,At Risk,8
12508,26,2,271,France,397.88,397.88,0.0,0.0,4,2,2,422,8,Mid-value,2,Potential Champions,3
12509,284,1,55,France,176.5,176.5,0.0,0.0,1,1,1,111,3,Low-value,1,Hibernating,10
12510,143,2,353,Spain,982.5699999999999,982.5699999999999,0.0,0.0,2,2,4,224,8,Mid-value,2,Hibernating,10
12512,66,2,96,Israel,132.18,132.18,0.0,0.0,3,2,1,321,6,Mid-value,2,About to Sleep,7
12513,113,1,462,France,612.29,586.79,25.5,0.0416,2,1,3,213,6,Mid-value,2,Hibernating,10
12514,267,1,440,Italy,1017.6800000000001,1017.6800000000001,0.0,0.0,1,1,4,114,6,Mid-value,2,Hibernating,10
12515,353,1,131,Italy,383.7,383.7,0.0,0.0,1,1,2,112,4,Low-value,1,Hibernating,10
12516,78,2,875,Germany,1312.06,1312.06,0.0,0.0,2,2,4,224,8,Mid-value,2,Hibernating,10
12517,28,5,1361,Germany,2481.6,2443.65,37.94999999999982,0.0153,4,4,5,445,13,High-value,3,Loyal Customers,2
12518,1,5,1318,Germany,2056.89,2056.89,0.0,0.0,5,4,5,545,14,High-value,3,Champions,1
12519,64,1,175,Germany,330.84000000000003,330.84000000000003,0.0,0.0,3,1,2,312,6,Mid-value,2,About to Sleep,7
12520,79,5,1439,Germany,2634.26,2582.51,51.75,0.0196,2,4,5,245,11,High-value,3,Do Not Lose,9
12521,143,1,309,Germany,599.68,599.68,0.0,0.0,2,1,3,213,6,Mid-value,2,Hibernating,10
12522,39,2,194,Germany,192.72,192.72,0.0,0.0,3,2,1,321,6,Mid-value,2,About to Sleep,7
12523,19,11,865,France,1789.77,1745.57,44.200000000000045,0.0247,4,5,4,454,13,High-value,3,Loyal Customers,2
12524,9,8,3699,Germany,4485.72,4485.72,0.0,0.0,5,5,5,555,15,High-value,3,Champions,1
12526,1,3,632,Germany,1316.66,1316.66,0.0,0.0,5,3,4,534,12,High-value,3,Potential Champions,3
12527,82,3,234,Germany,348.71000000000004,348.71000000000004,0.0,0.0,2,3,2,232,7,Mid-value,2,Hibernating,10
12528,9,6,756,Germany,1933.48,1922.28,11.200000000000045,0.0058,5,4,4,544,13,High-value,3,Champions,1
12530,60,4,913,Germany,1662.28,1623.63,38.649999999999864,0.0233,3,4,4,344,11,High-value,3,Loyal Customers,2
12531,15,1,45,Germany,125.22,125.22,0.0,0.0,4,1,1,411,6,Mid-value,2,Promising,5
12532,30,1,153,France,349.83000000000004,349.83000000000004,0.0,0.0,4,1,2,412,7,Mid-value,2,Promising,5
12534,131,1,651,Germany,1089.18,1089.18,0.0,0.0,2,1,4,214,7,Mid-value,2,Hibernating,10
12535,92,2,219,France,716.35,716.35,0.0,0.0,2,2,3,223,7,Mid-value,2,Hibernating,10
12536,43,3,2803,France,12601.830000000002,4106.82,8495.010000000002,0.6741,3,3,5,335,11,High-value,3,Need Attention,6
12538,29,1,191,Spain,363.95,363.95,0.0,0.0,4,1,2,412,7,Mid-value,2,Promising,5
12539,22,4,2067,Spain,5568.35,3852.5,1715.8500000000004,0.3081,4,4,5,445,13,High-value,3,Loyal Customers,2
12540,20,17,6685,Spain,13400.24,13309.04,91.19999999999891,0.0068,4,5,5,455,14,High-value,3,Loyal Customers,2
12541,30,3,680,Spain,981.18,981.18,0.0,0.0,4,3,4,434,11,High-value,3,Potential Champions,3
12544,36,1,136,Spain,372.7,355.7,17.0,0.0456,3,1,2,312,6,Mid-value,2,About to Sleep,7
12545,75,2,523,Spain,1000.39,1000.39,0.0,0.0,2,2,4,224,8,Mid-value,2,Hibernating,10
12546,47,2,633,Spain,1161.5,1141.5,20.0,0.0172,3,2,4,324,9,Mid-value,2,Hibernating,10
12547,198,2,134,Spain,207.8,207.8,0.0,0.0,1,2,1,121,4,Low-value,1,Hibernating,10
12548,166,1,49,Spain,95.19999999999999,95.19999999999999,0.0,0.0,2,1,1,211,4,Low-value,1,Hibernating,10
12550,79,1,569,Spain,964.83,964.83,0.0,0.0,2,1,4,214,7,Mid-value,2,Hibernating,10
12551,358,1,100,Spain,168.0,168.0,0.0,0.0,1,1,1,111,3,Low-value,1,Hibernating,10
12552,39,2,88,Italy,437.82,437.82,0.0,0.0,3,2,2,322,7,Mid-value,2,About to Sleep,7
12553,8,10,1965,France,3692.28,3652.25,40.0300000000002,0.0108,5,5,5,555,15,High-value,3,Champions,1
12556,50,2,355,Spain,599.56,599.56,0.0,0.0,3,2,3,323,8,Mid-value,2,Hibernating,10
12557,16,5,4384,Spain,11990.960000000001,11990.960000000001,0.0,0.0,4,4,5,445,13,High-value,3,Loyal Customers,2
12558,8,1,196,USA,269.96,1.0658141036401503e-14,269.96,1.0,5,1,1,511,7,Mid-value,2,New Customers,4
12559,311,2,283,Germany,561.71,536.21,25.5,0.0454,1,2,3,123,6,Mid-value,2,Hibernating,10
12560,5,3,1110,Germany,2134.01,2101.39,32.620000000000346,0.0153,5,3,5,535,13,High-value,3,Potential Champions,3
12561,303,1,177,Germany,238.85,238.85,0.0,0.0,1,1,1,111,3,Low-value,1,Hibernating,10
12562,8,7,1779,France,3781.7400000000002,3781.7400000000002,0.0,0.0,5,5,5,555,15,High-value,3,Champions,1
12564,261,1,133,France,456.90000000000003,456.90000000000003,0.0,0.0,1,1,2,112,4,Low-value,1,Hibernating,10
12565,289,1,80,Saudi Arabia,145.92000000000002,131.17000000000002,14.75,0.1011,1,1,1,111,3,Low-value,1,Hibernating,10
12566,86,1,265,Germany,351.65,346.7,4.949999999999989,0.0141,2,1,2,212,5,Mid-value,2,Hibernating,10
12567,23,10,4305,France,9401.28,9114.94,286.34000000000015,0.0305,4,5,5,455,14,High-value,3,Loyal Customers,2
12569,2,32,1801,Germany,4124.6900000000005,4064.9900000000002,59.70000000000027,0.0145,5,5,5,555,15,High-value,3,Champions,1
12571,40,2,523,France,519.61,519.61,0.0,0.0,3,2,3,323,8,Mid-value,2,Hibernating,10
12572,9,2,452,Germany,1020.4200000000001,1004.72,15.700000000000045,0.0154,5,2,4,524,11,High-value,3,Potential Champions,3
12573,227,1,84,France,160.54000000000002,160.54000000000002,0.0,0.0,1,1,1,111,3,Low-value,1,Hibernating,10
12574,316,1,61,France,218.45000000000002,218.45000000000002,0.0,0.0,1,1,1,111,3,Low-value,1,Hibernating,10
12576,36,5,967,Poland,1315.83,1306.98,8.849999999999909,0.0067,3,4,4,344,11,High-value,3,Loyal Customers,2
12577,35,3,469,France,626.6,564.2,62.39999999999998,0.0996,3,3,3,333,9,Mid-value,2,Need Attention,6
12578,21,2,1196,Italy,2794.51,2753.36,41.15000000000009,0.0147,4,2,5,425,11,High-value,3,Potential Champions,3
12579,78,1,285,France,440.42,410.72,29.69999999999999,0.0674,2,1,2,212,5,Mid-value,2,Hibernating,10
12580,247,1,238,Germany,415.7,415.7,0.0,0.0,1,1,2,112,4,Low-value,1,Hibernating,10
12581,40,1,161,Germany,197.71,197.71,0.0,0.0,3,1,1,311,5,Mid-value,2,About to Sleep,7
12582,239,2,300,Finland,511.36,511.36,0.0,0.0,1,2,3,123,6,Mid-value,2,Hibernating,10
12583,3,15,5060,France,7281.38,7187.34,94.03999999999996,0.0129,5,5,5,555,15,High-value,3,Champions,1
12584,4,9,416,Italy,2338.15,1893.95,444.20000000000005,0.19,5,5,4,554,14,High-value,3,Champions,1
12585,234,2,1279,Germany,2040.1,1982.81,57.289999999999964,0.0281,1,2,4,124,7,Mid-value,2,Hibernating,10
12586,17,1,79,Italy,196.94000000000003,179.94000000000003,17.0,0.0863,4,1,1,411,6,Mid-value,2,Promising,5
12587,8,1,51,Finland,144.0,144.0,0.0,0.0,5,1,1,511,7,Mid-value,2,New Customers,4
12588,39,1,53,Finland,214.89999999999998,214.89999999999998,0.0,0.0,3,1,1,311,5,Mid-value,2,About to Sleep,7
12589,29,2,306,France,646.68,646.68,0.0,0.0,4,2,3,423,9,Mid-value,2,Potential Champions,3
12590,211,2,4283,Germany,9864.26,9861.38,2.8800000000010186,0.0003,1,2,5,125,8,Mid-value,2,Hibernating,10
12591,317,1,228,Italy,452.84999999999997,452.84999999999997,0.0,0.0,1,1,2,112,4,Low-value,1,Hibernating,10
12592,92,2,290,Germany,437.6,437.6,0.0,0.0,2,2,2,222,6,Mid-value,2,Hibernating,10
12593,109,3,206,France,418.1,418.1,0.0,0.0,2,3,2,232,7,Mid-value,2,Hibernating,10
12594,38,10,1777,Italy,3338.2200000000003,3320.2200000000003,18.0,0.0054,3,5,5,355,13,High-value,3,Loyal Customers,2
12596,51,2,474,Spain,618.27,618.27,0.0,0.0,3,2,3,323,8,Mid-value,2,Hibernating,10
12597,19,4,2236,Spain,3811.22,3683.13,128.0899999999997,0.0336,4,4,5,445,13,High-value,3,Loyal Customers,2
12598,10,8,1964,France,3023.08,3002.68,20.40000000000009,0.0067,5,5,5,555,15,High-value,3,Champions,1
12599,29,7,956,France,1032.58,1032.58,0.0,0.0,4,5,4,454,13,High-value,3,Loyal Customers,2
12600,29,10,774,Germany,2599.04,2581.04,18.0,0.0069,4,5,5,455,14,High-value,3,Loyal Customers,2
12601,190,5,245,Germany,577.0600000000001,569.5600000000001,7.5,0.013,1,4,3,143,8,Mid-value,2,At Risk,8
12602,59,1,162,France,153.12,153.12,0.0,0.0,3,1,1,311,5,Mid-value,2,About to Sleep,7
12603,22,1,64,Germany,739.1999999999999,739.1999999999999,0.0,0.0,4,1,3,413,8,Mid-value,2,Hibernating,10
12604,79,2,201,France,254.18,254.18,0.0,0.0,2,2,2,222,6,Mid-value,2,Hibernating,10
12607,60,1,1228,USA,1579.51,7.105427357601002e-15,1579.51,1.0,3,1,1,311,5,Mid-value,2,About to Sleep,7
12609,78,3,648,Germany,1126.85,1126.85,0.0,0.0,2,3,4,234,9,Mid-value,2,At Risk,8
12610,23,5,1049,Italy,2099.54,2057.99,41.55000000000018,0.0198,4,4,5,445,13,High-value,3,Loyal Customers,2
12611,52,1,846,Italy,1193.32,1193.32,0.0,0.0,3,1,4,314,8,Mid-value,2,Hibernating,10
12612,74,1,262,Germany,704.04,643.59,60.44999999999993,0.0859,2,1,3,213,6,Mid-value,2,Hibernating,10
12613,57,5,1644,Germany,3344.38,3218.98,125.40000000000009,0.0375,3,4,5,345,12,High-value,3,Loyal Customers,2
12614,278,1,76,Germany,315.6,315.6,0.0,0.0,1,1,2,112,4,Low-value,1,Hibernating,10
12615,2,4,1376,France,2291.19,2291.19,0.0,0.0,5,4,5,545,14,High-value,3,Champions,1
12616,95,2,284,France,713.3,657.25,56.049999999999955,0.0786,2,2,3,223,7,Mid-value,2,Hibernating,10
12617,29,1,210,France,352.98,352.98,0.0,0.0,4,1,2,412,7,Mid-value,2,Promising,5
12618,22,1,96,Italy,177.31,177.31,0.0,0.0,4,1,1,411,6,Mid-value,2,Promising,5
12619,16,9,3378,Germany,3641.24,3214.81,426.42999999999984,0.1171,4,5,5,455,14,High-value,3,Loyal Customers,2
12620,15,3,1181,France,1339.41,1339.41,0.0,0.0,4,3,4,434,11,High-value,3,Potential Champions,3
12621,2,20,7440,Germany,13689.67,13612.07,77.60000000000036,0.0057,5,5,5,555,15,High-value,3,Champions,1
12622,232,1,69,Germany,180.1,180.1,0.0,0.0,1,1,1,111,3,Low-value,1,Hibernating,10
12623,276,1,191,Germany,305.1,305.1,0.0,0.0,1,1,2,112,4,Low-value,1,Hibernating,10
12624,106,2,355,France,641.13,641.13,0.0,0.0,2,2,3,223,7,Mid-value,2,Hibernating,10
12625,212,2,1612,Germany,2683.82,2614.32,69.5,0.0259,1,2,5,125,8,Mid-value,2,Hibernating,10
12626,23,9,3453,Germany,6620.4800000000005,6388.35,232.1300000000001,0.0351,4,5,5,455,14,High-value,3,Loyal Customers,2
12627,11,7,2752,Germany,4478.53,4478.53,0.0,0.0,5,5,5,555,15,High-value,3,Champions,1
12628,4,3,448,Germany,786.46,769.61,16.850000000000023,0.0214,5,3,3,533,11,High-value,3,Potential Champions,3
12630,10,2,548,Finland,1270.88,1270.88,0.0,0.0,5,2,4,524,11,High-value,3,Potential Champions,3
12631,57,1,236,Finland,640.5,640.5,0.0,0.0,3,1,3,313,7,Mid-value,2,Hibernating,10
12633,59,4,1162,Germany,2163.98,2140.63,23.34999999999991,0.0108,3,4,5,345,12,High-value,3,Loyal Customers,2
12635,90,2,1172,Germany,1689.18,1689.18,0.0,0.0,2,2,4,224,8,Mid-value,2,Hibernating,10
12637,67,8,2994,France,6002.9,5934.25,68.64999999999964,0.0114,3,5,5,355,13,High-value,3,Loyal Customers,2
12638,33,1,577,Sweden,671.69,671.69,0.0,0.0,4,1,3,413,8,Mid-value,2,Hibernating,10
12639,239,1,201,Sweden,486.1,486.1,0.0,0.0,1,1,3,113,5,Mid-value,2,Hibernating,10
12640,24,3,311,France,1174.58,1174.58,0.0,0.0,4,3,4,434,11,High-value,3,Potential Champions,3
12641,115,1,72,Sweden,185.9,185.9,0.0,0.0,2,1,1,211,4,Low-value,1,Hibernating,10
12642,25,3,552,Germany,1013.26,1013.26,0.0,0.0,4,3,4,434,11,High-value,3,Potential Champions,3
12643,128,6,1808,France,3344.64,3344.64,0.0,0.0,2,4,5,245,11,High-value,3,Do Not Lose,9
12644,130,1,325,Germany,477.90999999999997,477.90999999999997,0.0,0.0,2,1,3,213,6,Mid-value,2,Hibernating,10
12645,34,4,1084,Germany,1775.18,1755.38,19.799999999999955,0.0112,3,4,4,344,11,High-value,3,Loyal Customers,2
12646,5,2,897,USA,1346.97,1346.97,0.0,0.0,5,2,4,524,11,High-value,3,Potential Champions,3
12647,22,12,1432,Germany,3722.82,3669.92,52.90000000000009,0.0142,4,5,5,455,14,High-value,3,Loyal Customers,2
12648,155,1,160,Germany,318.05,318.05,0.0,0.0,2,1,2,212,5,Mid-value,2,Hibernating,10
12649,107,3,586,Germany,623.51,603.71,19.799999999999955,0.0318,2,3,3,233,8,Mid-value,2,At Risk,8
12650,3,1,254,France,314.44,314.44,0.0,0.0,5,1,2,512,8,Mid-value,2,New Customers,4
12651,335,1,78,France,114.0,114.0,0.0,0.0,1,1,1,111,3,Low-value,1,Hibernating,10
12652,331,1,505,France,919.98,914.5300000000001,5.449999999999932,0.0059,1,1,4,114,6,Mid-value,2,Hibernating,10
12653,149,2,919,Israel,2209.85,2209.85,0.0,0.0,2,2,5,225,9,Mid-value,2,Hibernating,10
12654,11,5,264,Germany,601.98,601.98,0.0,0.0,5,4,3,543,12,High-value,3,Potential Champions,3
12656,17,5,1723,France,4051.17,3982.72,68.45000000000027,0.0169,4,4,5,445,13,High-value,3,Loyal Customers,2
12657,11,4,1044,France,1643.18,1152.06,491.1200000000001,0.2989,5,4,4,544,13,High-value,3,Champions,1
12658,19,1,320,Germany,686.05,686.05,0.0,0.0,4,1,3,413,8,Mid-value,2,Hibernating,10
12659,30,1,105,France,91.68,91.68,0.0,0.0,4,1,1,411,6,Mid-value,2,Promising,5
12660,11,1,127,France,245.10000000000002,245.10000000000002,0.0,0.0,5,1,2,512,8,Mid-value,2,New Customers,4
12662,1,11,2058,Germany,3849.78,3817.08,32.70000000000027,0.0085,5,5,5,555,15,High-value,3,Champions,1
12664,8,9,1203,Finland,4881.88,4863.88,18.0,0.0037,5,5,5,555,15,High-value,3,Champions,1
12665,325,1,37,Germany,63.0,61.75,1.25,0.0198,1,1,1,111,3,Low-value,1,Hibernating,10
12667,58,1,395,Finland,620.13,620.13,0.0,0.0,3,1,3,313,7,Mid-value,2,Hibernating,10
12668,12,4,1634,Germany,3807.15,3743.1800000000003,63.9699999999998,0.0168,5,4,5,545,14,High-value,3,Champions,1
12669,151,3,1115,France,2744.0299999999997,1607.73,1136.2999999999997,0.4141,2,3,4,234,9,Mid-value,2,At Risk,8
12670,10,5,1397,France,2996.05,2986.15,9.900000000000091,0.0033,5,4,5,545,14,High-value,3,Champions,1
12672,330,1,78,France,225.9,225.9,0.0,0.0,1,1,1,111,3,Low-value,1,Hibernating,10
12673,5,2,351,Germany,610.52,610.52,0.0,0.0,5,2,3,523,10,High-value,3,Potential Champions,3
12674,39,4,1133,France,1970.6,1922.26,48.33999999999992,0.0245,3,4,4,344,11,High-value,3,Loyal Customers,2
12676,25,6,670,Sweden,1331.39,1331.39,0.0,0.0,4,4,4,444,12,High-value,3,Loyal Customers,2
12678,42,12,10923,France,17628.46,17588.26,40.20000000000073,0.0023,3,5,5,355,13,High-value,3,Loyal Customers,2
12679,59,4,554,France,1113.02,1058.67,54.34999999999991,0.0488,3,4,4,344,11,High-value,3,Loyal Customers,2
12680,1,4,443,France,862.81,862.81,0.0,0.0,5,4,3,543,12,High-value,3,Potential Champions,3
12681,15,22,7536,France,13787.54,13677.59,109.95000000000073,0.008,4,5,5,455,14,High-value,3,Loyal Customers,2
12682,4,31,5555,France,12279.82,12279.82,0.0,0.0,5,5,5,555,15,High-value,3,Champions,1
12683,4,15,4987,France,8476.57,8221.09,255.47999999999956,0.0301,5,5,5,555,15,High-value,3,Champions,1
12684,8,7,1985,France,2283.63,2283.63,0.0,0.0,5,5,5,555,15,High-value,3,Champions,1
12685,28,6,1523,France,2863.08,2863.08,0.0,0.0,4,4,5,445,13,High-value,3,Loyal Customers,2
12686,372,1,107,France,89.14,89.14,0.0,0.0,1,1,1,111,3,Low-value,1,Hibernating,10
12688,114,1,3028,Israel,4873.81,4873.81,0.0,0.0,2,1,5,215,8,Mid-value,2,Hibernating,10
12689,26,2,628,France,1247.6100000000001,1247.6100000000001,0.0,0.0,4,2,4,424,10,High-value,3,Potential Champions,3
12690,206,1,106,France,389.01,389.01,0.0,0.0,1,1,2,112,4,Low-value,1,Hibernating,10
12691,28,6,394,France,1035.8,1035.8,0.0,0.0,4,4,4,444,12,High-value,3,Loyal Customers,2
12693,127,4,255,Germany,855.91,830.96,24.949999999999932,0.0292,2,4,3,243,9,Mid-value,2,At Risk,8
12694,70,2,509,France,869.67,869.67,0.0,0.0,3,2,3,323,8,Mid-value,2,Hibernating,10
12695,7,4,220,France,582.1,582.1,0.0,0.0,5,4,3,543,12,High-value,3,Potential Champions,3
12697,29,3,508,Sweden,957.59,939.02,18.57000000000005,0.0194,4,3,4,434,11,High-value,3,Potential Champions,3
12700,8,4,2967,France,4939.99,4867.99,72.0,0.0146,5,4,5,545,14,High-value,3,Champions,1
12701,80,2,678,Germany,797.71,797.71,0.0,0.0,2,2,3,223,7,Mid-value,2,Hibernating,10
12702,20,1,53,Germany,219.0,219.0,0.0,0.0,4,1,1,411,6,Mid-value,2,Promising,5
12703,71,1,164,Germany,283.55,274.7,8.850000000000023,0.0312,3,1,2,312,6,Mid-value,2,About to Sleep,7
12704,7,8,1006,Finland,2340.84,2220.84,120.0,0.0513,5,5,5,555,15,High-value,3,Champions,1
12705,15,9,3997,Germany,6868.29,6814.24,54.05000000000018,0.0079,4,5,5,455,14,High-value,3,Loyal Customers,2
12707,292,1,256,France,603.42,603.42,0.0,0.0,1,1,3,113,5,Mid-value,2,Hibernating,10
12708,30,10,1307,Germany,2712.91,2616.32,96.58999999999969,0.0356,4,5,5,455,14,High-value,3,Loyal Customers,2
12709,15,15,3912,Germany,9706.52,9264.1,442.4200000000001,0.0456,4,5,5,455,14,High-value,3,Loyal Customers,2
12710,97,3,851,Germany,1149.02,1130.57,18.450000000000045,0.0161,2,3,4,234,9,Mid-value,2,At Risk,8
12712,29,13,1062,Germany,4396.13,4241.63,154.5,0.0351,4,5,5,455,14,High-value,3,Loyal Customers,2
12713,1,1,508,Germany,848.55,848.55,0.0,0.0,5,1,3,513,9,Mid-value,2,Hibernating,10
12714,9,5,3069,France,4708.86,4708.86,0.0,0.0,5,4,5,545,14,High-value,3,Champions,1
12715,106,1,192,Sweden,343.36,343.36,0.0,0.0,2,1,2,212,5,Mid-value,2,Hibernating,10
12716,4,2,708,France,1053.49,1053.49,0.0,0.0,5,2,4,524,11,High-value,3,Potential Champions,3
12717,151,2,506,Greece,1030.98,980.98,50.0,0.0485,2,2,4,224,8,Mid-value,2,Hibernating,10
12718,71,1,203,France,238.25,238.25,0.0,0.0,3,1,1,311,5,Mid-value,2,About to Sleep,7
12719,5,2,374,France,644.95,608.1,36.85000000000002,0.0571,5,2,3,523,10,High-value,3,Potential Champions,3
12720,3,25,4672,Germany,5781.7300000000005,5713.28,68.45000000000073,0.0118,5,5,5,555,15,High-value,3,Champions,1
12721,32,6,1959,France,2656.13,2628.98,27.15000000000009,0.0102,4,4,5,445,13,High-value,3,Loyal Customers,2
12722,85,4,566,France,997.63,904.33,93.29999999999995,0.0935,2,4,3,243,9,Mid-value,2,At Risk,8
12723,4,5,434,France,725.07,725.07,0.0,0.0,5,4,3,543,12,High-value,3,Potential Champions,3
12724,5,4,445,France,1031.41,1031.41,0.0,0.0,5,4,4,544,13,High-value,3,Champions,1
12725,371,1,164,Italy,427.8,427.8,0.0,0.0,1,1,2,112,4,Low-value,1,Hibernating,10
12726,28,7,3143,France,2609.1,2609.1,0.0,0.0,4,5,5,455,14,High-value,3,Loyal Customers,2
12727,11,7,2098,France,3980.7000000000003,3947.7000000000003,33.0,0.0083,5,5,5,555,15,High-value,3,Champions,1
12728,71,4,419,France,836.33,836.33,0.0,0.0,3,4,3,343,10,High-value,3,Need Attention,6
12729,114,1,233,France,453.01,453.01,0.0,0.0,2,1,2,212,5,Mid-value,2,Hibernating,10
12731,24,12,8437,France,18895.91,18793.41,102.5,0.0054,4,5,5,455,14,High-value,3,Loyal Customers,2
12732,180,1,111,France,236.26000000000002,236.26000000000002,0.0,0.0,1,1,1,111,3,Low-value,1,Hibernating,10
12733,234,1,137,USA,383.95,383.95,0.0,0.0,1,1,2,112,4,Low-value,1,Hibernating,10
12734,353,1,88,France,110.39999999999999,110.39999999999999,0.0,0.0,1,1,1,111,3,Low-value,1,Hibernating,10
12735,315,2,368,France,779.5699999999999,779.5699999999999,0.0,0.0,1,2,3,123,6,Mid-value,2,Hibernating,10
12736,333,1,173,France,234.0,234.0,0.0,0.0,1,1,1,111,3,Low-value,1,Hibernating,10
12738,372,1,148,Germany,155.35,155.35,0.0,0.0,1,1,1,111,3,Low-value,1,Hibernating,10
12739,78,2,486,United Arab Emirates,1013.04,1013.04,0.0,0.0,2,2,4,224,8,Mid-value,2,Hibernating,10
12740,64,1,342,France,427.6,427.6,0.0,0.0,3,1,2,312,6,Mid-value,2,About to Sleep,7
12743,134,2,315,Unspecified,540.13,540.13,0.0,0.0,2,2,3,223,7,Mid-value,2,Hibernating,10
12744,52,7,5241,Singapore,21279.29,9120.39,12158.900000000001,0.5714,3,5,5,355,13,High-value,3,Loyal Customers,2
12747,2,11,1275,United Kingdom,4196.01,4196.01,0.0,0.0,5,5,5,555,15,High-value,3,Champions,1
12748,1,210,25288,United Kingdom,33053.19,28405.56,4647.630000000001,0.1406,5,5,5,555,15,High-value,3,Champions,1
12749,4,5,1471,United Kingdom,4090.88,3868.2,222.6800000000003,0.0544,5,4,5,545,14,High-value,3,Champions,1
12750,129,1,137,Poland,275.88,275.88,0.0,0.0,2,1,2,212,5,Mid-value,2,Hibernating,10
12752,81,1,2262,Norway,4366.78,4366.78,0.0,0.0,2,1,5,215,8,Mid-value,2,Hibernating,10
12753,23,6,11421,Japan,21429.39,21024.01,405.380000000001,0.0189,4,4,5,445,13,High-value,3,Loyal Customers,2
12754,236,3,6481,Japan,3010.74,2949.12,61.61999999999989,0.0205,1,3,5,135,9,Mid-value,2,At Risk,8
12755,281,2,1491,Japan,3811.9500000000003,2203.2000000000003,1608.75,0.422,1,2,5,125,8,Mid-value,2,Hibernating,10
12756,87,1,144,Japan,112.08,112.08,0.0,0.0,2,1,1,211,4,Low-value,1,Hibernating,10
12757,16,13,2395,Portugal,7834.650000000001,4205.25,3629.4000000000005,0.4632,4,5,5,455,14,High-value,3,Loyal Customers,2
12758,117,2,2135,Portugal,2791.59,2791.59,0.0,0.0,2,2,5,225,9,Mid-value,2,Hibernating,10
12759,52,3,902,Netherlands,1531.44,1531.44,0.0,0.0,3,3,4,334,10,High-value,3,Need Attention,6
12762,8,2,1227,Portugal,1898.52,1898.52,0.0,0.0,5,2,4,524,11,High-value,3,Potential Champions,3
12763,138,2,316,Japan,494.08,494.08,0.0,0.0,2,2,3,223,7,Mid-value,2,Hibernating,10
12764,317,1,386,Lebanon,1693.88,1693.88,0.0,0.0,1,1,4,114,6,Mid-value,2,Hibernating,10
12766,4,7,3646,Portugal,6989.63,6989.63,0.0,0.0,5,5,5,555,15,High-value,3,Champions,1
12769,239,1,356,Brazil,1143.6,1143.6,0.0,0.0,1,1,4,114,6,Mid-value,2,Hibernating,10
12770,211,1,743,Japan,1351.45,1351.45,0.0,0.0,1,1,4,114,6,Mid-value,2,Hibernating,10
12772,60,1,556,Portugal,892.47,892.47,0.0,0.0,3,1,3,313,7,Mid-value,2,Hibernating,10
12775,17,5,877,Netherlands,1386.04,1351.24,34.799999999999955,0.0251,4,4,4,444,12,High-value,3,Loyal Customers,2
12778,20,6,825,Netherlands,822.23,804.23,18.0,0.0219,4,4,3,443,11,High-value,3,Potential Champions,3
12779,38,8,2024,Poland,3981.36,3868.7,112.66000000000031,0.0283,3,5,5,355,13,High-value,3,Loyal Customers,2
12781,64,2,671,Czech Republic,826.74,707.72,119.01999999999998,0.144,3,2,3,323,8,Mid-value,2,Hibernating,10
12782,5,5,1086,Portugal,2330.92,2273.32,57.59999999999991,0.0247,5,4,5,545,14,High-value,3,Champions,1
12783,2,6,624,Portugal,2225.91,1603.87,622.04,0.2795,5,4,4,544,13,High-value,3,Champions,1
12784,9,2,280,Portugal,532.82,532.82,0.0,0.0,5,2,3,523,10,High-value,3,Potential Champions,3
12785,364,1,131,Portugal,311.95,305.71,6.240000000000009,0.02,1,1,2,112,4,Low-value,1,Hibernating,10
12787,10,3,261,Netherlands,463.66,463.66,0.0,0.0,5,3,2,532,10,High-value,3,Potential Champions,3
12789,65,1,4,Netherlands,91.85,91.85,0.0,0.0,3,1,1,311,5,Mid-value,2,About to Sleep,7
12790,192,1,166,Netherlands,324.92,324.92,0.0,0.0,1,1,2,112,4,Low-value,1,Hibernating,10
12791,374,1,97,Netherlands,192.60000000000002,192.60000000000002,0.0,0.0,1,1,1,111,3,Low-value,1,Hibernating,10
12792,257,1,217,Portugal,400.54,400.54,0.0,0.0,1,1,2,112,4,Low-value,1,Hibernating,10
12793,335,2,295,Portugal,545.48,545.48,0.0,0.0,1,2,3,123,6,Mid-value,2,Hibernating,10
12794,53,2,592,Portugal,860.41,860.41,0.0,0.0,3,2,3,323,8,Mid-value,2,Hibernating,10
12795,19,1,68,Portugal,430.48,430.48,0.0,0.0,4,1,2,412,7,Mid-value,2,Promising,5
12797,366,1,118,Portugal,254.03,194.18,59.849999999999994,0.2356,1,1,1,111,3,Low-value,1,Hibernating,10
12798,10,3,5256,Japan,6977.04,6977.04,0.0,0.0,5,3,5,535,13,High-value,3,Potential Champions,3
12802,187,1,314,Netherlands,427.58,412.58,15.0,0.0351,1,1,2,112,4,Low-value,1,Hibernating,10
12808,37,3,188,Portugal,483.65000000000003,483.65000000000003,0.0,0.0,3,3,3,333,9,Mid-value,2,Need Attention,6
12809,178,1,220,Portugal,489.31,484.36,4.949999999999989,0.0101,2,1,3,213,6,Mid-value,2,Hibernating,10
12811,261,3,230,Portugal,514.85,514.85,0.0,0.0,1,3,3,133,7,Mid-value,2,At Risk,8
12812,45,1,164,Japan,229.64000000000001,229.64000000000001,0.0,0.0,3,1,1,311,5,Mid-value,2,About to Sleep,7
12814,102,1,49,Poland,125.92,125.92,0.0,0.0,2,1,1,211,4,Low-value,1,Hibernating,10
12815,148,2,379,Poland,1063.46,1063.46,0.0,0.0,2,2,4,224,8,Mid-value,2,Hibernating,10
12816,96,2,128,Poland,572.2,572.2,0.0,0.0,2,2,3,223,7,Mid-value,2,Hibernating,10
12817,281,1,53,Austria,166.04000000000002,166.04000000000002,0.0,0.0,1,1,1,111,3,Low-value,1,Hibernating,10
12818,262,1,929,Austria,1542.08,1517.88,24.199999999999818,0.0157,1,1,4,114,6,Mid-value,2,Hibernating,10
12820,3,4,722,United Kingdom,942.34,942.34,0.0,0.0,5,4,4,544,13,High-value,3,Champions,1
12821,214,1,70,United Kingdom,92.72,92.72,0.0,0.0,1,1,1,111,3,Low-value,1,Hibernating,10
12822,71,2,550,United Kingdom,948.88,918.98,29.899999999999977,0.0315,3,2,4,324,9,Mid-value,2,Hibernating,10
12823,75,5,230,United Kingdom,1759.5,1759.5,0.0,0.0,2,4,4,244,10,High-value,3,Do Not Lose,9
12824,60,1,232,United Kingdom,397.12,397.12,0.0,0.0,3,1,2,312,6,Mid-value,2,About to Sleep,7
12826,3,7,1058,United Kingdom,1474.72,1468.1200000000001,6.599999999999909,0.0045,5,5,4,554,14,High-value,3,Champions,1
12827,6,3,197,United Kingdom,430.15,430.15,0.0,0.0,5,3,2,532,10,High-value,3,Potential Champions,3
12828,3,6,494,United Kingdom,1018.71,1018.71,0.0,0.0,5,4,4,544,13,High-value,3,Champions,1
12829,337,2,376,United Kingdom,293.0,253.05,39.94999999999999,0.1363,1,2,2,122,5,Mid-value,2,Hibernating,10
12830,38,6,9848,United Kingdom,6814.64,6748.4,66.24000000000069,0.0097,3,4,5,345,12,High-value,3,Loyal Customers,2
12831,262,1,135,United Kingdom,215.05,215.05,0.0,0.0,1,1,1,111,3,Low-value,1,Hibernating,10
12832,32,2,195,United Kingdom,383.03000000000003,383.03000000000003,0.0,0.0,4,2,2,422,8,Mid-value,2,Potential Champions,3
12833,145,1,156,United Kingdom,417.38,417.38,0.0,0.0,2,1,2,212,5,Mid-value,2,Hibernating,10
12834,283,1,110,United Kingdom,312.38,312.38,0.0,0.0,1,1,2,112,4,Low-value,1,Hibernating,10
12836,59,4,1062,United Kingdom,2610.36,2610.36,0.0,0.0,3,4,5,345,12,High-value,3,Loyal Customers,2
12837,173,1,24,United Kingdom,134.1,134.1,0.0,0.0,2,1,1,211,4,Low-value,1,Hibernating,10
12838,34,2,355,United Kingdom,671.95,671.95,0.0,0.0,3,2,3,323,8,Mid-value,2,Hibernating,10
12839,3,14,3807,United Kingdom,5591.42,5583.62,7.800000000000182,0.0014,5,5,5,555,15,High-value,3,Champions,1
12840,144,4,1511,United Kingdom,2726.77,2714.27,12.5,0.0046,2,4,5,245,11,High-value,3,Do Not Lose,9
12841,5,25,2720,United Kingdom,3991.58,3845.63,145.94999999999982,0.0366,5,5,5,555,15,High-value,3,Champions,1
12842,70,2,547,United Kingdom,1118.99,1118.99,0.0,0.0,3,2,4,324,9,Mid-value,2,Hibernating,10
12843,66,8,781,United Kingdom,1702.26,1680.76,21.5,0.0126,3,5,4,354,12,High-value,3,Loyal Customers,2
12844,29,2,125,United Kingdom,325.96000000000004,325.96000000000004,0.0,0.0,4,2,2,422,8,Mid-value,2,Potential Champions,3
12845,267,4,204,United Kingdom,354.09000000000003,354.09000000000003,0.0,0.0,1,4,2,142,7,Mid-value,2,Hibernating,10
12847,22,1,873,United Kingdom,843.64,843.64,0.0,0.0,4,1,3,413,8,Mid-value,2,Hibernating,10
12849,31,2,597,United Kingdom,1010.29,1010.29,0.0,0.0,4,2,4,424,10,High-value,3,Potential Champions,3
12851,97,1,106,United Kingdom,131.81,131.81,0.0,0.0,2,1,1,211,4,Low-value,1,Hibernating,10
12852,295,1,149,United Kingdom,311.55,299.75,11.800000000000011,0.0379,1,1,2,112,4,Low-value,1,Hibernating,10
12853,135,6,800,United Kingdom,1957.1000000000001,1881.7,75.40000000000009,0.0385,2,4,4,244,10,High-value,3,Do Not Lose,9
12854,79,3,626,United Kingdom,1316.25,1280.9,35.34999999999991,0.0269,2,3,4,234,9,Mid-value,2,At Risk,8
12855,373,1,30,United Kingdom,38.1,38.1,0.0,0.0,1,1,1,111,3,Low-value,1,Hibernating,10
12856,8,6,1076,United Kingdom,2170.78,2153.53,17.25,0.0079,5,4,5,545,14,High-value,3,Champions,1
12857,211,2,343,United Kingdom,1106.4,1106.4,0.0,0.0,1,2,4,124,7,Mid-value,2,Hibernating,10
12863,52,1,188,United Kingdom,521.2,504.2,17.000000000000057,0.0326,3,1,3,313,7,Mid-value,2,Hibernating,10
12864,138,1,216,United Kingdom,147.12,147.12,0.0,0.0,2,1,1,211,4,Low-value,1,Hibernating,10
12865,26,2,925,Austria,1568.23,1548.07,20.160000000000082,0.0129,4,2,4,424,10,High-value,3,Potential Champions,3
12866,283,1,171,Belgium,559.12,559.12,0.0,0.0,1,1,3,113,5,Mid-value,2,Hibernating,10
12867,26,7,4284,United Kingdom,4009.34,3958.74,50.600000000000364,0.0126,4,5,5,455,14,High-value,3,Loyal Customers,2
12868,186,6,928,United Kingdom,1607.0600000000002,1607.0600000000002,0.0,0.0,1,4,4,144,9,Mid-value,2,Do Not Lose,9
12871,84,2,200,United Kingdom,380.64,380.64,0.0,0.0,2,2,2,222,6,Mid-value,2,Hibernating,10
12872,327,2,319,United Kingdom,599.97,599.97,0.0,0.0,1,2,3,123,6,Mid-value,2,Hibernating,10
12873,282,1,128,United Kingdom,374.0,374.0,0.0,0.0,1,1,2,112,4,Low-value,1,Hibernating,10
12875,143,2,2019,United Kingdom,343.2300000000001,343.2300000000001,0.0,0.0,2,2,2,222,6,Mid-value,2,Hibernating,10
12876,58,2,1941,Belgium,2218.02,2218.02,0.0,0.0,3,2,5,325,10,High-value,3,Hibernating,10
12877,4,12,1178,United Kingdom,1535.77,1535.77,0.0,0.0,5,5,4,554,14,High-value,3,Champions,1
12878,236,2,547,United Kingdom,854.99,841.64,13.350000000000023,0.0156,1,2,3,123,6,Mid-value,2,Hibernating,10
12879,45,3,370,United Kingdom,573.22,552.57,20.649999999999977,0.036,3,3,3,333,9,Mid-value,2,Need Attention,6
12881,276,1,21,United Kingdom,298.0,298.0,0.0,0.0,1,1,2,112,4,Low-value,1,Hibernating,10
12882,9,2,246,United Kingdom,1463.04,1463.04,0.0,0.0,5,2,4,524,11,High-value,3,Potential Champions,3
12883,25,4,196,United Kingdom,703.47,703.47,0.0,0.0,4,4,3,443,11,High-value,3,Potential Champions,3
12884,88,1,43,United Kingdom,309.05,309.05,0.0,0.0,2,1,2,212,5,Mid-value,2,Hibernating,10
12885,63,3,655,United Kingdom,1175.22,1158.27,16.950000000000045,0.0144,3,3,4,334,10,High-value,3,Need Attention,6
12886,68,2,770,United Kingdom,1378.4,1351.09,27.310000000000173,0.0198,3,2,4,324,9,Mid-value,2,Hibernating,10
12888,214,2,76,United Kingdom,354.12,313.77,40.35000000000002,0.1139,1,2,2,122,5,Mid-value,2,Hibernating,10
12890,24,1,256,United Kingdom,376.71999999999997,376.71999999999997,0.0,0.0,4,1,2,412,7,Mid-value,2,Promising,5
12891,186,3,950,United Kingdom,331.0,331.0,0.0,0.0,1,3,2,132,6,Mid-value,2,Hibernating,10
12893,31,1,90,United Kingdom,176.55,176.55,0.0,0.0,4,1,1,411,6,Mid-value,2,Promising,5
12895,42,2,210,United Kingdom,372.8,347.3,25.5,0.0684,3,2,2,322,7,Mid-value,2,About to Sleep,7
12897,205,2,110,United Kingdom,216.5,216.5,0.0,0.0,1,2,1,121,4,Low-value,1,Hibernating,10
12901,9,28,23075,United Kingdom,17654.54,16293.1,1361.4400000000005,0.0771,5,5,5,555,15,High-value,3,Champions,1
12902,265,1,66,United Kingdom,138.68,138.68,0.0,0.0,1,1,1,111,3,Low-value,1,Hibernating,10
12904,18,2,294,United Kingdom,496.06,496.06,0.0,0.0,4,2,3,423,9,Mid-value,2,Potential Champions,3
12906,12,5,1749,United Kingdom,2919.81,2919.81,0.0,0.0,5,4,5,545,14,High-value,3,Champions,1
12908,176,2,1200,United Kingdom,750.0,246.0,504.0,0.672,2,2,2,222,6,Mid-value,2,Hibernating,10
12909,40,5,1280,United Kingdom,2178.67,2128.83,49.840000000000146,0.0229,3,4,5,345,12,High-value,3,Loyal Customers,2
12910,23,8,1692,United Kingdom,3075.04,3075.04,0.0,0.0,4,5,5,455,14,High-value,3,Loyal Customers,2
12912,3,5,670,United Kingdom,1662.3,1662.3,0.0,0.0,5,4,4,544,13,High-value,3,Champions,1
12913,5,5,1419,United Kingdom,2483.63,2483.63,0.0,0.0,5,4,5,545,14,High-value,3,Champions,1
12915,149,2,93,United Kingdom,363.65,363.65,0.0,0.0,2,2,2,222,6,Mid-value,2,Hibernating,10
12916,139,4,1083,United Kingdom,2944.95,2921.15,23.799999999999727,0.0081,2,4,5,245,11,High-value,3,Do Not Lose,9
12917,128,1,120,United Kingdom,594.0,594.0,0.0,0.0,2,1,3,213,6,Mid-value,2,Hibernating,10
12919,8,6,673,United Kingdom,1335.19,1301.44,33.75,0.0253,5,4,4,544,13,High-value,3,Champions,1
12920,17,1,128,United Kingdom,162.78,162.78,0.0,0.0,4,1,1,411,6,Mid-value,2,Promising,5
12921,9,37,9526,United Kingdom,16587.09,16389.74,197.34999999999854,0.0119,5,5,5,555,15,High-value,3,Champions,1
12922,161,1,370,United Kingdom,405.38,405.38,0.0,0.0,2,1,2,212,5,Mid-value,2,Hibernating,10
12923,64,1,68,United Kingdom,172.82,172.82,0.0,0.0,3,1,1,311,5,Mid-value,2,About to Sleep,7
12924,88,4,481,United Kingdom,933.7,929.95,3.75,0.004,2,4,4,244,10,High-value,3,Do Not Lose,9
12925,5,2,541,United Kingdom,694.05,694.05,0.0,0.0,5,2,3,523,10,High-value,3,Potential Champions,3
12928,35,5,1472,United Kingdom,2062.7,2062.7,0.0,0.0,3,4,5,345,12,High-value,3,Loyal Customers,2
12929,312,1,37,United Kingdom,117.85,105.1,12.75,0.1082,1,1,1,111,3,Low-value,1,Hibernating,10
12930,78,2,252,United Kingdom,415.8,409.90000000000003,5.899999999999977,0.0142,2,2,2,222,6,Mid-value,2,Hibernating,10
12931,22,15,28004,United Kingdom,42055.96,33462.81,8593.150000000001,0.2043,4,5,5,455,14,High-value,3,Loyal Customers,2
12933,24,3,499,United Kingdom,607.53,606.28,1.25,0.0021,4,3,3,433,10,High-value,3,Potential Champions,3
12935,2,7,1853,United Kingdom,2160.7,2156.45,4.25,0.002,5,5,5,555,15,High-value,3,Champions,1
12936,17,4,559,United Kingdom,1063.9,1012.9,51.000000000000114,0.0479,4,4,4,444,12,High-value,3,Loyal Customers,2
12937,15,4,1007,United Kingdom,1504.27,1504.27,0.0,0.0,4,4,4,444,12,High-value,3,Loyal Customers,2
12938,26,1,140,United Kingdom,114.14,114.14,0.0,0.0,4,1,1,411,6,Mid-value,2,Promising,5
12939,64,8,4876,United Kingdom,11581.8,11581.8,0.0,0.0,3,5,5,355,13,High-value,3,Loyal Customers,2
12940,55,2,404,United Kingdom,899.69,862.44,37.25,0.0414,3,2,3,323,8,Mid-value,2,Hibernating,10
12942,131,3,198,United Kingdom,675.6,675.6,0.0,0.0,2,3,3,233,8,Mid-value,2,At Risk,8
12944,36,2,289,United Kingdom,604.51,604.51,0.0,0.0,3,2,3,323,8,Mid-value,2,Hibernating,10
12945,288,1,165,United Kingdom,462.95,462.95,0.0,0.0,1,1,2,112,4,Low-value,1,Hibernating,10
12947,144,6,1165,United Kingdom,1603.99,1407.29,196.70000000000005,0.1226,2,4,4,244,10,High-value,3,Do Not Lose,9
12948,16,7,1080,United Kingdom,2064.95,2053.7,11.25,0.0054,4,5,5,455,14,High-value,3,Loyal Customers,2
12949,31,8,2381,United Kingdom,4167.22,4143.02,24.199999999999818,0.0058,4,5,5,455,14,High-value,3,Loyal Customers,2
12950,2,3,1380,United Kingdom,1843.0,1843.0,0.0,0.0,5,3,4,534,12,High-value,3,Potential Champions,3
12951,9,6,503,United Kingdom,1064.07,1042.07,22.0,0.0207,5,4,4,544,13,High-value,3,Champions,1
12952,6,4,653,United Kingdom,1387.79,1382.84,4.9500000000000455,0.0036,5,4,4,544,13,High-value,3,Champions,1
12953,10,1,84,United Kingdom,329.85,329.85,0.0,0.0,5,1,2,512,8,Mid-value,2,New Customers,4
12955,1,11,3664,United Kingdom,4757.16,4734.26,22.899999999999636,0.0048,5,5,5,555,15,High-value,3,Champions,1
12956,306,1,34,United Kingdom,108.07,108.07,0.0,0.0,1,1,1,111,3,Low-value,1,Hibernating,10
12957,10,8,2549,United Kingdom,4017.54,3979.04,38.5,0.0096,5,5,5,555,15,High-value,3,Champions,1
12962,7,2,129,United Kingdom,266.39,266.39,0.0,0.0,5,2,2,522,9,Mid-value,2,Potential Champions,3
12963,8,8,881,United Kingdom,1856.63,1841.03,15.600000000000136,0.0084,5,5,4,554,14,High-value,3,Champions,1
12965,89,1,282,United Kingdom,769.8100000000001,769.8100000000001,0.0,0.0,2,1,3,213,6,Mid-value,2,Hibernating,10
12966,10,1,75,United Kingdom,160.18,160.18,0.0,0.0,5,1,1,511,7,Mid-value,2,New Customers,4
12967,358,2,438,United Kingdom,1660.9,1194.75,466.1500000000001,0.2807,1,2,4,124,7,Mid-value,2,Hibernating,10
12968,112,1,73,United Kingdom,135.95,135.95,0.0,0.0,2,1,1,211,4,Low-value,1,Hibernating,10
12970,7,4,268,United Kingdom,405.47,405.47,0.0,0.0,5,4,2,542,11,High-value,3,Potential Champions,3
12971,4,86,9289,United Kingdom,11189.91,10930.26,259.64999999999964,0.0232,5,5,5,555,15,High-value,3,Champions,1
12974,198,1,24,United Kingdom,144.8,144.8,0.0,0.0,1,1,1,111,3,Low-value,1,Hibernating,10
12976,212,1,561,United Kingdom,738.6,738.6,0.0,0.0,1,1,3,113,5,Mid-value,2,Hibernating,10
12977,156,1,12,United Kingdom,39.239999999999995,39.239999999999995,0.0,0.0,2,1,1,211,4,Low-value,1,Hibernating,10
12980,158,9,886,United Kingdom,7374.900000000001,7092.06,282.84000000000015,0.0384,2,5,5,255,12,High-value,3,Do Not Lose,9
12981,30,2,242,United Kingdom,372.21999999999997,372.21999999999997,0.0,0.0,4,2,2,422,8,Mid-value,2,Potential Champions,3
12982,243,1,288,United Kingdom,390.54,377.2,13.340000000000032,0.0342,1,1,2,112,4,Low-value,1,Hibernating,10
12984,19,1,26,United Kingdom,97.5,97.5,0.0,0.0,4,1,1,411,6,Mid-value,2,Promising,5
12985,1,2,1533,United Kingdom,1239.38,1215.6200000000001,23.75999999999999,0.0192,5,2,4,524,11,High-value,3,Potential Champions,3
12987,74,2,219,United Kingdom,558.7,545.0,13.700000000000045,0.0245,2,2,3,223,7,Mid-value,2,Hibernating,10
12988,292,1,126,United Kingdom,505.82,505.82,0.0,0.0,1,1,3,113,5,Mid-value,2,Hibernating,10
12989,3,15,2943,United Kingdom,6924.11,6854.51,69.59999999999945,0.0101,5,5,5,555,15,High-value,3,Champions,1
12990,31,3,200,United Kingdom,409.5,409.5,0.0,0.0,4,3,2,432,9,Mid-value,2,Potential Champions,3
12991,23,2,405,United Kingdom,503.76,503.76,0.0,0.0,4,2,3,423,9,Mid-value,2,Potential Champions,3
12993,23,4,240,United Kingdom,414.76,414.76,0.0,0.0,4,4,2,442,10,High-value,3,Potential Champions,3
12994,4,3,459,United Kingdom,974.42,902.22,72.19999999999993,0.0741,5,3,3,533,11,High-value,3,Potential Champions,3
12995,85,1,108,United Kingdom,211.32,200.72,10.599999999999994,0.0502,2,1,1,211,4,Low-value,1,Hibernating,10
12997,22,4,664,United Kingdom,1226.89,1197.94,28.950000000000045,0.0236,4,4,4,444,12,High-value,3,Loyal Customers,2
12999,196,3,342,United Kingdom,455.88,455.88,0.0,0.0,1,3,2,132,6,Mid-value,2,Hibernating,10
13000,107,3,379,United Kingdom,534.85,534.85,0.0,0.0,2,3,3,233,8,Mid-value,2,At Risk,8
13001,4,13,5490,United Kingdom,9785.970000000001,9765.07,20.900000000001455,0.0021,5,5,5,555,15,High-value,3,Champions,1
13002,318,1,73,United Kingdom,120.95,120.95,0.0,0.0,1,1,1,111,3,Low-value,1,Hibernating,10
13003,106,3,103,United Kingdom,149.05,149.05,0.0,0.0,2,3,1,231,6,Mid-value,2,Hibernating,10
13004,12,18,4822,United Kingdom,5655.91,5613.43,42.47999999999956,0.0075,5,5,5,555,15,High-value,3,Champions,1
13005,174,2,172,United Kingdom,513.7,468.95,44.75000000000006,0.0871,2,2,2,222,6,Mid-value,2,Hibernating,10
13006,56,1,55,United Kingdom,81.57,81.57,0.0,0.0,3,1,1,311,5,Mid-value,2,About to Sleep,7
13008,323,1,175,United Kingdom,229.47,178.47,51.0,0.2223,1,1,1,111,3,Low-value,1,Hibernating,10
13011,372,1,13,United Kingdom,50.550000000000004,50.550000000000004,0.0,0.0,1,1,1,111,3,Low-value,1,Hibernating,10
13012,9,8,820,United Kingdom,1646.8400000000001,1296.6200000000001,350.22,0.2127,5,5,4,554,14,High-value,3,Champions,1
13013,1,13,2224,United Kingdom,4810.9400000000005,4786.99,23.950000000000728,0.005,5,5,5,555,15,High-value,3,Champions,1
13014,11,10,907,United Kingdom,3466.28,3365.43,100.85000000000036,0.0291,5,5,5,555,15,High-value,3,Champions,1
13015,53,5,1609,United Kingdom,3339.64,3339.64,0.0,0.0,3,4,5,345,12,High-value,3,Loyal Customers,2
13016,73,3,527,United Kingdom,789.89,789.89,0.0,0.0,2,3,3,233,8,Mid-value,2,At Risk,8
13017,7,1,48,United Kingdom,204.0,204.0,0.0,0.0,5,1,1,511,7,Mid-value,2,New Customers,4
13018,16,28,5435,United Kingdom,7277.7,7272.75,4.949999999999818,0.0007,4,5,5,455,14,High-value,3,Loyal Customers,2
13021,4,9,1352,United Kingdom,2616.38,2584.4,31.980000000000018,0.0122,5,5,5,555,15,High-value,3,Champions,1
13023,64,2,286,United Kingdom,689.9,689.9,0.0,0.0,3,2,3,323,8,Mid-value,2,Hibernating,10
13026,1,5,1620,United Kingdom,975.36,936.15,39.210000000000036,0.0402,5,4,4,544,13,High-value,3,Champions,1
13027,114,6,17280,United Kingdom,6912.0,6912.0,0.0,0.0,2,4,5,245,11,High-value,3,Do Not Lose,9
13028,23,2,798,United Kingdom,661.3199999999999,659.68,1.6399999999999864,0.0025,4,2,3,423,9,Mid-value,2,Potential Champions,3
13029,31,3,134,United Kingdom,1247.5,1247.5,0.0,0.0,4,3,4,434,11,High-value,3,Potential Champions,3
13030,11,2,348,United Kingdom,752.44,752.44,0.0,0.0,5,2,3,523,10,High-value,3,Potential Champions,3
13032,52,2,375,United Kingdom,1010.1800000000001,996.52,13.660000000000082,0.0135,3,2,4,324,9,Mid-value,2,Hibernating,10
13033,357,1,83,United Kingdom,190.55,190.55,0.0,0.0,1,1,1,111,3,Low-value,1,Hibernating,10
13034,55,2,369,United Kingdom,642.77,642.77,0.0,0.0,3,2,3,323,8,Mid-value,2,Hibernating,10
13035,74,2,644,United Kingdom,921.88,886.63,35.25,0.0382,2,2,3,223,7,Mid-value,2,Hibernating,10
13037,138,3,431,United Kingdom,881.07,881.07,0.0,0.0,2,3,3,233,8,Mid-value,2,At Risk,8
13038,80,3,360,United Kingdom,908.46,908.46,0.0,0.0,2,3,3,233,8,Mid-value,2,At Risk,8
13040,9,2,355,United Kingdom,676.99,676.99,0.0,0.0,5,2,3,523,10,High-value,3,Potential Champions,3
13043,273,1,254,United Kingdom,516.42,471.57,44.849999999999966,0.0868,1,1,2,112,4,Low-value,1,Hibernating,10
13044,291,1,429,United Kingdom,560.47,560.47,0.0,0.0,1,1,3,113,5,Mid-value,2,Hibernating,10
13045,99,1,221,United Kingdom,305.28000000000003,305.28000000000003,0.0,0.0,2,1,2,212,5,Mid-value,2,Hibernating,10
13046,31,2,264,United Kingdom,629.31,629.31,0.0,0.0,4,2,3,423,9,Mid-value,2,Potential Champions,3
13047,32,10,1391,United Kingdom,3237.54,3079.1,158.44000000000005,0.0489,4,5,5,455,14,High-value,3,Loyal Customers,2
13048,14,4,1228,United Kingdom,1819.41,1789.41,30.0,0.0165,4,4,4,444,12,High-value,3,Loyal Customers,2
13049,64,2,268,United Kingdom,656.6800000000001,656.6800000000001,0.0,0.0,3,2,3,323,8,Mid-value,2,Hibernating,10
13050,15,17,3748,United Kingdom,5836.86,5684.61,152.25,0.0261,4,5,5,455,14,High-value,3,Loyal Customers,2
13052,212,1,222,United Kingdom,348.15000000000003,348.15000000000003,0.0,0.0,1,1,2,112,4,Low-value,1,Hibernating,10
13055,78,3,894,United Kingdom,1214.41,1201.96,12.450000000000045,0.0103,2,3,4,234,9,Mid-value,2,At Risk,8
13058,25,3,52,United Kingdom,271.40000000000003,271.40000000000003,0.0,0.0,4,3,2,432,9,Mid-value,2,Potential Champions,3
13059,250,1,35,United Kingdom,183.4,183.4,0.0,0.0,1,1,1,111,3,Low-value,1,Hibernating,10
13060,254,1,123,United Kingdom,307.53000000000003,307.53000000000003,0.0,0.0,1,1,2,112,4,Low-value,1,Hibernating,10
13061,72,1,107,United Kingdom,248.61,248.61,0.0,0.0,3,1,2,312,6,Mid-value,2,About to Sleep,7
13062,191,1,343,United Kingdom,346.98,346.98,0.0,0.0,1,1,2,112,4,Low-value,1,Hibernating,10
13064,13,4,514,United Kingdom,1105.59,1105.59,0.0,0.0,5,4,4,544,13,High-value,3,Champions,1
13065,373,1,74,United Kingdom,205.86,205.86,0.0,0.0,1,1,1,111,3,Low-value,1,Hibernating,10
13066,24,2,322,United Kingdom,470.8,430.9,39.900000000000034,0.0847,4,2,2,422,8,Mid-value,2,Potential Champions,3
13067,82,1,32,United Kingdom,115.46000000000001,115.46000000000001,0.0,0.0,2,1,1,211,4,Low-value,1,Hibernating,10
13068,10,2,200,United Kingdom,344.0,344.0,0.0,0.0,5,2,2,522,9,Mid-value,2,Potential Champions,3
13069,1,24,5873,United Kingdom,4431.44,3713.14,718.2999999999997,0.1621,5,5,5,555,15,High-value,3,Champions,1
13070,192,1,110,United Kingdom,228.8,228.8,0.0,0.0,1,1,1,111,3,Low-value,1,Hibernating,10
13072,267,1,69,United Kingdom,177.15,177.15,0.0,0.0,1,1,1,111,3,Low-value,1,Hibernating,10
13075,130,1,485,United Kingdom,919.61,919.61,0.0,0.0,2,1,4,214,7,Mid-value,2,Hibernating,10
13077,1,4,862,United Kingdom,728.02,728.02,0.0,0.0,5,4,3,543,12,High-value,3,Potential Champions,3
13078,3,26,5630,United Kingdom,12627.94,12432.28,195.65999999999985,0.0155,5,5,5,555,15,High-value,3,Champions,1
13079,4,5,62,United Kingdom,220.10000000000002,220.10000000000002,0.0,0.0,5,4,1,541,10,High-value,3,Hibernating,10
13080,179,1,120,United Kingdom,58.08,58.08,0.0,0.0,2,1,1,211,4,Low-value,1,Hibernating,10
13081,12,11,19160,United Kingdom,28337.38,27964.48,372.90000000000146,0.0132,5,5,5,555,15,High-value,3,Champions,1
13082,126,9,4324,United Kingdom,3613.63,3595.48,18.15000000000009,0.005,2,5,5,255,12,High-value,3,Do Not Lose,9
13083,4,2,187,United Kingdom,303.75,303.75,0.0,0.0,5,2,2,522,9,Mid-value,2,Potential Champions,3
13085,158,2,216,United Kingdom,416.08,272.38,143.7,0.3454,2,2,2,222,6,Mid-value,2,Hibernating,10
13089,3,97,31025,United Kingdom,58762.08,57322.13,1439.9500000000044,0.0245,5,5,5,555,15,High-value,3,Champions,1
13090,9,14,2263,United Kingdom,8910.82,8689.39,221.4300000000003,0.0248,5,5,5,555,15,High-value,3,Champions,1
13091,28,1,466,United Kingdom,345.82,319.82,26.0,0.0752,4,1,2,412,7,Mid-value,2,Promising,5
13092,71,5,279,United Kingdom,477.83,459.83,18.0,0.0377,3,4,2,342,9,Mid-value,2,Hibernating,10
13093,276,8,3961,United Kingdom,7832.47,7741.47,91.0,0.0116,1,5,5,155,11,High-value,3,Do Not Lose,9
13094,21,12,1716,United Kingdom,1927.3200000000002,1708.8600000000001,218.46000000000004,0.1133,4,5,4,454,13,High-value,3,Loyal Customers,2
13095,71,1,144,United Kingdom,74.39999999999999,74.39999999999999,0.0,0.0,3,1,1,311,5,Mid-value,2,About to Sleep,7
13097,33,10,2360,United Kingdom,6003.22,5886.12,117.10000000000036,0.0195,4,5,5,455,14,High-value,3,Loyal Customers,2
13098,1,28,15968,United Kingdom,28882.44,28658.88,223.55999999999767,0.0077,5,5,5,555,15,High-value,3,Champions,1
13099,99,1,288,United Kingdom,207.36,207.36,0.0,0.0,2,1,1,211,4,Low-value,1,Hibernating,10
13101,234,1,113,United Kingdom,101.19,101.19,0.0,0.0,1,1,1,111,3,Low-value,1,Hibernating,10
13102,1,24,4204,United Kingdom,6424.09,6336.29,87.80000000000018,0.0137,5,5,5,555,15,High-value,3,Champions,1
13103,40,1,82,United Kingdom,243.94,243.94,0.0,0.0,3,1,2,312,6,Mid-value,2,About to Sleep,7
13104,3,6,504,United Kingdom,1098.48,1098.48,0.0,0.0,5,4,4,544,13,High-value,3,Champions,1
13106,133,1,18,United Kingdom,76.5,59.5,17.0,0.2222,2,1,1,211,4,Low-value,1,Hibernating,10
13107,44,4,1293,United Kingdom,1531.6200000000001,1524.07,7.550000000000182,0.0049,3,4,4,344,11,High-value,3,Loyal Customers,2
13108,373,1,298,United Kingdom,350.06,350.06,0.0,0.0,1,1,2,112,4,Low-value,1,Hibernating,10
13109,60,2,520,United Kingdom,786.54,766.84,19.699999999999932,0.025,3,2,3,323,8,Mid-value,2,Hibernating,10
13110,31,7,388,United Kingdom,1488.67,1452.8700000000001,35.799999999999955,0.024,4,5,4,454,13,High-value,3,Loyal Customers,2
13113,1,24,3050,United Kingdom,12245.960000000001,10510.0,1735.960000000001,0.1418,5,5,5,555,15,High-value,3,Champions,1
13115,12,4,1567,United Kingdom,2294.78,2205.63,89.15000000000009,0.0388,5,4,5,545,14,High-value,3,Champions,1
13116,138,1,291,United Kingdom,501.14,485.19,15.949999999999989,0.0318,2,1,3,213,6,Mid-value,2,Hibernating,10
13117,22,8,945,United Kingdom,984.91,984.91,0.0,0.0,4,5,4,454,13,High-value,3,Loyal Customers,2
13118,20,5,410,United Kingdom,1197.81,1125.0,72.80999999999995,0.0608,4,4,4,444,12,High-value,3,Loyal Customers,2
13120,239,1,12,United Kingdom,30.6,30.6,0.0,0.0,1,1,1,111,3,Low-value,1,Hibernating,10
13121,269,1,252,United Kingdom,283.73,254.73,29.00000000000003,0.1022,1,1,2,112,4,Low-value,1,Hibernating,10
13122,94,2,585,United Kingdom,922.39,922.39,0.0,0.0,2,2,4,224,8,Mid-value,2,Hibernating,10
13124,90,3,2119,United Kingdom,3756.33,3756.33,0.0,0.0,2,3,5,235,10,High-value,3,At Risk,8
13126,5,8,2143,United Kingdom,2099.64,2056.29,43.34999999999991,0.0206,5,5,5,555,15,High-value,3,Champions,1
13127,78,1,127,United Kingdom,259.17,259.17,0.0,0.0,2,1,2,212,5,Mid-value,2,Hibernating,10
13130,94,1,32,United Kingdom,64.0,64.0,0.0,0.0,2,1,1,211,4,Low-value,1,Hibernating,10
13131,23,3,447,United Kingdom,1073.3,1039.3,34.0,0.0317,4,3,4,434,11,High-value,3,Potential Champions,3
13132,262,1,20,United Kingdom,77.3,77.3,0.0,0.0,1,1,1,111,3,Low-value,1,Hibernating,10
13133,274,2,32,United Kingdom,109.8,109.8,0.0,0.0,1,2,1,121,4,Low-value,1,Hibernating,10
13134,86,4,1059,United Kingdom,1793.58,1740.63,52.94999999999982,0.0295,2,4,4,244,10,High-value,3,Do Not Lose,9
13135,197,1,4300,United Kingdom,3096.0,3096.0,0.0,0.0,1,1,5,115,7,Mid-value,2,Hibernating,10
13136,56,5,1328,United Kingdom,2607.61,2545.38,62.23000000000002,0.0239,3,4,5,345,12,High-value,3,Loyal Customers,2
13137,11,8,2204,United Kingdom,3603.29,3557.96,45.32999999999993,0.0126,5,5,5,555,15,High-value,3,Champions,1
13138,22,6,473,United Kingdom,962.39,962.39,0.0,0.0,4,4,4,444,12,High-value,3,Loyal Customers,2
13139,16,7,2425,United Kingdom,5064.9400000000005,5055.79,9.150000000000546,0.0018,4,5,5,455,14,High-value,3,Loyal Customers,2
13140,108,3,185,United Kingdom,422.47,422.47,0.0,0.0,2,3,2,232,7,Mid-value,2,Hibernating,10
13141,85,5,1548,United Kingdom,2388.75,2385.8,2.949999999999818,0.0012,2,4,5,245,11,High-value,3,Do Not Lose,9
13142,19,1,258,United Kingdom,307.09000000000003,307.09000000000003,0.0,0.0,4,1,2,412,7,Mid-value,2,Promising,5
13144,333,1,21,United Kingdom,110.95,110.95,0.0,0.0,1,1,1,111,3,Low-value,1,Hibernating,10
13145,40,4,145,United Kingdom,618.52,614.77,3.75,0.0061,3,4,3,343,10,High-value,3,Need Attention,6
13146,26,1,154,United Kingdom,228.91,228.91,0.0,0.0,4,1,1,411,6,Mid-value,2,Promising,5
13147,10,4,144,United Kingdom,712.8,712.8,0.0,0.0,5,4,3,543,12,High-value,3,Potential Champions,3
13148,29,12,1965,United Kingdom,3683.26,3324.62,358.6400000000003,0.0974,4,5,5,455,14,High-value,3,Loyal Customers,2
13149,14,4,1280,United Kingdom,1676.06,1676.06,0.0,0.0,4,4,4,444,12,High-value,3,Loyal Customers,2
13151,296,1,363,United Kingdom,1257.8700000000001,1250.3700000000001,7.5,0.006,1,1,4,114,6,Mid-value,2,Hibernating,10
13153,6,1,418,United Kingdom,486.22,486.22,0.0,0.0,5,1,3,513,9,Mid-value,2,Hibernating,10
13155,33,4,497,United Kingdom,971.76,971.76,0.0,0.0,4,4,4,444,12,High-value,3,Loyal Customers,2
13157,49,4,1439,United Kingdom,1741.22,1721.57,19.65000000000009,0.0113,3,4,4,344,11,High-value,3,Loyal Customers,2
13158,95,4,784,United Kingdom,1201.06,1201.06,0.0,0.0,2,4,4,244,10,High-value,3,Do Not Lose,9
13159,9,4,1058,United Kingdom,1429.35,1371.25,58.09999999999991,0.0406,5,4,4,544,13,High-value,3,Champions,1
13160,22,1,56,United Kingdom,91.8,91.8,0.0,0.0,4,1,1,411,6,Mid-value,2,Promising,5
13161,313,1,29,United Kingdom,112.75,112.75,0.0,0.0,1,1,1,111,3,Low-value,1,Hibernating,10
13162,122,4,1713,United Kingdom,1688.29,1644.99,43.299999999999955,0.0256,2,4,4,244,10,High-value,3,Do Not Lose,9
13165,46,2,1376,United Kingdom,1021.48,1021.48,0.0,0.0,3,2,4,324,9,Mid-value,2,Hibernating,10
13166,283,1,216,United Kingdom,417.2,414.7,2.5,0.006,1,1,2,112,4,Low-value,1,Hibernating,10
13167,19,4,785,United Kingdom,791.33,791.33,0.0,0.0,4,4,3,443,11,High-value,3,Potential Champions,3
13168,36,4,670,United Kingdom,1299.59,1290.54,9.049999999999955,0.007,3,4,4,344,11,High-value,3,Loyal Customers,2
13169,64,2,272,United Kingdom,712.88,712.88,0.0,0.0,3,2,3,323,8,Mid-value,2,Hibernating,10
13170,27,1,141,United Kingdom,108.81,108.81,0.0,0.0,4,1,1,411,6,Mid-value,2,Promising,5
13171,22,3,229,United Kingdom,468.41,426.81,41.60000000000002,0.0888,4,3,2,432,9,Mid-value,2,Potential Champions,3
13173,4,2,277,United Kingdom,353.65000000000003,353.65000000000003,0.0,0.0,5,2,2,522,9,Mid-value,2,Potential Champions,3
13174,16,3,1352,United Kingdom,2742.82,2742.82,0.0,0.0,4,3,5,435,12,High-value,3,Potential Champions,3
13176,46,1,448,United Kingdom,481.49,481.49,0.0,0.0,3,1,3,313,7,Mid-value,2,Hibernating,10
13177,65,1,91,United Kingdom,282.45,282.45,0.0,0.0,3,1,2,312,6,Mid-value,2,About to Sleep,7
13178,26,11,3570,United Kingdom,5725.47,5725.47,0.0,0.0,4,5,5,455,14,High-value,3,Loyal Customers,2
13182,45,1,201,United Kingdom,121.18,121.18,0.0,0.0,3,1,1,311,5,Mid-value,2,About to Sleep,7
13183,8,9,2208,United Kingdom,3957.78,3957.78,0.0,0.0,5,5,5,555,15,High-value,3,Champions,1
13184,15,10,1662,United Kingdom,1668.95,1616.45,52.5,0.0315,4,5,4,454,13,High-value,3,Loyal Customers,2
13185,268,1,12,United Kingdom,71.4,71.4,0.0,0.0,1,1,1,111,3,Low-value,1,Hibernating,10
13186,40,3,820,United Kingdom,1575.89,1539.69,36.200000000000045,0.023,3,3,4,334,10,High-value,3,Need Attention,6
13187,337,1,95,United Kingdom,236.02,236.02,0.0,0.0,1,1,1,111,3,Low-value,1,Hibernating,10
13188,11,1,25,United Kingdom,114.6,114.6,0.0,0.0,5,1,1,511,7,Mid-value,2,New Customers,4
13189,19,2,842,United Kingdom,260.68,260.68,0.0,0.0,4,2,2,422,8,Mid-value,2,Potential Champions,3
13192,95,2,595,United Kingdom,911.94,911.94,0.0,0.0,2,2,3,223,7,Mid-value,2,Hibernating,10
13193,61,1,46,United Kingdom,112.08,112.08,0.0,0.0,3,1,1,311,5,Mid-value,2,About to Sleep,7
13194,136,1,26,United Kingdom,60.7,60.7,0.0,0.0,2,1,1,211,4,Low-value,1,Hibernating,10
13196,11,4,1224,United Kingdom,1797.78,1797.78,0.0,0.0,5,4,4,544,13,High-value,3,Champions,1
13198,10,6,2648,United Kingdom,3401.2400000000002,3384.09,17.15000000000009,0.005,5,4,5,545,14,High-value,3,Champions,1
13199,4,38,6176,United Kingdom,9817.12,9803.96,13.160000000001673,0.0013,5,5,5,555,15,High-value,3,Champions,1
13200,19,4,516,United Kingdom,870.09,870.09,0.0,0.0,4,4,3,443,11,High-value,3,Potential Champions,3
13203,10,4,800,United Kingdom,869.46,869.46,0.0,0.0,5,4,3,543,12,High-value,3,Potential Champions,3
13207,15,2,130,United Kingdom,250.26000000000002,250.26000000000002,0.0,0.0,4,2,2,422,8,Mid-value,2,Potential Champions,3
13208,59,6,803,United Kingdom,1217.65,1199.65,18.0,0.0148,3,4,4,344,11,High-value,3,Loyal Customers,2
13209,30,8,4253,United Kingdom,5891.61,5820.16,71.44999999999982,0.0121,4,5,5,455,14,High-value,3,Loyal Customers,2
13210,94,1,316,United Kingdom,353.48,353.48,0.0,0.0,2,1,2,212,5,Mid-value,2,Hibernating,10
13211,10,3,834,United Kingdom,1095.42,1095.42,0.0,0.0,5,3,4,534,12,High-value,3,Potential Champions,3
13212,20,3,309,United Kingdom,786.83,779.33,7.5,0.0095,4,3,3,433,10,High-value,3,Potential Champions,3
13213,57,5,1360,United Kingdom,1520.58,1518.43,2.1499999999998636,0.0014,3,4,4,344,11,High-value,3,Loyal Customers,2
13216,268,1,297,United Kingdom,333.74,333.74,0.0,0.0,1,1,2,112,4,Low-value,1,Hibernating,10
13217,122,3,262,United Kingdom,533.98,133.62,400.36,0.7498,2,3,1,231,6,Mid-value,2,Hibernating,10
13218,127,1,88,United Kingdom,62.64,62.64,0.0,0.0,2,1,1,211,4,Low-value,1,Hibernating,10
13220,78,4,196,United Kingdom,819.2900000000001,819.2900000000001,0.0,0.0,2,4,3,243,9,Mid-value,2,At Risk,8
13221,240,2,244,United Kingdom,847.41,847.41,0.0,0.0,1,2,3,123,6,Mid-value,2,Hibernating,10
13223,200,2,88,United Kingdom,163.2,163.2,0.0,0.0,1,2,1,121,4,Low-value,1,Hibernating,10
13224,60,2,1518,United Kingdom,2155.95,2150.85,5.099999999999909,0.0024,3,2,5,325,10,High-value,3,Hibernating,10
13225,3,7,3416,United Kingdom,6463.84,6083.04,380.8000000000002,0.0589,5,5,5,555,15,High-value,3,Champions,1
13226,273,1,80,United Kingdom,108.21000000000001,108.21000000000001,0.0,0.0,1,1,1,111,3,Low-value,1,Hibernating,10
13227,202,1,99,United Kingdom,257.7,257.7,0.0,0.0,1,1,2,112,4,Low-value,1,Hibernating,10
13228,81,1,200,United Kingdom,358.0,358.0,0.0,0.0,2,1,2,212,5,Mid-value,2,Hibernating,10
13229,226,1,63,United Kingdom,160.95,160.95,0.0,0.0,1,1,1,111,3,Low-value,1,Hibernating,10
13230,4,14,1638,United Kingdom,2755.63,2712.07,43.559999999999945,0.0158,5,5,5,555,15,High-value,3,Champions,1
13232,13,7,773,United Kingdom,1328.35,1328.35,0.0,0.0,5,5,4,554,14,High-value,3,Champions,1
13233,74,2,1004,United Kingdom,605.12,605.12,0.0,0.0,2,2,3,223,7,Mid-value,2,Hibernating,10
13235,212,1,441,United Kingdom,1031.07,101.17000000000007,929.8999999999999,0.9019,1,1,1,111,3,Low-value,1,Hibernating,10
13236,25,2,416,United Kingdom,744.85,727.27,17.58000000000004,0.0236,4,2,3,423,9,Mid-value,2,Potential Champions,3
13238,17,4,298,United Kingdom,700.73,680.83,19.899999999999977,0.0284,4,4,3,443,11,High-value,3,Potential Champions,3
13239,262,1,363,United Kingdom,329.56,329.56,0.0,0.0,1,1,2,112,4,Low-value,1,Hibernating,10
13240,96,4,298,United Kingdom,663.65,663.65,0.0,0.0,2,4,3,243,9,Mid-value,2,At Risk,8
13242,112,3,130,United Kingdom,270.40000000000003,270.40000000000003,0.0,0.0,2,3,2,232,7,Mid-value,2,Hibernating,10
13243,203,1,232,United Kingdom,585.12,585.12,0.0,0.0,1,1,3,113,5,Mid-value,2,Hibernating,10
13244,93,1,38,United Kingdom,121.74000000000001,121.74000000000001,0.0,0.0,2,1,1,211,4,Low-value,1,Hibernating,10
13245,51,1,125,United Kingdom,430.5,430.5,0.0,0.0,3,1,2,312,6,Mid-value,2,About to Sleep,7
13246,18,6,1587,United Kingdom,1961.52,1896.32,65.20000000000005,0.0332,4,4,4,444,12,High-value,3,Loyal Customers,2
13247,18,4,328,United Kingdom,501.12,501.12,0.0,0.0,4,4,3,443,11,High-value,3,Potential Champions,3
13248,125,2,305,United Kingdom,465.68,465.68,0.0,0.0,2,2,2,222,6,Mid-value,2,Hibernating,10
13249,92,3,546,United Kingdom,711.41,711.41,0.0,0.0,2,3,3,233,8,Mid-value,2,At Risk,8
13253,157,2,1572,United Kingdom,1030.4,1030.4,0.0,0.0,2,2,4,224,8,Mid-value,2,Hibernating,10
13255,9,2,177,United Kingdom,399.51,390.65999999999997,8.850000000000023,0.0222,5,2,2,522,9,Mid-value,2,Potential Champions,3
13256,14,1,12540,United Kingdom,0.0,0.0,0.0,,4,1,1,411,6,Mid-value,2,Promising,5
13258,12,3,282,United Kingdom,672.83,672.83,0.0,0.0,5,3,3,533,11,High-value,3,Potential Champions,3
13259,62,1,126,United Kingdom,283.18,283.18,0.0,0.0,3,1,2,312,6,Mid-value,2,About to Sleep,7
13260,61,1,142,United Kingdom,557.62,557.62,0.0,0.0,3,1,3,313,7,Mid-value,2,Hibernating,10
13261,269,2,210,United Kingdom,944.1,944.1,0.0,0.0,1,2,4,124,7,Mid-value,2,Hibernating,10
13262,263,1,125,United Kingdom,200.29,200.29,0.0,0.0,1,1,1,111,3,Low-value,1,Hibernating,10
13263,1,35,4768,United Kingdom,7436.93,7436.93,0.0,0.0,5,5,5,555,15,High-value,3,Champions,1
13265,53,5,1740,United Kingdom,2092.66,2092.66,0.0,0.0,3,4,5,345,12,High-value,3,Loyal Customers,2
13266,11,12,4428,United Kingdom,3834.2599999999998,3717.67,116.58999999999969,0.0304,5,5,5,555,15,High-value,3,Champions,1
13267,3,19,1969,United Kingdom,4521.49,4404.4400000000005,117.04999999999927,0.0259,5,5,5,555,15,High-value,3,Champions,1
13268,18,11,3624,United Kingdom,3174.75,3127.7,47.05000000000018,0.0148,4,5,5,455,14,High-value,3,Loyal Customers,2
13269,1,15,3513,United Kingdom,5343.28,5312.97,30.30999999999949,0.0057,5,5,5,555,15,High-value,3,Champions,1
13270,366,1,200,United Kingdom,590.0,590.0,0.0,0.0,1,1,3,113,5,Mid-value,2,Hibernating,10
13271,37,1,240,United Kingdom,211.49,172.37,39.120000000000005,0.185,3,1,1,311,5,Mid-value,2,About to Sleep,7
13272,31,2,96,United Kingdom,276.56,276.56,0.0,0.0,4,2,2,422,8,Mid-value,2,Potential Champions,3
13273,113,1,153,United Kingdom,138.98,138.98,0.0,0.0,2,1,1,211,4,Low-value,1,Hibernating,10
13276,64,2,161,United Kingdom,590.9300000000001,590.9300000000001,0.0,0.0,3,2,3,323,8,Mid-value,2,Hibernating,10
13277,16,4,176,United Kingdom,258.4,258.4,0.0,0.0,4,4,2,442,10,High-value,3,Potential Champions,3
13278,41,1,537,United Kingdom,542.73,542.73,0.0,0.0,3,1,3,313,7,Mid-value,2,Hibernating,10
13279,78,1,73,United Kingdom,137.75,126.30000000000001,11.449999999999989,0.0831,2,1,1,211,4,Low-value,1,Hibernating,10
13280,122,3,518,United Kingdom,798.46,798.46,0.0,0.0,2,3,3,233,8,Mid-value,2,At Risk,8
13282,18,3,307,United Kingdom,1132.14,1047.84,84.30000000000018,0.0745,4,3,4,434,11,High-value,3,Potential Champions,3
13283,60,2,90,United Kingdom,93.66,93.66,0.0,0.0,3,2,1,321,6,Mid-value,2,About to Sleep,7
13284,331,1,91,United Kingdom,201.19,196.15,5.039999999999992,0.0251,1,1,1,111,3,Low-value,1,Hibernating,10
13285,23,4,2051,United Kingdom,2709.12,2709.12,0.0,0.0,4,4,5,445,13,High-value,3,Loyal Customers,2
13291,156,1,233,United Kingdom,361.11,361.11,0.0,0.0,2,1,2,212,5,Mid-value,2,Hibernating,10
13292,39,2,347,United Kingdom,578.94,578.94,0.0,0.0,3,2,3,323,8,Mid-value,2,Hibernating,10
13294,190,2,453,United Kingdom,873.74,873.74,0.0,0.0,1,2,3,123,6,Mid-value,2,Hibernating,10
13295,360,1,82,United Kingdom,201.20000000000002,197.95000000000002,3.25,0.0162,1,1,1,111,3,Low-value,1,Hibernating,10
13296,137,1,78,United Kingdom,87.4,87.4,0.0,0.0,2,1,1,211,4,Low-value,1,Hibernating,10
13297,8,4,963,United Kingdom,2089.85,2089.85,0.0,0.0,5,4,5,545,14,High-value,3,Champions,1
13298,1,1,96,United Kingdom,360.0,360.0,0.0,0.0,5,1,2,512,8,Mid-value,2,New Customers,4
13299,268,1,30,United Kingdom,142.5,142.5,0.0,0.0,1,1,1,111,3,Low-value,1,Hibernating,10
13300,169,1,203,United Kingdom,371.89,365.29,6.599999999999966,0.0177,2,1,2,212,5,Mid-value,2,Hibernating,10
13301,104,4,345,United Kingdom,618.09,618.09,0.0,0.0,2,4,3,243,9,Mid-value,2,At Risk,8
13302,155,1,5,United Kingdom,63.75,63.75,0.0,0.0,2,1,1,211,4,Low-value,1,Hibernating,10
13304,351,1,238,United Kingdom,300.42,300.42,0.0,0.0,1,1,2,112,4,Low-value,1,Hibernating,10
13305,4,10,1232,United Kingdom,2000.86,2000.86,0.0,0.0,5,5,4,554,14,High-value,3,Champions,1
13307,120,1,4,United Kingdom,15.0,15.0,0.0,0.0,2,1,1,211,4,Low-value,1,Hibernating,10
13308,23,3,843,United Kingdom,1385.51,1367.6100000000001,17.899999999999864,0.0129,4,3,4,434,11,High-value,3,Potential Champions,3
13309,7,5,1544,United Kingdom,1456.79,1456.79,0.0,0.0,5,4,4,544,13,High-value,3,Champions,1
13310,28,3,587,United Kingdom,1132.03,1083.63,48.399999999999864,0.0428,4,3,4,434,11,High-value,3,Potential Champions,3
13311,4,2,305,United Kingdom,598.57,598.57,0.0,0.0,5,2,3,523,10,High-value,3,Potential Champions,3
13313,22,5,851,United Kingdom,1555.3200000000002,1555.3200000000002,0.0,0.0,4,4,4,444,12,High-value,3,Loyal Customers,2
13314,2,3,560,United Kingdom,775.94,593.51,182.43000000000006,0.2351,5,3,3,533,11,High-value,3,Potential Champions,3
13316,37,4,5508,United Kingdom,5732.93,5570.69,162.2400000000007,0.0283,3,4,5,345,12,High-value,3,Loyal Customers,2
13317,66,6,1035,United Kingdom,2273.68,2140.07,133.60999999999967,0.0588,3,4,5,345,12,High-value,3,Loyal Customers,2
13318,1,3,304,United Kingdom,640.76,640.76,0.0,0.0,5,3,3,533,11,High-value,3,Potential Champions,3
13319,5,26,4724,United Kingdom,10845.550000000001,10664.34,181.21000000000095,0.0167,5,5,5,555,15,High-value,3,Champions,1
13320,78,4,1086,United Kingdom,1532.2,1475.2,57.0,0.0372,2,4,4,244,10,High-value,3,Do Not Lose,9
13321,72,2,372,United Kingdom,567.36,567.36,0.0,0.0,3,2,3,323,8,Mid-value,2,Hibernating,10
13322,17,1,117,United Kingdom,199.48000000000002,199.48000000000002,0.0,0.0,4,1,1,411,6,Mid-value,2,Promising,5
13323,3,5,175,United Kingdom,787.85,787.85,0.0,0.0,5,4,3,543,12,High-value,3,Potential Champions,3
13324,36,10,5205,United Kingdom,7121.95,7072.8,49.149999999999636,0.0069,3,5,5,355,13,High-value,3,Loyal Customers,2
13325,82,1,240,United Kingdom,675.3,675.3,0.0,0.0,2,1,3,213,6,Mid-value,2,Hibernating,10
13327,39,8,1600,United Kingdom,3627.77,3617.57,10.199999999999818,0.0028,3,5,5,355,13,High-value,3,Loyal Customers,2
13328,316,1,680,United Kingdom,1308.48,1308.48,0.0,0.0,1,1,4,114,6,Mid-value,2,Hibernating,10
13329,32,2,463,United Kingdom,789.0,740.4,48.60000000000002,0.0616,4,2,3,423,9,Mid-value,2,Potential Champions,3
13330,93,3,751,United Kingdom,1140.93,1140.93,0.0,0.0,2,3,4,234,9,Mid-value,2,At Risk,8
13332,14,1,179,United Kingdom,350.90000000000003,350.90000000000003,0.0,0.0,4,1,2,412,7,Mid-value,2,Promising,5
13334,82,3,1764,United Kingdom,3502.32,3502.32,0.0,0.0,2,3,5,235,10,High-value,3,At Risk,8
13336,77,1,559,United Kingdom,795.12,795.12,0.0,0.0,2,1,3,213,6,Mid-value,2,Hibernating,10
13338,158,1,256,United Kingdom,487.02,431.82,55.19999999999999,0.1133,2,1,2,212,5,Mid-value,2,Hibernating,10
13339,201,1,326,United Kingdom,860.12,860.12,0.0,0.0,1,1,3,113,5,Mid-value,2,Hibernating,10
13340,45,7,5770,United Kingdom,10736.48,10736.48,0.0,0.0,3,5,5,355,13,High-value,3,Loyal Customers,2
13341,261,1,301,United Kingdom,775.85,775.85,0.0,0.0,1,1,3,113,5,Mid-value,2,Hibernating,10
13343,178,1,135,United Kingdom,353.43,303.93,49.5,0.1401,2,1,2,212,5,Mid-value,2,Hibernating,10
13344,68,3,952,United Kingdom,2511.69,2511.69,0.0,0.0,3,3,5,335,11,High-value,3,Need Attention,6
13345,288,1,141,United Kingdom,389.5,377.6,11.899999999999977,0.0306,1,1,2,112,4,Low-value,1,Hibernating,10
13347,70,1,205,United Kingdom,341.36,341.36,0.0,0.0,3,1,2,312,6,Mid-value,2,About to Sleep,7
13348,64,1,136,United Kingdom,233.76000000000002,233.76000000000002,0.0,0.0,3,1,1,311,5,Mid-value,2,About to Sleep,7
13349,11,1,225,United Kingdom,247.32,247.32,0.0,0.0,5,1,2,512,8,Mid-value,2,New Customers,4
13350,16,2,287,United Kingdom,979.12,910.72,68.39999999999998,0.0699,4,2,3,423,9,Mid-value,2,Potential Champions,3
13351,66,1,117,United Kingdom,373.94,373.94,0.0,0.0,3,1,2,312,6,Mid-value,2,About to Sleep,7
13352,60,1,321,United Kingdom,397.98,389.28000000000003,8.699999999999989,0.0219,3,1,2,312,6,Mid-value,2,About to Sleep,7
13354,71,1,604,United Kingdom,743.53,743.53,0.0,0.0,3,1,3,313,7,Mid-value,2,Hibernating,10
13355,122,1,314,United Kingdom,674.7,674.7,0.0,0.0,2,1,3,213,6,Mid-value,2,Hibernating,10
13356,80,1,325,United Kingdom,768.24,768.24,0.0,0.0,2,1,3,213,6,Mid-value,2,Hibernating,10
13357,257,1,321,United Kingdom,609.4,609.4,0.0,0.0,1,1,3,113,5,Mid-value,2,Hibernating,10
13358,269,1,285,United Kingdom,439.03000000000003,439.03000000000003,0.0,0.0,1,1,2,112,4,Low-value,1,Hibernating,10
13359,64,1,161,United Kingdom,439.56,431.26,8.300000000000011,0.0189,3,1,2,312,6,Mid-value,2,About to Sleep,7
13362,9,4,1382,United Kingdom,3090.7400000000002,3085.4900000000002,5.25,0.0017,5,4,5,545,14,High-value,3,Champions,1
13363,18,2,710,United Kingdom,992.5,992.5,0.0,0.0,4,2,4,424,10,High-value,3,Potential Champions,3
13364,71,1,71,United Kingdom,134.96,0.0,134.96,1.0,3,1,1,311,5,Mid-value,2,About to Sleep,7
13365,34,2,1247,United Kingdom,2225.37,2191.22,34.15000000000009,0.0153,3,2,5,325,10,High-value,3,Hibernating,10
13366,50,1,144,United Kingdom,56.16,56.16,0.0,0.0,3,1,1,311,5,Mid-value,2,About to Sleep,7
13368,257,2,327,United Kingdom,623.4,623.4,0.0,0.0,1,2,3,123,6,Mid-value,2,Hibernating,10
13369,366,1,149,United Kingdom,308.28000000000003,263.75,44.53000000000003,0.1444,1,1,2,112,4,Low-value,1,Hibernating,10
13370,372,1,343,United Kingdom,754.87,721.32,33.549999999999955,0.0444,1,1,3,113,5,Mid-value,2,Hibernating,10
13372,90,1,159,United Kingdom,378.64,378.64,0.0,0.0,2,1,2,212,5,Mid-value,2,Hibernating,10
13373,61,3,1651,United Kingdom,3312.25,3312.25,0.0,0.0,3,3,5,335,11,High-value,3,Need Attention,6
13375,89,1,442,United Kingdom,778.65,772.9,5.75,0.0074,2,1,3,213,6,Mid-value,2,Hibernating,10
13376,99,3,493,United Kingdom,1019.76,1019.76,0.0,0.0,2,3,4,234,9,Mid-value,2,At Risk,8
13379,26,3,601,United Kingdom,572.56,572.56,0.0,0.0,4,3,3,433,10,High-value,3,Potential Champions,3
13381,32,6,2029,United Kingdom,3639.31,3626.81,12.5,0.0034,4,4,5,445,13,High-value,3,Loyal Customers,2
13382,281,1,131,United Kingdom,222.99,222.99,0.0,0.0,1,1,1,111,3,Low-value,1,Hibernating,10
13384,31,7,2422,United Kingdom,4151.93,4122.28,29.650000000000546,0.0071,4,5,5,455,14,High-value,3,Loyal Customers,2
13385,330,1,281,United Kingdom,534.57,534.57,0.0,0.0,1,1,3,113,5,Mid-value,2,Hibernating,10
13388,131,2,282,United Kingdom,677.1,627.15,49.950000000000045,0.0738,2,2,3,223,7,Mid-value,2,Hibernating,10
13389,11,3,429,United Kingdom,797.96,797.96,0.0,0.0,5,3,3,533,11,High-value,3,Potential Champions,3
13390,75,1,224,United Kingdom,544.08,544.08,0.0,0.0,2,1,3,213,6,Mid-value,2,Hibernating,10
13391,204,1,4,United Kingdom,59.8,59.8,0.0,0.0,1,1,1,111,3,Low-value,1,Hibernating,10
13394,2,8,2392,United Kingdom,2520.02,2312.8,207.2199999999998,0.0822,5,5,5,555,15,High-value,3,Champions,1
13395,185,1,336,United Kingdom,307.72,307.72,0.0,0.0,1,1,2,112,4,Low-value,1,Hibernating,10
13396,29,2,600,United Kingdom,1360.99,1325.29,35.700000000000045,0.0262,4,2,4,424,10,High-value,3,Potential Champions,3
13397,73,5,430,United Kingdom,1544.13,1539.18,4.9500000000000455,0.0032,2,4,4,244,10,High-value,3,Do Not Lose,9
13398,192,1,281,United Kingdom,457.34000000000003,457.34000000000003,0.0,0.0,1,1,2,112,4,Low-value,1,Hibernating,10
13402,127,2,479,United Kingdom,621.23,621.23,0.0,0.0,2,2,3,223,7,Mid-value,2,Hibernating,10
13403,18,1,44,United Kingdom,75.0,75.0,0.0,0.0,4,1,1,411,6,Mid-value,2,Promising,5
13404,1,2,111,United Kingdom,252.49,252.49,0.0,0.0,5,2,2,522,9,Mid-value,2,Potential Champions,3
13405,74,3,165,United Kingdom,572.451,572.451,0.0,0.0,2,3,3,233,8,Mid-value,2,At Risk,8
13408,2,62,16232,United Kingdom,28117.04,27487.41,629.630000000001,0.0224,5,5,5,555,15,High-value,3,Champions,1
13410,24,5,518,United Kingdom,1003.06,988.91,14.149999999999977,0.0141,4,4,4,444,12,High-value,3,Loyal Customers,2
13411,107,1,72,United Kingdom,213.55,213.55,0.0,0.0,2,1,1,211,4,Low-value,1,Hibernating,10
13414,134,3,1574,United Kingdom,1390.5,1390.5,0.0,0.0,2,3,4,234,9,Mid-value,2,At Risk,8
13416,44,2,142,United Kingdom,712.5,712.5,0.0,0.0,3,2,3,323,8,Mid-value,2,Hibernating,10
13417,5,2,162,United Kingdom,640.83,640.83,0.0,0.0,5,2,3,523,10,High-value,3,Potential Champions,3
13418,12,18,3918,United Kingdom,6127.43,5845.4400000000005,281.9899999999998,0.046,5,5,5,555,15,High-value,3,Champions,1
13419,64,1,275,United Kingdom,221.06,221.06,0.0,0.0,3,1,1,311,5,Mid-value,2,About to Sleep,7
13420,150,2,101,United Kingdom,159.85,140.35,19.5,0.122,2,2,1,221,5,Mid-value,2,Hibernating,10
13421,40,2,1128,United Kingdom,1833.71,1831.61,2.1000000000001364,0.0011,3,2,4,324,9,Mid-value,2,Hibernating,10
13422,64,1,1326,United Kingdom,2626.3,2601.55,24.75,0.0094,3,1,5,315,9,Mid-value,2,Hibernating,10
13425,108,3,1123,United Kingdom,1624.21,1624.21,0.0,0.0,2,3,4,234,9,Mid-value,2,At Risk,8
13426,1,10,2245,United Kingdom,3641.32,3550.7000000000003,90.61999999999989,0.0249,5,5,5,555,15,High-value,3,Champions,1
13427,19,3,545,United Kingdom,582.6,582.6,0.0,0.0,4,3,3,433,10,High-value,3,Potential Champions,3
13428,10,1,151,United Kingdom,201.78,201.78,0.0,0.0,5,1,1,511,7,Mid-value,2,New Customers,4
13429,11,4,1390,United Kingdom,1006.8,1006.8,0.0,0.0,5,4,4,544,13,High-value,3,Champions,1
13430,19,2,751,United Kingdom,679.45,648.6899999999999,30.760000000000105,0.0453,4,2,3,423,9,Mid-value,2,Potential Champions,3
13431,67,2,672,United Kingdom,1269.1,1269.1,0.0,0.0,3,2,4,324,9,Mid-value,2,Hibernating,10
13434,74,2,300,United Kingdom,534.24,534.24,0.0,0.0,2,2,3,223,7,Mid-value,2,Hibernating,10
13435,5,7,2129,United Kingdom,3809.89,3794.4900000000002,15.399999999999636,0.004,5,5,5,555,15,High-value,3,Champions,1
13436,2,1,76,United Kingdom,196.89,196.89,0.0,0.0,5,1,1,511,7,Mid-value,2,New Customers,4
13437,14,7,1283,United Kingdom,3408.06,3408.06,0.0,0.0,4,5,5,455,14,High-value,3,Loyal Customers,2
13439,255,1,242,United Kingdom,283.71,283.71,0.0,0.0,1,1,2,112,4,Low-value,1,Hibernating,10
13441,92,1,204,United Kingdom,296.64,296.64,0.0,0.0,2,1,2,212,5,Mid-value,2,Hibernating,10
13447,23,3,584,United Kingdom,1129.14,1104.23,24.910000000000082,0.0221,4,3,4,434,11,High-value,3,Potential Champions,3
13448,17,6,1648,United Kingdom,3534.69,3460.9900000000002,73.69999999999982,0.0209,4,4,5,445,13,High-value,3,Loyal Customers,2
13449,24,1,222,United Kingdom,291.88,291.88,0.0,0.0,4,1,2,412,7,Mid-value,2,Promising,5
13450,27,6,1982,United Kingdom,2043.72,2043.72,0.0,0.0,4,4,5,445,13,High-value,3,Loyal Customers,2
13451,26,5,2128,United Kingdom,2898.2599999999998,2838.56,59.69999999999982,0.0206,4,4,5,445,13,High-value,3,Loyal Customers,2
13452,259,2,2,United Kingdom,590.0,590.0,0.0,0.0,1,2,3,123,6,Mid-value,2,Hibernating,10
13453,166,2,134,United Kingdom,356.98,356.98,0.0,0.0,2,2,2,222,6,Mid-value,2,Hibernating,10
13455,25,2,354,United Kingdom,1058.34,1007.35,50.989999999999895,0.0482,4,2,4,424,10,High-value,3,Potential Champions,3
13456,18,6,765,United Kingdom,1766.72,1737.8200000000002,28.899999999999864,0.0164,4,4,4,444,12,High-value,3,Loyal Customers,2
13458,7,14,5508,United Kingdom,9646.57,9537.92,108.64999999999964,0.0113,5,5,5,555,15,High-value,3,Champions,1
13460,29,2,286,United Kingdom,183.44,183.44,0.0,0.0,4,2,1,421,7,Mid-value,2,Promising,5
13461,39,3,1170,United Kingdom,1445.0,1445.0,0.0,0.0,3,3,4,334,10,High-value,3,Need Attention,6
13462,253,1,62,United Kingdom,151.5,143.25,8.25,0.0545,1,1,1,111,3,Low-value,1,Hibernating,10
13464,58,1,403,United Kingdom,674.68,674.68,0.0,0.0,3,1,3,313,7,Mid-value,2,Hibernating,10
13466,184,1,259,United Kingdom,307.90000000000003,297.95,9.950000000000045,0.0323,1,1,2,112,4,Low-value,1,Hibernating,10
13467,11,2,580,United Kingdom,1071.91,1071.91,0.0,0.0,5,2,4,524,11,High-value,3,Potential Champions,3
13468,2,37,2589,United Kingdom,5704.97,5656.75,48.220000000000255,0.0085,5,5,5,555,15,High-value,3,Champions,1
13470,99,2,100,United Kingdom,165.0,165.0,0.0,0.0,2,2,1,221,5,Mid-value,2,Hibernating,10
13471,1,4,1583,United Kingdom,2501.84,2501.84,0.0,0.0,5,4,5,545,14,High-value,3,Champions,1
13473,61,2,266,United Kingdom,422.64,417.54,5.099999999999966,0.0121,3,2,2,322,7,Mid-value,2,About to Sleep,7
13474,236,1,129,United Kingdom,226.84,226.84,0.0,0.0,1,1,1,111,3,Low-value,1,Hibernating,10
13475,191,4,1012,United Kingdom,1431.78,1431.78,0.0,0.0,1,4,4,144,9,Mid-value,2,Do Not Lose,9
13476,179,2,417,United Kingdom,1238.47,1092.77,145.70000000000005,0.1176,2,2,4,224,8,Mid-value,2,Hibernating,10
13477,38,6,1021,United Kingdom,1454.58,1441.53,13.049999999999955,0.009,3,4,4,344,11,High-value,3,Loyal Customers,2
13479,201,2,134,United Kingdom,300.95,291.0,9.949999999999989,0.0331,1,2,2,122,5,Mid-value,2,Hibernating,10
13481,46,5,1142,United Kingdom,1804.56,1776.81,27.75,0.0154,3,4,4,344,11,High-value,3,Loyal Customers,2
13482,232,1,116,United Kingdom,184.64000000000001,184.64000000000001,0.0,0.0,1,1,1,111,3,Low-value,1,Hibernating,10
13483,66,1,160,United Kingdom,140.34,140.34,0.0,0.0,3,1,1,311,5,Mid-value,2,About to Sleep,7
13484,241,1,44,United Kingdom,313.8,313.8,0.0,0.0,1,1,2,112,4,Low-value,1,Hibernating,10
13485,233,1,277,United Kingdom,454.24,454.24,0.0,0.0,1,1,2,112,4,Low-value,1,Hibernating,10
13486,78,3,669,United Kingdom,1122.41,1122.41,0.0,0.0,2,3,4,234,9,Mid-value,2,At Risk,8
13487,58,3,265,United Kingdom,575.4,575.4,0.0,0.0,3,3,3,333,9,Mid-value,2,Need Attention,6
13488,17,13,4518,United Kingdom,8968.31,8910.61,57.69999999999891,0.0064,4,5,5,455,14,High-value,3,Loyal Customers,2
13489,105,4,560,United Kingdom,449.52,449.52,0.0,0.0,2,4,2,242,8,Mid-value,2,Hibernating,10
13491,52,10,903,United Kingdom,1215.82,1215.82,0.0,0.0,3,5,4,354,12,High-value,3,Loyal Customers,2
13492,136,3,408,Switzerland,1269.84,1269.84,0.0,0.0,2,3,4,234,9,Mid-value,2,At Risk,8
13493,275,2,380,Switzerland,618.63,618.63,0.0,0.0,1,2,3,123,6,Mid-value,2,Hibernating,10
13494,312,1,162,United Kingdom,316.26000000000005,316.26000000000005,0.0,0.0,1,1,2,112,4,Low-value,1,Hibernating,10
13495,8,5,829,United Kingdom,2044.8700000000001,1990.1200000000001,54.75,0.0268,5,4,4,544,13,High-value,3,Champions,1
13496,11,2,341,United Kingdom,653.33,617.93,35.40000000000009,0.0542,5,2,3,523,10,High-value,3,Potential Champions,3
13497,283,2,163,United Kingdom,348.05,321.05,27.0,0.0776,1,2,2,122,5,Mid-value,2,Hibernating,10
13499,18,5,1365,United Kingdom,1159.1100000000001,1146.96,12.150000000000091,0.0105,4,4,4,444,12,High-value,3,Loyal Customers,2
13500,23,3,609,United Kingdom,1166.77,1136.77,30.0,0.0257,4,3,4,434,11,High-value,3,Potential Champions,3
13501,288,1,560,Switzerland,1340.32,1310.47,29.84999999999991,0.0223,1,1,4,114,6,Mid-value,2,Hibernating,10
13502,17,3,264,United Kingdom,292.0,292.0,0.0,0.0,4,3,2,432,9,Mid-value,2,Potential Champions,3
13503,71,1,248,United Kingdom,216.85,216.85,0.0,0.0,3,1,1,311,5,Mid-value,2,About to Sleep,7
13504,64,1,178,United Kingdom,295.93,295.93,0.0,0.0,3,1,2,312,6,Mid-value,2,About to Sleep,7
13505,73,4,2486,Switzerland,4393.63,4282.88,110.75,0.0252,2,4,5,245,11,High-value,3,Do Not Lose,9
13506,316,2,324,United Kingdom,458.52,452.82,5.699999999999989,0.0124,1,2,2,122,5,Mid-value,2,Hibernating,10
13507,3,4,1597,United Kingdom,2479.16,2479.16,0.0,0.0,5,4,5,545,14,High-value,3,Champions,1
13508,244,1,24,United Kingdom,110.97,110.97,0.0,0.0,1,1,1,111,3,Low-value,1,Hibernating,10
13509,9,7,1106,United Kingdom,979.72,979.72,0.0,0.0,5,5,4,554,14,High-value,3,Champions,1
13510,1,4,1386,United Kingdom,1791.56,1785.16,6.399999999999864,0.0036,5,4,4,544,13,High-value,3,Champions,1
13512,261,1,143,United Kingdom,251.21,251.21,0.0,0.0,1,1,2,112,4,Low-value,1,Hibernating,10
13513,127,1,109,United Kingdom,205.1,205.1,0.0,0.0,2,1,1,211,4,Low-value,1,Hibernating,10
13514,74,1,40,United Kingdom,152.20000000000002,152.20000000000002,0.0,0.0,2,1,1,211,4,Low-value,1,Hibernating,10
13515,73,4,681,United Kingdom,891.12,891.12,0.0,0.0,2,4,3,243,9,Mid-value,2,At Risk,8
13516,21,3,985,United Kingdom,1389.41,1389.41,0.0,0.0,4,3,4,434,11,High-value,3,Potential Champions,3
13517,60,3,1369,United Kingdom,2128.42,2109.07,19.34999999999991,0.0091,3,3,5,335,11,High-value,3,Need Attention,6
13518,86,1,382,United Kingdom,627.16,627.16,0.0,0.0,2,1,3,213,6,Mid-value,2,Hibernating,10
13519,78,1,23,United Kingdom,122.75,110.8,11.950000000000003,0.0974,2,1,1,211,4,Low-value,1,Hibernating,10
13520,59,6,1649,Switzerland,3624.35,3487.75,136.5999999999999,0.0377,3,4,5,345,12,High-value,3,Loyal Customers,2
13521,1,3,718,United Kingdom,1071.73,1071.73,0.0,0.0,5,3,4,534,12,High-value,3,Potential Champions,3
13522,30,1,44,United Kingdom,125.80000000000001,125.80000000000001,0.0,0.0,4,1,1,411,6,Mid-value,2,Promising,5
13523,33,5,1752,United Kingdom,3964.88,3755.38,209.5,0.0528,4,4,5,445,13,High-value,3,Loyal Customers,2
13524,41,5,324,United Kingdom,680.1800000000001,680.1800000000001,0.0,0.0,3,4,3,343,10,High-value,3,Need Attention,6
13525,15,2,394,United Kingdom,628.78,628.78,0.0,0.0,4,2,3,423,9,Mid-value,2,Potential Champions,3
13527,34,7,1683,United Kingdom,2242.36,2218.61,23.75,0.0106,3,5,5,355,13,High-value,3,Loyal Customers,2
13529,79,2,74,United Kingdom,307.76,307.76,0.0,0.0,2,2,2,222,6,Mid-value,2,Hibernating,10
13531,205,2,174,United Kingdom,483.8,483.8,0.0,0.0,1,2,3,123,6,Mid-value,2,Hibernating,10
13532,34,1,129,United Kingdom,210.31,210.31,0.0,0.0,3,1,1,311,5,Mid-value,2,About to Sleep,7
13533,183,3,202,United Kingdom,269.09,269.09,0.0,0.0,1,3,2,132,6,Mid-value,2,Hibernating,10
13534,2,25,2961,United Kingdom,5870.08,5613.08,257.0,0.0438,5,5,5,555,15,High-value,3,Champions,1
13536,1,7,2126,United Kingdom,3444.39,3444.39,0.0,0.0,5,5,5,555,15,High-value,3,Champions,1
13538,43,7,175,United Kingdom,1280.85,1280.85,0.0,0.0,3,5,4,354,12,High-value,3,Loyal Customers,2
13539,86,3,320,United Kingdom,631.34,605.84,25.5,0.0404,2,3,3,233,8,Mid-value,2,At Risk,8
13544,40,2,112,United Kingdom,276.06,276.06,0.0,0.0,3,2,2,322,7,Mid-value,2,About to Sleep,7
13546,12,3,357,United Kingdom,621.09,621.09,0.0,0.0,5,3,3,533,11,High-value,3,Potential Champions,3
13548,96,2,436,United Kingdom,678.16,678.16,0.0,0.0,2,2,3,223,7,Mid-value,2,Hibernating,10
13549,26,7,458,United Kingdom,918.2,916.12,2.080000000000041,0.0023,4,5,4,454,13,High-value,3,Loyal Customers,2
13551,319,1,12,United Kingdom,91.80000000000001,91.80000000000001,0.0,0.0,1,1,1,111,3,Low-value,1,Hibernating,10
13552,66,12,1417,United Kingdom,3740.07,3539.53,200.53999999999996,0.0536,3,5,5,355,13,High-value,3,Loyal Customers,2
13555,74,4,2636,United Kingdom,4098.88,4098.88,0.0,0.0,2,4,5,245,11,High-value,3,Do Not Lose,9
13557,28,2,546,United Kingdom,584.0600000000001,584.0600000000001,0.0,0.0,4,2,3,423,9,Mid-value,2,Potential Champions,3
13558,6,4,338,United Kingdom,594.52,594.52,0.0,0.0,5,4,3,543,12,High-value,3,Potential Champions,3
13560,7,1,63,United Kingdom,171.42000000000002,171.42000000000002,0.0,0.0,5,1,1,511,7,Mid-value,2,New Customers,4
13561,216,1,83,United Kingdom,141.85999999999999,141.85999999999999,0.0,0.0,1,1,1,111,3,Low-value,1,Hibernating,10
13562,82,3,757,United Kingdom,1799.3300000000002,1799.3300000000002,0.0,0.0,2,3,4,234,9,Mid-value,2,At Risk,8
13563,84,2,209,United Kingdom,777.53,777.53,0.0,0.0,2,2,3,223,7,Mid-value,2,Hibernating,10
13564,144,3,636,United Kingdom,1724.67,623.3900000000001,1101.28,0.6385,2,3,3,233,8,Mid-value,2,At Risk,8
13565,19,2,172,United Kingdom,240.22,240.22,0.0,0.0,4,2,2,422,8,Mid-value,2,Potential Champions,3
13566,41,2,567,United Kingdom,856.84,856.84,0.0,0.0,3,2,3,323,8,Mid-value,2,Hibernating,10
13568,173,1,66,United Kingdom,187.05,187.05,0.0,0.0,2,1,1,211,4,Low-value,1,Hibernating,10
13569,17,2,156,United Kingdom,338.62,338.62,0.0,0.0,4,2,2,422,8,Mid-value,2,Potential Champions,3
13570,243,1,161,United Kingdom,239.49,239.49,0.0,0.0,1,1,1,111,3,Low-value,1,Hibernating,10
13571,13,12,1757,United Kingdom,2088.94,2088.94,0.0,0.0,5,5,5,555,15,High-value,3,Champions,1
13572,206,1,534,United Kingdom,1384.25,1384.25,0.0,0.0,1,1,4,114,6,Mid-value,2,Hibernating,10
13573,50,2,302,United Kingdom,290.25,290.25,0.0,0.0,3,2,2,322,7,Mid-value,2,About to Sleep,7
13575,23,5,449,United Kingdom,732.07,732.07,0.0,0.0,4,4,3,443,11,High-value,3,Potential Champions,3
13576,10,18,2646,United Kingdom,6717.34,6703.3,14.039999999999964,0.0021,5,5,5,555,15,High-value,3,Champions,1
13577,25,4,791,United Kingdom,1687.6000000000001,1658.3,29.300000000000182,0.0174,4,4,4,444,12,High-value,3,Loyal Customers,2
13579,15,2,176,United Kingdom,467.04,467.04,0.0,0.0,4,2,2,422,8,Mid-value,2,Potential Champions,3
13581,309,1,30,United Kingdom,118.0,118.0,0.0,0.0,1,1,1,111,3,Low-value,1,Hibernating,10
13583,156,1,725,United Kingdom,781.03,781.03,0.0,0.0,2,1,3,213,6,Mid-value,2,Hibernating,10
13584,307,1,37,United Kingdom,142.4,142.4,0.0,0.0,1,1,1,111,3,Low-value,1,Hibernating,10
13587,64,1,180,United Kingdom,712.4,347.0,365.4,0.5129,3,1,2,312,6,Mid-value,2,About to Sleep,7
13588,16,9,2606,United Kingdom,2478.95,2445.12,33.82999999999993,0.0136,4,5,5,455,14,High-value,3,Loyal Customers,2
13589,15,2,114,United Kingdom,379.65,379.65,0.0,0.0,4,2,2,422,8,Mid-value,2,Potential Champions,3
13590,11,6,1848,United Kingdom,1981.92,1976.1200000000001,5.7999999999999545,0.0029,5,4,4,544,13,High-value,3,Champions,1
13591,65,3,485,United Kingdom,1117.13,1117.13,0.0,0.0,3,3,4,334,10,High-value,3,Need Attention,6
13592,36,4,84,United Kingdom,247.95999999999998,247.95999999999998,0.0,0.0,3,4,2,342,9,Mid-value,2,Hibernating,10
13593,108,5,719,United Kingdom,2011.88,1965.0800000000002,46.799999999999955,0.0233,2,4,4,244,10,High-value,3,Do Not Lose,9
13594,53,1,359,United Kingdom,396.97,396.97,0.0,0.0,3,1,2,312,6,Mid-value,2,About to Sleep,7
13596,6,2,384,United Kingdom,664.11,664.11,0.0,0.0,5,2,3,523,10,High-value,3,Potential Champions,3
13598,47,1,52,United Kingdom,160.04,147.29,12.75,0.0797,3,1,1,311,5,Mid-value,2,About to Sleep,7
13599,1,21,3293,United Kingdom,5149.92,5026.85,123.06999999999971,0.0239,5,5,5,555,15,High-value,3,Champions,1
13600,312,1,324,United Kingdom,219.52,219.52,0.0,0.0,1,1,1,111,3,Low-value,1,Hibernating,10
13601,45,2,548,United Kingdom,693.32,693.32,0.0,0.0,3,2,3,323,8,Mid-value,2,Hibernating,10
13602,65,1,267,United Kingdom,428.89,428.89,0.0,0.0,3,1,2,312,6,Mid-value,2,About to Sleep,7
13603,26,1,164,United Kingdom,164.34,164.34,0.0,0.0,4,1,1,411,6,Mid-value,2,Promising,5
13606,29,3,276,United Kingdom,276.75,276.75,0.0,0.0,4,3,2,432,9,Mid-value,2,Potential Champions,3
13607,40,1,288,United Kingdom,675.51,675.51,0.0,0.0,3,1,3,313,7,Mid-value,2,Hibernating,10
13610,12,7,488,United Kingdom,1082.33,1065.88,16.449999999999818,0.0152,5,5,4,554,14,High-value,3,Champions,1
13611,89,3,754,United Kingdom,1154.4,1140.8,13.600000000000136,0.0118,2,3,4,234,9,Mid-value,2,At Risk,8
13614,24,4,564,United Kingdom,1585.46,1585.46,0.0,0.0,4,4,4,444,12,High-value,3,Loyal Customers,2
13615,319,1,189,United Kingdom,417.69,399.99,17.69999999999999,0.0424,1,1,2,112,4,Low-value,1,Hibernating,10
13617,40,3,300,United Kingdom,544.18,544.18,0.0,0.0,3,3,3,333,9,Mid-value,2,Need Attention,6
13618,174,1,246,United Kingdom,177.34,177.34,0.0,0.0,2,1,1,211,4,Low-value,1,Hibernating,10
13621,117,1,343,United Kingdom,213.85,213.85,0.0,0.0,2,1,1,211,4,Low-value,1,Hibernating,10
13623,31,5,286,United Kingdom,727.74,652.4,75.34000000000003,0.1035,4,4,3,443,11,High-value,3,Potential Champions,3
13626,253,1,209,United Kingdom,257.23,257.23,0.0,0.0,1,1,2,112,4,Low-value,1,Hibernating,10
13627,59,5,1269,United Kingdom,1638.47,1624.02,14.450000000000045,0.0088,3,4,4,344,11,High-value,3,Loyal Customers,2
13629,23,11,4372,United Kingdom,7792.36,7792.36,0.0,0.0,4,5,5,455,14,High-value,3,Loyal Customers,2
13630,5,7,1391,United Kingdom,2031.78,1995.68,36.09999999999991,0.0178,5,5,4,554,14,High-value,3,Champions,1
13631,100,11,467,United Kingdom,3070.42,3021.77,48.65000000000009,0.0158,2,5,5,255,12,High-value,3,Do Not Lose,9
13632,25,5,1031,United Kingdom,2118.93,2114.68,4.25,0.002,4,4,5,445,13,High-value,3,Loyal Customers,2
13634,33,5,700,United Kingdom,1547.3600000000001,1547.3600000000001,0.0,0.0,4,4,4,444,12,High-value,3,Loyal Customers,2
13635,68,1,677,United Kingdom,1071.03,1071.03,0.0,0.0,3,1,4,314,8,Mid-value,2,Hibernating,10
13636,37,5,592,United Kingdom,949.12,941.62,7.5,0.0079,3,4,4,344,11,High-value,3,Loyal Customers,2
13637,52,3,405,United Kingdom,804.3,804.3,0.0,0.0,3,3,3,333,9,Mid-value,2,Need Attention,6
13638,16,1,93,United Kingdom,122.64,122.64,0.0,0.0,4,1,1,411,6,Mid-value,2,Promising,5
13639,74,1,800,United Kingdom,1033.34,1033.34,0.0,0.0,2,1,4,214,7,Mid-value,2,Hibernating,10
13642,216,1,151,United Kingdom,312.28,312.28,0.0,0.0,1,1,2,112,4,Low-value,1,Hibernating,10
13643,31,3,273,United Kingdom,519.44,519.44,0.0,0.0,4,3,3,433,10,High-value,3,Potential Champions,3
13644,16,4,2067,United Kingdom,2624.26,2597.52,26.740000000000236,0.0102,4,4,5,445,13,High-value,3,Loyal Customers,2
13645,120,1,158,United Kingdom,252.1,252.1,0.0,0.0,2,1,2,212,5,Mid-value,2,Hibernating,10
13647,10,4,887,United Kingdom,1648.1200000000001,1640.22,7.900000000000091,0.0048,5,4,4,544,13,High-value,3,Champions,1
13649,257,2,139,United Kingdom,346.6,346.6,0.0,0.0,1,2,2,122,5,Mid-value,2,Hibernating,10
13650,17,6,922,United Kingdom,1836.3400000000001,1809.3400000000001,27.0,0.0147,4,4,4,444,12,High-value,3,Loyal Customers,2
13651,35,2,33,United Kingdom,94.2,94.2,0.0,0.0,3,2,1,321,6,Mid-value,2,About to Sleep,7
13652,46,3,578,United Kingdom,1095.08,1095.08,0.0,0.0,3,3,4,334,10,High-value,3,Need Attention,6
13654,43,6,2182,United Kingdom,2707.33,2707.33,0.0,0.0,3,4,5,345,12,High-value,3,Loyal Customers,2
13655,114,2,605,United Kingdom,932.97,932.97,0.0,0.0,2,2,4,224,8,Mid-value,2,Hibernating,10
13656,165,2,490,United Kingdom,379.65,379.65,0.0,0.0,2,2,2,222,6,Mid-value,2,Hibernating,10
13657,11,2,209,United Kingdom,382.14,382.14,0.0,0.0,5,2,2,522,9,Mid-value,2,Potential Champions,3
13658,10,5,1019,United Kingdom,2639.17,2421.47,217.70000000000027,0.0825,5,4,5,545,14,High-value,3,Champions,1
13659,206,2,882,United Kingdom,1563.0,1540.65,22.34999999999991,0.0143,1,2,4,124,7,Mid-value,2,Hibernating,10
13662,86,3,533,United Kingdom,881.26,862.58,18.67999999999995,0.0212,2,3,3,233,8,Mid-value,2,At Risk,8
13663,179,1,91,United Kingdom,189.47,189.47,0.0,0.0,2,1,1,211,4,Low-value,1,Hibernating,10
13666,60,3,41,United Kingdom,84.65,84.65,0.0,0.0,3,3,1,331,7,Mid-value,2,Hibernating,10
13667,149,1,149,United Kingdom,299.05,299.05,0.0,0.0,2,1,2,212,5,Mid-value,2,Hibernating,10
13668,3,21,3722,United Kingdom,6309.83,6162.31,147.51999999999953,0.0234,5,5,5,555,15,High-value,3,Champions,1
13669,51,2,237,United Kingdom,218.55,218.55,0.0,0.0,3,2,1,321,6,Mid-value,2,About to Sleep,7
13670,75,1,282,United Kingdom,349.7,349.7,0.0,0.0,2,1,2,212,5,Mid-value,2,Hibernating,10
13672,301,2,57,United Kingdom,186.39000000000001,0.0,257.85,1.3834,1,2,1,121,4,Low-value,1,Hibernating,10
13673,19,2,114,United Kingdom,387.44,387.44,0.0,0.0,4,2,2,422,8,Mid-value,2,Potential Champions,3
13675,151,2,330,United Kingdom,486.82000000000005,486.82000000000005,0.0,0.0,2,2,3,223,7,Mid-value,2,Hibernating,10
13678,152,1,924,United Kingdom,232.6,232.6,0.0,0.0,2,1,1,211,4,Low-value,1,Hibernating,10
13680,1,4,1934,United Kingdom,3719.12,2199.01,1520.1099999999997,0.4087,5,4,5,545,14,High-value,3,Champions,1
13681,18,4,360,United Kingdom,827.83,827.83,0.0,0.0,4,4,3,443,11,High-value,3,Potential Champions,3
13682,187,1,10,United Kingdom,59.5,59.5,0.0,0.0,1,1,1,111,3,Low-value,1,Hibernating,10
13684,286,1,38,United Kingdom,65.13,62.13,2.999999999999993,0.0461,1,1,1,111,3,Low-value,1,Hibernating,10
13685,3,7,5056,United Kingdom,3119.44,3119.44,0.0,0.0,5,5,5,555,15,High-value,3,Champions,1
13686,183,1,70,United Kingdom,72.0,72.0,0.0,0.0,1,1,1,111,3,Low-value,1,Hibernating,10
13689,63,1,512,United Kingdom,910.0,910.0,0.0,0.0,3,1,3,313,7,Mid-value,2,Hibernating,10
13690,59,1,67,United Kingdom,172.25,172.25,0.0,0.0,3,1,1,311,5,Mid-value,2,About to Sleep,7
13692,25,3,1226,United Kingdom,1488.32,1466.8700000000001,21.449999999999818,0.0144,4,3,4,434,11,High-value,3,Potential Champions,3
13694,4,50,63312,United Kingdom,65039.62,62690.54,2349.0800000000017,0.0361,5,5,5,555,15,High-value,3,Champions,1
13695,31,15,1603,United Kingdom,2504.13,2504.13,0.0,0.0,4,5,5,455,14,High-value,3,Loyal Customers,2
13697,39,1,177,United Kingdom,151.3,151.3,0.0,0.0,3,1,1,311,5,Mid-value,2,About to Sleep,7
13699,155,1,66,United Kingdom,308.58000000000004,308.58000000000004,0.0,0.0,2,1,2,212,5,Mid-value,2,Hibernating,10
13700,26,10,2281,United Kingdom,2248.63,2248.63,0.0,0.0,4,5,5,455,14,High-value,3,Loyal Customers,2
13703,318,1,10,United Kingdom,99.5,99.5,0.0,0.0,1,1,1,111,3,Low-value,1,Hibernating,10
13704,5,9,1531,United Kingdom,2308.06,2295.31,12.75,0.0055,5,5,5,555,15,High-value,3,Champions,1
13705,8,3,363,United Kingdom,711.86,711.86,0.0,0.0,5,3,3,533,11,High-value,3,Potential Champions,3
13706,303,1,189,United Kingdom,330.79,330.79,0.0,0.0,1,1,2,112,4,Low-value,1,Hibernating,10
13707,267,2,351,United Kingdom,806.41,806.41,0.0,0.0,1,2,3,123,6,Mid-value,2,Hibernating,10
13708,271,1,301,United Kingdom,285.33,285.33,0.0,0.0,1,1,2,112,4,Low-value,1,Hibernating,10
13709,4,13,3508,United Kingdom,6307.650000000001,6228.71,78.94000000000051,0.0125,5,5,5,555,15,High-value,3,Champions,1
13710,32,1,176,United Kingdom,180.48,180.48,0.0,0.0,4,1,1,411,6,Mid-value,2,Promising,5
13711,219,2,140,United Kingdom,252.06,252.06,0.0,0.0,1,2,2,122,5,Mid-value,2,Hibernating,10
13712,247,1,352,United Kingdom,228.84,228.84,0.0,0.0,1,1,1,111,3,Low-value,1,Hibernating,10
13715,281,5,562,United Kingdom,1077.39,1051.99,25.40000000000009,0.0236,1,4,4,144,9,Mid-value,2,Do Not Lose,9
13716,269,1,138,United Kingdom,138.28,138.28,0.0,0.0,1,1,1,111,3,Low-value,1,Hibernating,10
13717,32,6,1959,United Kingdom,1445.01,1432.26,12.75,0.0088,4,4,4,444,12,High-value,3,Loyal Customers,2
13718,246,2,173,United Kingdom,306.55,306.55,0.0,0.0,1,2,2,122,5,Mid-value,2,Hibernating,10
13719,15,5,609,United Kingdom,1041.68,1041.68,0.0,0.0,4,4,4,444,12,High-value,3,Loyal Customers,2
13720,117,4,501,United Kingdom,799.9,799.9,0.0,0.0,2,4,3,243,9,Mid-value,2,At Risk,8
13721,36,1,316,United Kingdom,524.14,524.14,0.0,0.0,3,1,3,313,7,Mid-value,2,Hibernating,10
13722,132,3,1401,United Kingdom,2375.41,2369.16,6.25,0.0026,2,3,5,235,10,High-value,3,At Risk,8
13723,217,1,43,United Kingdom,199.85000000000002,199.85000000000002,0.0,0.0,1,1,1,111,3,Low-value,1,Hibernating,10
13725,50,8,806,United Kingdom,1980.56,1809.81,170.75,0.0862,3,5,4,354,12,High-value,3,Loyal Customers,2
13726,39,2,1054,United Kingdom,1079.66,1079.66,0.0,0.0,3,2,4,324,9,Mid-value,2,Hibernating,10
13727,29,2,162,United Kingdom,333.48,333.48,0.0,0.0,4,2,2,422,8,Mid-value,2,Potential Champions,3
13728,37,6,458,United Kingdom,1016.14,1016.14,0.0,0.0,3,4,4,344,11,High-value,3,Loyal Customers,2
13730,136,2,488,United Kingdom,752.6,752.6,0.0,0.0,2,2,3,223,7,Mid-value,2,Hibernating,10
13731,219,2,278,United Kingdom,610.59,610.59,0.0,0.0,1,2,3,123,6,Mid-value,2,Hibernating,10
13732,28,1,498,United Kingdom,491.86,491.86,0.0,0.0,4,1,3,413,8,Mid-value,2,Hibernating,10
13735,25,4,1128,United Kingdom,2883.54,2764.48,119.05999999999995,0.0413,4,4,5,445,13,High-value,3,Loyal Customers,2
13736,5,2,496,United Kingdom,729.8,721.9,7.899999999999977,0.0108,5,2,3,523,10,High-value,3,Potential Champions,3
13737,200,1,125,United Kingdom,339.6,339.6,0.0,0.0,1,1,2,112,4,Low-value,1,Hibernating,10
13739,18,1,54,United Kingdom,216.9,216.9,0.0,0.0,4,1,1,411,6,Mid-value,2,Promising,5
13740,241,1,425,United Kingdom,350.75,350.75,0.0,0.0,1,1,2,112,4,Low-value,1,Hibernating,10
13741,72,3,218,United Kingdom,668.4300000000001,666.33,2.1000000000000227,0.0031,3,3,3,333,9,Mid-value,2,Need Attention,6
13742,17,12,1115,United Kingdom,3107.87,3079.27,28.59999999999991,0.0092,4,5,5,455,14,High-value,3,Loyal Customers,2
13743,3,7,1776,United Kingdom,1341.6,1340.15,1.449999999999818,0.0011,5,5,4,554,14,High-value,3,Champions,1
13744,95,2,1153,United Kingdom,1080.52,1080.52,0.0,0.0,2,2,4,224,8,Mid-value,2,Hibernating,10
13745,162,1,496,United Kingdom,300.04,291.54,8.5,0.0283,2,1,2,212,5,Mid-value,2,Hibernating,10
13747,374,1,8,United Kingdom,79.6,79.6,0.0,0.0,1,1,1,111,3,Low-value,1,Hibernating,10
13748,96,5,439,United Kingdom,948.25,948.25,0.0,0.0,2,4,4,244,10,High-value,3,Do Not Lose,9
13750,54,5,516,United Kingdom,1647.26,1647.26,0.0,0.0,3,4,4,344,11,High-value,3,Loyal Customers,2
13751,288,1,152,United Kingdom,296.25,296.25,0.0,0.0,1,1,2,112,4,Low-value,1,Hibernating,10
13752,124,6,874,United Kingdom,1175.38,1175.38,0.0,0.0,2,4,4,244,10,High-value,3,Do Not Lose,9
13753,288,1,512,United Kingdom,741.26,741.26,0.0,0.0,1,1,3,113,5,Mid-value,2,Hibernating,10
13754,152,2,214,United Kingdom,282.6,282.6,0.0,0.0,2,2,2,222,6,Mid-value,2,Hibernating,10
13755,4,9,1242,United Kingdom,2108.06,2101.39,6.670000000000073,0.0032,5,5,5,555,15,High-value,3,Champions,1
13756,2,14,3188,United Kingdom,5189.52,5145.12,44.400000000000546,0.0086,5,5,5,555,15,High-value,3,Champions,1
13758,12,7,1844,United Kingdom,3190.55,3190.55,0.0,0.0,5,5,5,555,15,High-value,3,Champions,1
13759,33,2,287,United Kingdom,659.4100000000001,659.4100000000001,0.0,0.0,4,2,3,423,9,Mid-value,2,Potential Champions,3
13760,54,2,197,United Kingdom,286.79,286.79,0.0,0.0,3,2,2,322,7,Mid-value,2,About to Sleep,7
13761,50,2,642,United Kingdom,1070.65,1070.65,0.0,0.0,3,2,4,324,9,Mid-value,2,Hibernating,10
13762,219,1,272,United Kingdom,306.72,3.552713678800501e-15,306.72,1.0,1,1,1,111,3,Low-value,1,Hibernating,10
13763,63,1,728,United Kingdom,1714.96,1689.46,25.5,0.0149,3,1,4,314,8,Mid-value,2,Hibernating,10
13764,71,3,926,United Kingdom,1519.42,1519.42,0.0,0.0,3,3,4,334,10,High-value,3,Need Attention,6
13767,2,37,7322,United Kingdom,17220.36,16945.71,274.65000000000146,0.0159,5,5,5,555,15,High-value,3,Champions,1
13769,2,10,1163,United Kingdom,2796.51,2771.8700000000003,24.639999999999873,0.0088,5,5,5,555,15,High-value,3,Champions,1
13771,64,4,1477,United Kingdom,2634.45,2631.7,2.75,0.001,3,4,5,345,12,High-value,3,Loyal Customers,2
13772,34,3,540,United Kingdom,1122.63,1122.63,0.0,0.0,3,3,4,334,10,High-value,3,Need Attention,6
13774,82,1,192,United Kingdom,345.0,345.0,0.0,0.0,2,1,2,212,5,Mid-value,2,Hibernating,10
13777,1,33,12897,United Kingdom,25977.16,25748.350000000002,228.80999999999767,0.0088,5,5,5,555,15,High-value,3,Champions,1
13778,103,1,70,United Kingdom,178.7,178.7,0.0,0.0,2,1,1,211,4,Low-value,1,Hibernating,10
13780,7,2,318,United Kingdom,360.01,360.01,0.0,0.0,5,2,2,522,9,Mid-value,2,Potential Champions,3
13781,251,1,30,United Kingdom,127.84,127.84,0.0,0.0,1,1,1,111,3,Low-value,1,Hibernating,10
13782,13,6,369,United Kingdom,908.86,908.86,0.0,0.0,5,4,3,543,12,High-value,3,Potential Champions,3
13784,10,11,2493,United Kingdom,2462.79,2462.79,0.0,0.0,5,5,5,555,15,High-value,3,Champions,1
13786,367,1,136,United Kingdom,230.4,230.4,0.0,0.0,1,1,1,111,3,Low-value,1,Hibernating,10
13787,76,2,337,United Kingdom,309.04,309.04,0.0,0.0,2,2,2,222,6,Mid-value,2,Hibernating,10
13790,4,1,748,United Kingdom,348.79999999999995,348.79999999999995,0.0,0.0,5,1,2,512,8,Mid-value,2,New Customers,4
13791,128,2,1200,United Kingdom,1516.0,1047.68,468.31999999999994,0.3089,2,2,4,224,8,Mid-value,2,Hibernating,10
13792,66,2,92,United Kingdom,195.55,195.55,0.0,0.0,3,2,1,321,6,Mid-value,2,About to Sleep,7
13798,1,57,23948,United Kingdom,37153.85,36352.87,800.9799999999959,0.0216,5,5,5,555,15,High-value,3,Champions,1
13799,117,2,402,United Kingdom,688.86,688.86,0.0,0.0,2,2,3,223,7,Mid-value,2,Hibernating,10
13800,310,1,331,United Kingdom,558.32,558.32,0.0,0.0,1,1,3,113,5,Mid-value,2,Hibernating,10
13801,67,1,168,United Kingdom,324.8,324.8,0.0,0.0,3,1,2,312,6,Mid-value,2,About to Sleep,7
13802,139,3,2572,United Kingdom,4599.42,3906.27,693.1500000000001,0.1507,2,3,5,235,10,High-value,3,At Risk,8
13803,255,1,121,United Kingdom,277.07,277.07,0.0,0.0,1,1,2,112,4,Low-value,1,Hibernating,10
13804,31,7,1462,United Kingdom,2588.39,2588.39,0.0,0.0,4,5,5,455,14,High-value,3,Loyal Customers,2
13805,52,2,1900,United Kingdom,924.5999999999999,924.5999999999999,0.0,0.0,3,2,4,324,9,Mid-value,2,Hibernating,10
13806,64,1,56,United Kingdom,256.38,256.38,0.0,0.0,3,1,2,312,6,Mid-value,2,About to Sleep,7
13807,367,1,36,United Kingdom,112.6,112.6,0.0,0.0,1,1,1,111,3,Low-value,1,Hibernating,10
13808,6,5,782,United Kingdom,1747.66,1747.66,0.0,0.0,5,4,4,544,13,High-value,3,Champions,1
13809,305,1,29,Cyprus,155.05,155.05,0.0,0.0,1,1,1,111,3,Low-value,1,Hibernating,10
13810,29,3,312,Germany,1499.01,899.51,599.5,0.3999,4,3,3,433,10,High-value,3,Potential Champions,3
13811,184,3,68,Germany,814.5,591.75,222.75,0.2735,1,3,3,133,7,Mid-value,2,At Risk,8
13812,42,3,333,Germany,539.0,539.0,0.0,0.0,3,3,3,333,9,Mid-value,2,Need Attention,6
13813,40,4,552,Germany,1366.8600000000001,1353.41,13.450000000000045,0.0098,3,4,4,344,11,High-value,3,Loyal Customers,2
13814,92,2,864,Germany,1579.12,1562.12,17.0,0.0108,2,2,4,224,8,Mid-value,2,Hibernating,10
13815,22,4,2560,Germany,4027.36,4014.91,12.450000000000273,0.0031,4,4,5,445,13,High-value,3,Loyal Customers,2
13816,24,2,269,Germany,571.6700000000001,555.04,16.63000000000011,0.0291,4,2,3,423,9,Mid-value,2,Potential Champions,3
13817,29,2,211,Germany,382.98,382.98,0.0,0.0,4,2,2,422,8,Mid-value,2,Potential Champions,3
13819,302,3,1109,United Kingdom,1140.35,1140.35,0.0,0.0,1,3,4,134,8,Mid-value,2,At Risk,8
13821,145,2,153,United Kingdom,385.64,385.64,0.0,0.0,2,2,2,222,6,Mid-value,2,Hibernating,10
13822,6,2,611,United Kingdom,632.0,632.0,0.0,0.0,5,2,3,523,10,High-value,3,Potential Champions,3
13823,19,2,439,United Kingdom,957.66,957.66,0.0,0.0,4,2,4,424,10,High-value,3,Potential Champions,3
13824,33,5,768,United Kingdom,1698.94,1698.94,0.0,0.0,4,4,4,444,12,High-value,3,Loyal Customers,2
13826,176,1,82,United Kingdom,189.5,174.65,14.849999999999994,0.0784,2,1,1,211,4,Low-value,1,Hibernating,10
13827,58,3,138,United Kingdom,409.8,409.8,0.0,0.0,3,3,2,332,8,Mid-value,2,Hibernating,10
13828,22,1,311,United Kingdom,209.49,209.49,0.0,0.0,4,1,1,411,6,Mid-value,2,Promising,5
13831,16,6,743,United Kingdom,2198.45,2198.45,0.0,0.0,4,4,5,445,13,High-value,3,Loyal Customers,2
13832,19,1,28,United Kingdom,52.2,40.95,11.25,0.2155,4,1,1,411,6,Mid-value,2,Promising,5
13833,159,1,117,United Kingdom,383.85,383.85,0.0,0.0,2,1,2,212,5,Mid-value,2,Hibernating,10
13835,25,4,442,United Kingdom,834.57,834.57,0.0,0.0,4,4,3,443,11,High-value,3,Potential Champions,3
13837,212,2,182,United Kingdom,266.59000000000003,266.59000000000003,0.0,0.0,1,2,2,122,5,Mid-value,2,Hibernating,10
13838,6,4,254,United Kingdom,674.82,674.82,0.0,0.0,5,4,3,543,12,High-value,3,Potential Champions,3
13841,253,1,100,United Kingdom,85.0,85.0,0.0,0.0,1,1,1,111,3,Low-value,1,Hibernating,10
13842,59,9,1768,United Kingdom,3385.62,3385.62,0.0,0.0,3,5,5,355,13,High-value,3,Loyal Customers,2
13844,11,1,196,United Kingdom,361.62,361.62,0.0,0.0,5,1,2,512,8,Mid-value,2,New Customers,4
13845,65,1,182,United Kingdom,312.98,312.98,0.0,0.0,3,1,2,312,6,Mid-value,2,About to Sleep,7
13846,25,3,388,United Kingdom,865.0600000000001,847.61,17.450000000000045,0.0202,4,3,3,433,10,High-value,3,Potential Champions,3
13848,92,3,3700,United Kingdom,1255.0,1255.0,0.0,0.0,2,3,4,234,9,Mid-value,2,At Risk,8
13849,52,2,1016,United Kingdom,1537.95,1537.95,0.0,0.0,3,2,4,324,9,Mid-value,2,Hibernating,10
13850,129,1,944,United Kingdom,1595.48,1586.81,8.670000000000073,0.0054,2,1,4,214,7,Mid-value,2,Hibernating,10
13851,96,3,1705,United Kingdom,2651.46,2651.46,0.0,0.0,2,3,5,235,10,High-value,3,At Risk,8
13853,57,1,312,United Kingdom,1090.1399999999999,1056.94,33.19999999999982,0.0305,3,1,4,314,8,Mid-value,2,Hibernating,10
13854,9,25,2296,United Kingdom,8109.5199999999995,8025.0199999999995,84.5,0.0104,5,5,5,555,15,High-value,3,Champions,1
13856,169,3,494,United Kingdom,388.5,363.4,25.100000000000023,0.0646,2,3,2,232,7,Mid-value,2,Hibernating,10
13858,57,1,75,United Kingdom,216.17000000000002,216.17000000000002,0.0,0.0,3,1,1,311,5,Mid-value,2,About to Sleep,7
13859,326,1,129,United Kingdom,201.16,201.16,0.0,0.0,1,1,1,111,3,Low-value,1,Hibernating,10
13860,1,5,591,United Kingdom,1245.9,1240.0,5.900000000000091,0.0047,5,4,4,544,13,High-value,3,Champions,1
13862,18,8,1688,United Kingdom,2209.36,2187.31,22.050000000000182,0.01,4,5,5,455,14,High-value,3,Loyal Customers,2
13863,248,1,224,United Kingdom,305.78,299.56,6.21999999999997,0.0203,1,1,2,112,4,Low-value,1,Hibernating,10
13865,58,4,204,United Kingdom,501.56,501.56,0.0,0.0,3,4,3,343,10,High-value,3,Need Attention,6
13866,74,1,57,United Kingdom,145.67,145.67,0.0,0.0,2,1,1,211,4,Low-value,1,Hibernating,10
13867,31,3,501,United Kingdom,1005.09,1005.09,0.0,0.0,4,3,4,434,11,High-value,3,Potential Champions,3
13868,7,2,1964,United Kingdom,3192.54,3192.54,0.0,0.0,5,2,5,525,12,High-value,3,Potential Champions,3
13869,123,4,1709,United Kingdom,3083.65,3083.65,0.0,0.0,2,4,5,245,11,High-value,3,Do Not Lose,9
13870,2,8,1325,United Kingdom,2770.94,2751.25,19.690000000000055,0.0071,5,5,5,555,15,High-value,3,Champions,1
13871,23,13,2806,United Kingdom,6403.25,6389.8,13.449999999999818,0.0021,4,5,5,455,14,High-value,3,Loyal Customers,2
13873,120,3,140,United Kingdom,389.6,381.7,7.900000000000034,0.0203,2,3,2,232,7,Mid-value,2,Hibernating,10
13874,358,1,180,United Kingdom,540.45,540.45,0.0,0.0,1,1,3,113,5,Mid-value,2,Hibernating,10
13875,54,5,1316,United Kingdom,1786.79,1786.79,0.0,0.0,3,4,4,344,11,High-value,3,Loyal Customers,2
13876,64,1,36,United Kingdom,122.7,122.7,0.0,0.0,3,1,1,311,5,Mid-value,2,About to Sleep,7
13877,86,1,108,United Kingdom,117.24,117.24,0.0,0.0,2,1,1,211,4,Low-value,1,Hibernating,10
13878,55,1,463,United Kingdom,1271.57,1271.57,0.0,0.0,3,1,4,314,8,Mid-value,2,Hibernating,10
13880,21,13,1842,United Kingdom,3219.77,3219.77,0.0,0.0,4,5,5,455,14,High-value,3,Loyal Customers,2
13881,4,20,10118,United Kingdom,17159.52,16989.52,170.0,0.0099,5,5,5,555,15,High-value,3,Champions,1
13882,3,5,953,United Kingdom,1191.13,1131.28,59.850000000000136,0.0502,5,4,4,544,13,High-value,3,Champions,1
13883,11,5,1436,United Kingdom,2674.48,2538.75,135.73000000000002,0.0508,5,4,5,545,14,High-value,3,Champions,1
13884,7,5,300,United Kingdom,787.6,781.3000000000001,6.2999999999999545,0.008,5,4,3,543,12,High-value,3,Potential Champions,3
13885,189,2,182,United Kingdom,506.8,506.8,0.0,0.0,1,2,3,123,6,Mid-value,2,Hibernating,10
13886,71,1,126,United Kingdom,243.56,243.56,0.0,0.0,3,1,2,312,6,Mid-value,2,About to Sleep,7
13887,204,1,147,United Kingdom,349.55,349.55,0.0,0.0,1,1,2,112,4,Low-value,1,Hibernating,10
13888,120,2,254,United Kingdom,595.67,595.67,0.0,0.0,2,2,3,223,7,Mid-value,2,Hibernating,10
13889,93,1,146,United Kingdom,416.90000000000003,416.90000000000003,0.0,0.0,2,1,2,212,5,Mid-value,2,Hibernating,10
13890,1,10,831,United Kingdom,1883.81,1860.8600000000001,22.949999999999818,0.0122,5,5,4,554,14,High-value,3,Champions,1
13892,27,4,983,United Kingdom,632.97,632.97,0.0,0.0,4,4,3,443,11,High-value,3,Potential Champions,3
13893,298,1,190,United Kingdom,821.1,821.1,0.0,0.0,1,1,3,113,5,Mid-value,2,Hibernating,10
13894,24,3,354,United Kingdom,564.62,535.97,28.649999999999977,0.0507,4,3,3,433,10,High-value,3,Potential Champions,3
13895,28,4,1365,United Kingdom,2593.07,2588.12,4.950000000000273,0.0019,4,4,5,445,13,High-value,3,Loyal Customers,2
13897,50,1,200,United Kingdom,311.16,311.16,0.0,0.0,3,1,2,312,6,Mid-value,2,About to Sleep,7
13898,326,1,133,United Kingdom,155.93,155.93,0.0,0.0,1,1,1,111,3,Low-value,1,Hibernating,10
13899,16,2,156,United Kingdom,388.52,388.52,0.0,0.0,4,2,2,422,8,Mid-value,2,Potential Champions,3
13900,183,3,430,United Kingdom,740.95,740.95,0.0,0.0,1,3,3,133,7,Mid-value,2,At Risk,8
13901,72,5,1739,United Kingdom,2867.2000000000003,2867.2000000000003,0.0,0.0,3,4,5,345,12,High-value,3,Loyal Customers,2
13904,37,2,332,United Kingdom,332.64,332.64,0.0,0.0,3,2,2,322,7,Mid-value,2,About to Sleep,7
13908,80,4,1478,United Kingdom,2369.55,2347.05,22.5,0.0095,2,4,5,245,11,High-value,3,Do Not Lose,9
13911,57,9,2731,United Kingdom,2580.91,2580.91,0.0,0.0,3,5,5,355,13,High-value,3,Loyal Customers,2
13914,12,2,380,United Kingdom,626.45,613.95,12.5,0.02,5,2,3,523,10,High-value,3,Potential Champions,3
13917,50,2,228,United Kingdom,272.04,272.04,0.0,0.0,3,2,2,322,7,Mid-value,2,About to Sleep,7
13918,50,2,1140,United Kingdom,1212.8400000000001,1212.8400000000001,0.0,0.0,3,2,4,324,9,Mid-value,2,Hibernating,10
13919,59,2,474,Denmark,384.81,350.16,34.64999999999998,0.09,3,2,2,322,7,Mid-value,2,About to Sleep,7
13922,352,1,93,United Kingdom,172.25,172.25,0.0,0.0,1,1,1,111,3,Low-value,1,Hibernating,10
13923,54,1,185,United Kingdom,351.13,351.13,0.0,0.0,3,1,2,312,6,Mid-value,2,About to Sleep,7
13924,2,6,1575,United Kingdom,1838.8500000000001,1682.08,156.7700000000002,0.0853,5,4,4,544,13,High-value,3,Champions,1
13925,93,4,331,United Kingdom,678.25,616.65,61.60000000000002,0.0908,2,4,3,243,9,Mid-value,2,At Risk,8
13926,23,1,104,United Kingdom,223.85000000000002,223.85000000000002,0.0,0.0,4,1,1,411,6,Mid-value,2,Promising,5
13927,75,1,214,United Kingdom,348.99,348.99,0.0,0.0,2,1,2,212,5,Mid-value,2,Hibernating,10
13928,11,4,129,United Kingdom,464.57,464.57,0.0,0.0,5,4,2,542,11,High-value,3,Potential Champions,3
13929,169,2,143,United Kingdom,842.65,802.85,39.799999999999955,0.0472,2,2,3,223,7,Mid-value,2,Hibernating,10
13930,58,2,274,United Kingdom,337.34,337.34,0.0,0.0,3,2,2,322,7,Mid-value,2,About to Sleep,7
13931,96,2,725,United Kingdom,1237.53,1230.93,6.599999999999909,0.0053,2,2,4,224,8,Mid-value,2,Hibernating,10
13932,295,1,72,United Kingdom,307.4,307.4,0.0,0.0,1,1,2,112,4,Low-value,1,Hibernating,10
13933,109,2,205,United Kingdom,608.79,608.79,0.0,0.0,2,2,3,223,7,Mid-value,2,Hibernating,10
13934,264,1,390,United Kingdom,922.1,922.1,0.0,0.0,1,1,4,114,6,Mid-value,2,Hibernating,10
13936,180,1,330,United Kingdom,376.58,361.28000000000003,15.299999999999955,0.0406,1,1,2,112,4,Low-value,1,Hibernating,10
13937,169,1,123,United Kingdom,158.85,158.85,0.0,0.0,2,1,1,211,4,Low-value,1,Hibernating,10
13938,35,1,70,United Kingdom,71.66,71.66,0.0,0.0,3,1,1,311,5,Mid-value,2,About to Sleep,7
13939,23,3,847,United Kingdom,568.55,556.75,11.799999999999955,0.0208,4,3,3,433,10,High-value,3,Potential Champions,3
13940,17,4,516,United Kingdom,839.14,839.14,0.0,0.0,4,4,3,443,11,High-value,3,Potential Champions,3
13941,22,5,2364,United Kingdom,5112.96,4912.41,200.55000000000018,0.0392,4,4,5,445,13,High-value,3,Loyal Customers,2
13946,79,3,443,United Kingdom,561.57,561.57,0.0,0.0,2,3,3,233,8,Mid-value,2,At Risk,8
13947,65,1,44,United Kingdom,90.60000000000001,90.60000000000001,0.0,0.0,3,1,1,311,5,Mid-value,2,About to Sleep,7
13948,361,1,40,United Kingdom,102.0,102.0,0.0,0.0,1,1,1,111,3,Low-value,1,Hibernating,10
13949,3,6,2474,United Kingdom,2427.32,2427.32,0.0,0.0,5,4,5,545,14,High-value,3,Champions,1
13950,11,4,323,United Kingdom,745.0600000000001,728.5600000000001,16.5,0.0221,5,4,3,543,12,High-value,3,Potential Champions,3
13951,176,3,459,United Kingdom,674.45,674.45,0.0,0.0,2,3,3,233,8,Mid-value,2,At Risk,8
13952,218,2,1431,United Kingdom,3251.071,3246.091,4.980000000000018,0.0015,1,2,5,125,8,Mid-value,2,Hibernating,10
13953,7,7,2724,United Kingdom,3515.68,3515.68,0.0,0.0,5,5,5,555,15,High-value,3,Champions,1
13954,2,2,150,United Kingdom,439.92,378.59,61.33000000000004,0.1394,5,2,2,522,9,Mid-value,2,Potential Champions,3
13955,154,2,154,United Kingdom,322.96,322.96,0.0,0.0,2,2,2,222,6,Mid-value,2,Hibernating,10
13956,5,5,486,United Kingdom,1019.27,1019.27,0.0,0.0,5,4,4,544,13,High-value,3,Champions,1
13959,79,3,355,United Kingdom,594.04,594.04,0.0,0.0,2,3,3,233,8,Mid-value,2,At Risk,8
13960,21,2,142,United Kingdom,230.22,230.22,0.0,0.0,4,2,1,421,7,Mid-value,2,Promising,5
13962,22,2,87,United Kingdom,169.54999999999998,169.54999999999998,0.0,0.0,4,2,1,421,7,Mid-value,2,Promising,5
13963,308,4,460,United Kingdom,664.54,664.54,0.0,0.0,1,4,3,143,8,Mid-value,2,At Risk,8
13967,146,1,42,United Kingdom,80.7,80.7,0.0,0.0,2,1,1,211,4,Low-value,1,Hibernating,10
13969,7,18,4528,United Kingdom,9024.17,8956.92,67.25,0.0075,5,5,5,555,15,High-value,3,Champions,1
13971,19,8,1844,United Kingdom,2758.26,2702.2200000000003,56.039999999999964,0.0203,4,5,5,455,14,High-value,3,Loyal Customers,2
13972,71,2,187,United Kingdom,190.25,190.25,0.0,0.0,3,2,1,321,6,Mid-value,2,About to Sleep,7
13973,287,1,109,United Kingdom,264.7,264.7,0.0,0.0,1,1,2,112,4,Low-value,1,Hibernating,10
13974,49,1,249,United Kingdom,413.59000000000003,413.59000000000003,0.0,0.0,3,1,2,312,6,Mid-value,2,About to Sleep,7
13975,31,6,1697,United Kingdom,2461.2400000000002,2438.19,23.050000000000182,0.0094,4,4,5,445,13,High-value,3,Loyal Customers,2
13976,207,1,154,United Kingdom,357.98,357.98,0.0,0.0,1,1,2,112,4,Low-value,1,Hibernating,10
13978,15,2,315,United Kingdom,196.79,196.79,0.0,0.0,4,2,1,421,7,Mid-value,2,Promising,5
13979,73,1,639,United Kingdom,869.87,869.87,0.0,0.0,2,1,3,213,6,Mid-value,2,Hibernating,10
13980,60,1,172,United Kingdom,200.14,200.14,0.0,0.0,3,1,1,311,5,Mid-value,2,About to Sleep,7
13982,39,4,1136,United Kingdom,1871.81,1861.1100000000001,10.699999999999818,0.0057,3,4,4,344,11,High-value,3,Loyal Customers,2
13983,30,12,1183,United Kingdom,2603.43,2590.46,12.9699999999998,0.005,4,5,5,455,14,High-value,3,Loyal Customers,2
13984,27,5,679,United Kingdom,920.51,488.03,432.48,0.4698,4,4,3,443,11,High-value,3,Potential Champions,3
13985,4,15,3447,United Kingdom,7060.13,7024.53,35.600000000000364,0.005,5,5,5,555,15,High-value,3,Champions,1
13986,17,1,430,United Kingdom,320.46,320.46,0.0,0.0,4,1,2,412,7,Mid-value,2,Promising,5
13988,20,6,3044,United Kingdom,4147.96,4098.8,49.159999999999854,0.0119,4,4,5,445,13,High-value,3,Loyal Customers,2
13989,66,2,1313,United Kingdom,1266.08,1266.08,0.0,0.0,3,2,4,324,9,Mid-value,2,Hibernating,10
13990,213,1,190,United Kingdom,311.3,311.3,0.0,0.0,1,1,2,112,4,Low-value,1,Hibernating,10
13991,12,6,995,United Kingdom,852.88,847.54,5.340000000000032,0.0063,5,4,3,543,12,High-value,3,Potential Champions,3
13992,30,1,64,United Kingdom,76.8,76.8,0.0,0.0,4,1,1,411,6,Mid-value,2,Promising,5
13993,43,9,900,United Kingdom,3466.36,3409.66,56.70000000000027,0.0164,3,5,5,355,13,High-value,3,Loyal Customers,2
13994,4,6,932,United Kingdom,2274.14,2274.14,0.0,0.0,5,4,5,545,14,High-value,3,Champions,1
13995,15,5,879,United Kingdom,1393.69,1383.49,10.200000000000045,0.0073,4,4,4,444,12,High-value,3,Loyal Customers,2
13999,10,12,2243,United Kingdom,3901.81,3865.26,36.54999999999973,0.0094,5,5,5,555,15,High-value,3,Champions,1
14000,211,1,710,United Kingdom,635.66,633.71,1.9499999999999318,0.0031,1,1,3,113,5,Mid-value,2,Hibernating,10
14001,46,3,962,United Kingdom,2043.0800000000002,2030.3300000000002,12.75,0.0062,3,3,5,335,11,High-value,3,Need Attention,6
14002,134,2,877,United Kingdom,529.73,529.73,0.0,0.0,2,2,3,223,7,Mid-value,2,Hibernating,10
14004,43,7,2668,United Kingdom,4582.64,4582.64,0.0,0.0,3,5,5,355,13,High-value,3,Loyal Customers,2
14005,10,5,2478,United Kingdom,2874.72,2874.72,0.0,0.0,5,4,5,545,14,High-value,3,Champions,1
14006,116,3,641,United Kingdom,962.19,962.19,0.0,0.0,2,3,4,234,9,Mid-value,2,At Risk,8
14009,198,2,365,United Kingdom,695.61,685.9300000000001,9.67999999999995,0.0139,1,2,3,123,6,Mid-value,2,Hibernating,10
14012,278,1,160,United Kingdom,328.8,328.8,0.0,0.0,1,1,2,112,4,Low-value,1,Hibernating,10
14013,110,3,462,United Kingdom,473.02,473.02,0.0,0.0,2,3,3,233,8,Mid-value,2,At Risk,8
14014,77,1,1076,United Kingdom,505.18,505.18,0.0,0.0,2,1,3,213,6,Mid-value,2,Hibernating,10
14015,53,1,378,United Kingdom,917.34,917.34,0.0,0.0,3,1,4,314,8,Mid-value,2,Hibernating,10
14016,162,4,2125,EIRE,4341.21,4328.46,12.75,0.0029,2,4,5,245,11,High-value,3,Do Not Lose,9
14019,47,3,1037,United Kingdom,1421.6100000000001,1398.96,22.65000000000009,0.0159,3,3,4,334,10,High-value,3,Need Attention,6
14020,17,2,441,United Kingdom,642.8,642.8,0.0,0.0,4,2,3,423,9,Mid-value,2,Potential Champions,3
14021,155,3,192,United Kingdom,631.9,631.9,0.0,0.0,2,3,3,233,8,Mid-value,2,At Risk,8
14022,225,1,487,United Kingdom,440.0,440.0,0.0,0.0,1,1,2,112,4,Low-value,1,Hibernating,10
14023,7,2,345,United Kingdom,584.07,584.07,0.0,0.0,5,2,3,523,10,High-value,3,Potential Champions,3
14024,122,2,150,United Kingdom,327.7,327.7,0.0,0.0,2,2,2,222,6,Mid-value,2,Hibernating,10
14027,61,1,62,United Kingdom,104.82,104.82,0.0,0.0,3,1,1,311,5,Mid-value,2,About to Sleep,7
14029,63,2,198,United Kingdom,467.66,467.66,0.0,0.0,3,2,2,322,7,Mid-value,2,About to Sleep,7
14030,18,8,1478,United Kingdom,2358.84,2358.84,0.0,0.0,4,5,5,455,14,High-value,3,Loyal Customers,2
14031,7,19,5788,United Kingdom,17286.86,14634.64,2652.220000000001,0.1534,5,5,5,555,15,High-value,3,Champions,1
14032,2,11,2032,United Kingdom,2975.59,2929.84,45.75,0.0154,5,5,5,555,15,High-value,3,Champions,1
14034,22,3,420,United Kingdom,648.89,509.09,139.8,0.2154,4,3,3,433,10,High-value,3,Potential Champions,3
14035,29,5,739,United Kingdom,1428.02,1428.02,0.0,0.0,4,4,4,444,12,High-value,3,Loyal Customers,2
14036,285,1,268,United Kingdom,626.65,626.65,0.0,0.0,1,1,3,113,5,Mid-value,2,Hibernating,10
14037,176,2,46,United Kingdom,147.20000000000002,147.20000000000002,0.0,0.0,2,2,1,221,5,Mid-value,2,Hibernating,10
14038,78,3,965,United Kingdom,1560.38,1554.48,5.900000000000091,0.0038,2,3,4,234,9,Mid-value,2,At Risk,8
14039,33,1,92,United Kingdom,152.2,152.2,0.0,0.0,4,1,1,411,6,Mid-value,2,Promising,5
14040,41,12,1544,United Kingdom,3560.32,3487.59,72.73000000000002,0.0204,3,5,5,355,13,High-value,3,Loyal Customers,2
14041,266,1,94,United Kingdom,141.41,141.41,0.0,0.0,1,1,1,111,3,Low-value,1,Hibernating,10
14044,27,4,304,United Kingdom,646.42,646.42,0.0,0.0,4,4,3,443,11,High-value,3,Potential Champions,3
14045,109,4,535,United Kingdom,1659.75,1659.75,0.0,0.0,2,4,4,244,10,High-value,3,Do Not Lose,9
14046,284,1,460,United Kingdom,154.99,154.99,0.0,0.0,1,1,1,111,3,Low-value,1,Hibernating,10
14047,9,5,381,United Kingdom,1308.6100000000001,1290.01,18.600000000000136,0.0142,5,4,4,544,13,High-value,3,Champions,1
14048,305,1,288,United Kingdom,409.93,375.13,34.80000000000001,0.0849,1,1,2,112,4,Low-value,1,Hibernating,10
14049,17,4,3808,United Kingdom,5578.72,5536.15,42.57000000000062,0.0076,4,4,5,445,13,High-value,3,Loyal Customers,2
14050,32,2,689,United Kingdom,746.36,746.36,0.0,0.0,4,2,3,423,9,Mid-value,2,Potential Champions,3
14051,1,23,3756,United Kingdom,15610.390000000001,15477.34,133.0500000000011,0.0085,5,5,5,555,15,High-value,3,Champions,1
14052,20,1,89,United Kingdom,225.35999999999999,225.35999999999999,0.0,0.0,4,1,1,411,6,Mid-value,2,Promising,5
14053,124,2,215,United Kingdom,260.25,260.25,0.0,0.0,2,2,2,222,6,Mid-value,2,Hibernating,10
14054,65,1,62,United Kingdom,92.46000000000001,92.46000000000001,0.0,0.0,3,1,1,311,5,Mid-value,2,About to Sleep,7
14055,106,1,216,United Kingdom,725.6400000000001,725.6400000000001,0.0,0.0,2,1,3,213,6,Mid-value,2,Hibernating,10
14056,1,23,4252,United Kingdom,8152.71,8062.46,90.25,0.0111,5,5,5,555,15,High-value,3,Champions,1
14057,24,17,4873,United Kingdom,6211.66,6141.1,70.55999999999949,0.0114,4,5,5,455,14,High-value,3,Loyal Customers,2
14059,267,1,128,United Kingdom,183.6,183.6,0.0,0.0,1,1,1,111,3,Low-value,1,Hibernating,10
14060,5,19,5386,United Kingdom,6140.42,6135.38,5.039999999999964,0.0008,5,5,5,555,15,High-value,3,Champions,1
14062,10,12,5593,United Kingdom,10464.85,10464.85,0.0,0.0,5,5,5,555,15,High-value,3,Champions,1
14064,29,5,1772,United Kingdom,1334.34,1168.92,165.41999999999985,0.124,4,4,4,444,12,High-value,3,Loyal Customers,2
14066,267,1,45,United Kingdom,152.55,152.55,0.0,0.0,1,1,1,111,3,Low-value,1,Hibernating,10
14067,64,2,361,United Kingdom,374.7,374.7,0.0,0.0,3,2,2,322,7,Mid-value,2,About to Sleep,7
14068,320,1,73,United Kingdom,265.85,265.85,0.0,0.0,1,1,2,112,4,Low-value,1,Hibernating,10
14071,4,8,994,United Kingdom,1437.57,1306.16,131.40999999999985,0.0914,5,5,4,554,14,High-value,3,Champions,1
14073,32,1,130,United Kingdom,151.04,139.54,11.5,0.0761,4,1,1,411,6,Mid-value,2,Promising,5
14075,5,3,754,United Kingdom,942.26,942.26,0.0,0.0,5,3,4,534,12,High-value,3,Potential Champions,3
14076,129,1,79,United Kingdom,118.67,118.67,0.0,0.0,2,1,1,211,4,Low-value,1,Hibernating,10
14077,41,5,268,United Kingdom,499.42,499.42,0.0,0.0,3,4,3,343,10,High-value,3,Need Attention,6
14078,102,6,310,United Kingdom,1049.37,1049.37,0.0,0.0,2,4,4,244,10,High-value,3,Do Not Lose,9
14079,125,1,301,United Kingdom,375.1,375.1,0.0,0.0,2,1,2,212,5,Mid-value,2,Hibernating,10
14080,33,1,48,United Kingdom,45.599999999999994,45.599999999999994,0.0,0.0,4,1,1,411,6,Mid-value,2,Promising,5
14081,302,2,592,United Kingdom,921.62,891.77,29.850000000000023,0.0324,1,2,3,123,6,Mid-value,2,Hibernating,10
14082,365,1,110,United Kingdom,182.25,182.25,0.0,0.0,1,1,1,111,3,Low-value,1,Hibernating,10
14083,4,9,705,United Kingdom,1002.9,1002.9,0.0,0.0,5,5,4,554,14,High-value,3,Champions,1
14085,2,18,3177,United Kingdom,4421.29,4408.54,12.75,0.0029,5,5,5,555,15,High-value,3,Champions,1
14087,3,1,250,United Kingdom,191.47,178.72,12.75,0.0666,5,1,1,511,7,Mid-value,2,New Customers,4
14088,10,13,12665,United Kingdom,50491.81,50415.49,76.31999999999971,0.0015,5,5,5,555,15,High-value,3,Champions,1
14089,57,1,133,United Kingdom,158.75,158.75,0.0,0.0,3,1,1,311,5,Mid-value,2,About to Sleep,7
14090,325,1,72,United Kingdom,76.32000000000001,76.32000000000001,0.0,0.0,1,1,1,111,3,Low-value,1,Hibernating,10
14092,8,14,2066,United Kingdom,4076.9100000000003,4063.1,13.8100000000004,0.0034,5,5,5,555,15,High-value,3,Champions,1
14093,12,1,391,United Kingdom,433.86,433.86,0.0,0.0,5,1,2,512,8,Mid-value,2,New Customers,4
14096,4,17,16352,United Kingdom,65164.79,57120.909999999996,8043.880000000005,0.1234,5,5,5,555,15,High-value,3,Champions,1
14098,37,1,104,United Kingdom,147.35,147.35,0.0,0.0,3,1,1,311,5,Mid-value,2,About to Sleep,7
14099,16,11,2179,United Kingdom,3104.17,3092.9700000000003,11.199999999999818,0.0036,4,5,5,455,14,High-value,3,Loyal Customers,2
14100,138,1,63,United Kingdom,191.95,191.95,0.0,0.0,2,1,1,211,4,Low-value,1,Hibernating,10
14101,74,6,6942,United Kingdom,5976.79,5976.79,0.0,0.0,2,4,5,245,11,High-value,3,Do Not Lose,9
14102,5,5,769,United Kingdom,1105.8799999999999,1060.33,45.549999999999955,0.0412,5,4,4,544,13,High-value,3,Champions,1
14104,155,2,72,United Kingdom,216.21,216.21,0.0,0.0,2,2,1,221,5,Mid-value,2,Hibernating,10
14105,239,1,800,United Kingdom,1266.23,1260.33,5.900000000000091,0.0047,1,1,4,114,6,Mid-value,2,Hibernating,10
14107,52,7,1793,United Kingdom,2703.23,2688.48,14.75,0.0055,3,5,5,355,13,High-value,3,Loyal Customers,2
14108,31,2,381,United Kingdom,597.91,594.16,3.75,0.0063,4,2,3,423,9,Mid-value,2,Potential Champions,3
14109,73,1,88,United Kingdom,144.2,80.2,63.999999999999986,0.4438,2,1,1,211,4,Low-value,1,Hibernating,10
14110,4,12,2457,United Kingdom,5683.15,5669.65,13.5,0.0024,5,5,5,555,15,High-value,3,Champions,1
14111,14,4,458,United Kingdom,692.85,688.6,4.25,0.0061,4,4,3,443,11,High-value,3,Potential Champions,3
14112,23,7,1651,United Kingdom,2915.15,2774.17,140.98000000000002,0.0484,4,5,5,455,14,High-value,3,Loyal Customers,2
14113,4,4,745,United Kingdom,1840.42,1377.92,462.5,0.2513,5,4,4,544,13,High-value,3,Champions,1
14114,274,2,101,United Kingdom,386.53,386.53,0.0,0.0,1,2,2,122,5,Mid-value,2,Hibernating,10
14116,20,5,707,United Kingdom,1382.74,1382.74,0.0,0.0,4,4,4,444,12,High-value,3,Loyal Customers,2
14117,144,1,72,United Kingdom,90.0,90.0,0.0,0.0,2,1,1,211,4,Low-value,1,Hibernating,10
14121,4,4,2082,United Kingdom,2780.15,2740.3,39.84999999999991,0.0143,5,4,5,545,14,High-value,3,Champions,1
14124,84,1,1618,United Kingdom,419.58,419.58,0.0,0.0,2,1,2,212,5,Mid-value,2,Hibernating,10
14125,11,3,1628,United Kingdom,2720.63,2720.63,0.0,0.0,5,3,5,535,13,High-value,3,Potential Champions,3
14126,8,3,508,United Kingdom,706.1300000000001,643.6300000000001,62.5,0.0885,5,3,3,533,11,High-value,3,Potential Champions,3
14127,123,3,321,United Kingdom,709.71,709.71,0.0,0.0,2,3,3,233,8,Mid-value,2,At Risk,8
14128,61,2,564,United Kingdom,637.5,637.5,0.0,0.0,3,2,3,323,8,Mid-value,2,Hibernating,10
14129,2,5,592,United Kingdom,1123.8600000000001,1123.8600000000001,0.0,0.0,5,4,4,544,13,High-value,3,Champions,1
14130,319,1,257,United Kingdom,480.91,480.91,0.0,0.0,1,1,3,113,5,Mid-value,2,Hibernating,10
14132,2,11,3368,United Kingdom,3586.03,3580.13,5.900000000000091,0.0016,5,5,5,555,15,High-value,3,Champions,1
14133,130,3,348,United Kingdom,605.64,590.34,15.299999999999955,0.0253,2,3,3,233,8,Mid-value,2,At Risk,8
14135,2,15,3850,United Kingdom,4690.31,4690.31,0.0,0.0,5,5,5,555,15,High-value,3,Champions,1
14138,2,2,600,United Kingdom,965.88,965.88,0.0,0.0,5,2,4,524,11,High-value,3,Potential Champions,3
14139,46,1,510,United Kingdom,415.82,415.82,0.0,0.0,3,1,2,312,6,Mid-value,2,About to Sleep,7
14140,4,2,811,United Kingdom,935.05,920.05,15.0,0.016,5,2,4,524,11,High-value,3,Potential Champions,3
14141,3,4,355,United Kingdom,915.13,879.0300000000001,36.09999999999991,0.0394,5,4,3,543,12,High-value,3,Potential Champions,3
14142,373,1,313,United Kingdom,311.81,311.81,0.0,0.0,1,1,2,112,4,Low-value,1,Hibernating,10
14143,134,1,30,United Kingdom,115.8,115.8,0.0,0.0,2,1,1,211,4,Low-value,1,Hibernating,10
14145,47,4,756,United Kingdom,3742.2,3148.2,594.0,0.1587,3,4,5,345,12,High-value,3,Loyal Customers,2
14146,9,5,2437,United Kingdom,4191.0,2949.57,1241.4299999999998,0.2962,5,4,5,545,14,High-value,3,Champions,1
14147,78,2,108,United Kingdom,483.4,468.4,15.0,0.031,2,2,2,222,6,Mid-value,2,Hibernating,10
14148,234,1,16,United Kingdom,157.2,157.2,0.0,0.0,1,1,1,111,3,Low-value,1,Hibernating,10
14149,221,1,218,United Kingdom,446.62,259.43,187.19,0.4191,1,1,2,112,4,Low-value,1,Hibernating,10
14150,36,2,496,United Kingdom,658.64,658.64,0.0,0.0,3,2,3,323,8,Mid-value,2,Hibernating,10
14152,75,2,711,United Kingdom,621.29,611.09,10.199999999999932,0.0164,2,2,3,223,7,Mid-value,2,Hibernating,10
14154,239,2,465,United Kingdom,1345.62,1345.62,0.0,0.0,1,2,4,124,7,Mid-value,2,Hibernating,10
14155,266,1,25,United Kingdom,118.75,118.75,0.0,0.0,1,1,1,111,3,Low-value,1,Hibernating,10
14156,10,55,57768,EIRE,117210.08,113214.59,3995.4900000000052,0.0341,5,5,5,555,15,High-value,3,Champions,1
14157,20,2,271,United Kingdom,424.89000000000004,392.44,32.450000000000045,0.0764,4,2,2,422,8,Mid-value,2,Potential Champions,3
14158,40,1,781,United Kingdom,507.65999999999997,507.65999999999997,0.0,0.0,3,1,3,313,7,Mid-value,2,Hibernating,10
14159,20,11,4348,United Kingdom,4630.35,4615.64,14.710000000000036,0.0032,4,5,5,455,14,High-value,3,Loyal Customers,2
14161,216,3,450,United Kingdom,1097.6200000000001,1097.6200000000001,0.0,0.0,1,3,4,134,8,Mid-value,2,At Risk,8
14162,174,2,142,United Kingdom,289.36,289.36,0.0,0.0,2,2,2,222,6,Mid-value,2,Hibernating,10
14163,87,4,893,United Kingdom,2445.91,2445.91,0.0,0.0,2,4,5,245,11,High-value,3,Do Not Lose,9
14164,71,2,1033,United Kingdom,1631.77,1631.77,0.0,0.0,3,2,4,324,9,Mid-value,2,Hibernating,10
14165,276,1,53,United Kingdom,120.44,120.44,0.0,0.0,1,1,1,111,3,Low-value,1,Hibernating,10
14167,39,4,147,United Kingdom,562.59,562.59,0.0,0.0,3,4,3,343,10,High-value,3,Need Attention,6
14171,98,1,167,United Kingdom,363.79,363.79,0.0,0.0,2,1,2,212,5,Mid-value,2,Hibernating,10
14173,11,4,150,United Kingdom,450.84,450.84,0.0,0.0,5,4,2,542,11,High-value,3,Potential Champions,3
14174,33,1,94,United Kingdom,134.46,134.46,0.0,0.0,4,1,1,411,6,Mid-value,2,Promising,5
14175,60,3,1515,United Kingdom,3222.3,3108.06,114.24000000000024,0.0355,3,3,5,335,11,High-value,3,Need Attention,6
14176,297,4,209,United Kingdom,576.9000000000001,574.0,2.900000000000091,0.005,1,4,3,143,8,Mid-value,2,At Risk,8
14177,86,4,204,United Kingdom,549.46,544.51,4.9500000000000455,0.009,2,4,3,243,9,Mid-value,2,At Risk,8
14178,9,7,1494,United Kingdom,1600.26,1600.26,0.0,0.0,5,5,4,554,14,High-value,3,Champions,1
14179,41,2,319,United Kingdom,701.57,701.57,0.0,0.0,3,2,3,323,8,Mid-value,2,Hibernating,10
14180,11,25,719,United Kingdom,4748.52,4640.77,107.75,0.0227,5,5,5,555,15,High-value,3,Champions,1
14184,67,1,127,United Kingdom,452.89,452.89,0.0,0.0,3,1,2,312,6,Mid-value,2,About to Sleep,7
14185,331,1,6,United Kingdom,197.65,197.65,0.0,0.0,1,1,1,111,3,Low-value,1,Hibernating,10
14188,31,6,1162,United Kingdom,2054.36,2018.91,35.450000000000045,0.0173,4,4,5,445,13,High-value,3,Loyal Customers,2
14189,2,15,3937,United Kingdom,4654.08,4604.31,49.76999999999953,0.0107,5,5,5,555,15,High-value,3,Champions,1
14191,2,13,3662,United Kingdom,4684.76,4660.01,24.75,0.0053,5,5,5,555,15,High-value,3,Champions,1
14193,68,2,445,United Kingdom,853.39,853.39,0.0,0.0,3,2,3,323,8,Mid-value,2,Hibernating,10
14194,5,21,5840,United Kingdom,11349.52,11216.75,132.77000000000044,0.0117,5,5,5,555,15,High-value,3,Champions,1
14195,202,2,760,United Kingdom,1012.0,962.7,49.299999999999955,0.0487,1,2,4,124,7,Mid-value,2,Hibernating,10
14196,107,1,142,United Kingdom,335.52,335.52,0.0,0.0,2,1,2,212,5,Mid-value,2,Hibernating,10
14198,18,4,290,United Kingdom,701.4,663.5,37.89999999999998,0.054,4,4,3,443,11,High-value,3,Potential Champions,3
14199,218,1,28,United Kingdom,185.39999999999998,185.39999999999998,0.0,0.0,1,1,1,111,3,Low-value,1,Hibernating,10
14201,60,7,590,United Kingdom,747.44,688.04,59.40000000000009,0.0795,3,5,3,353,11,High-value,3,Need Attention,6
14204,2,1,72,United Kingdom,150.61,150.61,0.0,0.0,5,1,1,511,7,Mid-value,2,New Customers,4
14205,17,2,204,United Kingdom,466.7,218.78,247.92,0.5312,4,2,1,421,7,Mid-value,2,Promising,5
14206,239,1,276,United Kingdom,328.15999999999997,308.26,19.899999999999977,0.0606,1,1,2,112,4,Low-value,1,Hibernating,10
14208,95,1,114,United Kingdom,151.74,151.74,0.0,0.0,2,1,1,211,4,Low-value,1,Hibernating,10
14209,11,6,691,United Kingdom,2073.43,2067.13,6.299999999999727,0.003,5,4,5,545,14,High-value,3,Champions,1
14210,106,6,760,United Kingdom,1905.8400000000001,1900.89,4.9500000000000455,0.0026,2,4,4,244,10,High-value,3,Do Not Lose,9
14211,53,9,1242,United Kingdom,2241.1,2208.3,32.79999999999973,0.0146,3,5,5,355,13,High-value,3,Loyal Customers,2
14212,90,1,1152,United Kingdom,1070.48,1070.48,0.0,0.0,2,1,4,214,7,Mid-value,2,Hibernating,10
14214,31,5,751,United Kingdom,1004.38,1000.23,4.149999999999977,0.0041,4,4,4,444,12,High-value,3,Loyal Customers,2
14215,12,6,1358,United Kingdom,1789.72,1777.92,11.799999999999955,0.0066,5,4,4,544,13,High-value,3,Champions,1
14216,3,4,594,United Kingdom,1839.3,1839.3,0.0,0.0,5,4,4,544,13,High-value,3,Champions,1
14217,2,17,689,United Kingdom,2004.98,1925.3600000000001,79.61999999999989,0.0397,5,5,4,554,14,High-value,3,Champions,1
14218,43,1,160,United Kingdom,169.48000000000002,169.48000000000002,0.0,0.0,3,1,1,311,5,Mid-value,2,About to Sleep,7
14219,4,1,78,United Kingdom,89.94,89.94,0.0,0.0,5,1,1,511,7,Mid-value,2,New Customers,4
14220,247,2,272,United Kingdom,632.4000000000001,632.4000000000001,0.0,0.0,1,2,3,123,6,Mid-value,2,Hibernating,10
14221,42,9,2191,United Kingdom,3432.8,3427.85,4.950000000000273,0.0014,3,5,5,355,13,High-value,3,Loyal Customers,2
14222,177,1,607,United Kingdom,683.17,683.17,0.0,0.0,2,1,3,213,6,Mid-value,2,Hibernating,10
14223,92,3,585,United Kingdom,991.13,975.23,15.899999999999977,0.016,2,3,4,234,9,Mid-value,2,At Risk,8
14224,110,4,483,United Kingdom,1009.73,1009.73,0.0,0.0,2,4,4,244,10,High-value,3,Do Not Lose,9
14226,29,5,1296,United Kingdom,2214.79,2184.2400000000002,30.549999999999727,0.0138,4,4,5,445,13,High-value,3,Loyal Customers,2
14227,26,10,1820,United Kingdom,3350.96,3315.71,35.25,0.0105,4,5,5,455,14,High-value,3,Loyal Customers,2
14229,52,3,610,United Kingdom,1547.2,1450.6,96.60000000000014,0.0624,3,3,4,334,10,High-value,3,Need Attention,6
14231,184,3,409,United Kingdom,925.71,822.0600000000001,103.64999999999998,0.112,1,3,3,133,7,Mid-value,2,At Risk,8
14232,43,5,1941,United Kingdom,2048.07,2043.93,4.1400000000001,0.002,3,4,5,345,12,High-value,3,Loyal Customers,2
14233,49,4,680,United Kingdom,1462.72,1447.51,15.210000000000036,0.0104,3,4,4,344,11,High-value,3,Loyal Customers,2
14234,22,4,951,United Kingdom,754.12,754.12,0.0,0.0,4,4,3,443,11,High-value,3,Potential Champions,3
14235,75,5,1959,United Kingdom,3144.86,3093.86,51.0,0.0162,2,4,5,245,11,High-value,3,Do Not Lose,9
14236,81,2,310,United Kingdom,490.86,490.86,0.0,0.0,2,2,3,223,7,Mid-value,2,Hibernating,10
14237,373,1,38,United Kingdom,161.0,161.0,0.0,0.0,1,1,1,111,3,Low-value,1,Hibernating,10
14238,326,1,111,United Kingdom,146.85,146.85,0.0,0.0,1,1,1,111,3,Low-value,1,Hibernating,10
14239,43,11,993,United Kingdom,2380.85,2323.5,57.34999999999991,0.0241,3,5,5,355,13,High-value,3,Loyal Customers,2
14240,30,2,418,United Kingdom,890.34,890.34,0.0,0.0,4,2,3,423,9,Mid-value,2,Potential Champions,3
14241,184,1,146,United Kingdom,213.70000000000002,213.70000000000002,0.0,0.0,1,1,1,111,3,Low-value,1,Hibernating,10
14242,235,2,123,United Kingdom,280.55,280.55,0.0,0.0,1,2,2,122,5,Mid-value,2,Hibernating,10
14243,9,10,1221,United Kingdom,2588.77,2535.88,52.88999999999987,0.0204,5,5,5,555,15,High-value,3,Champions,1
14245,220,2,976,United Kingdom,1693.45,1677.48,15.970000000000027,0.0094,1,2,4,124,7,Mid-value,2,Hibernating,10
14246,111,3,804,United Kingdom,1474.06,1474.06,0.0,0.0,2,3,4,234,9,Mid-value,2,At Risk,8
14247,278,1,47,United Kingdom,136.77,136.77,0.0,0.0,1,1,1,111,3,Low-value,1,Hibernating,10
14248,318,1,102,United Kingdom,302.58,302.58,0.0,0.0,1,1,2,112,4,Low-value,1,Hibernating,10
14250,7,3,1200,United Kingdom,1904.05,1904.05,0.0,0.0,5,3,4,534,12,High-value,3,Potential Champions,3
14251,2,5,1674,United Kingdom,2879.7000000000003,2879.7000000000003,0.0,0.0,5,4,5,545,14,High-value,3,Champions,1
14256,260,2,414,United Kingdom,969.0600000000001,935.0600000000001,34.0,0.0351,1,2,4,124,7,Mid-value,2,Hibernating,10
14257,64,5,1682,United Kingdom,3099.7200000000003,3087.27,12.450000000000273,0.004,3,4,5,345,12,High-value,3,Loyal Customers,2
14258,9,9,7100,United Kingdom,12669.98,12650.08,19.899999999999636,0.0016,5,5,5,555,15,High-value,3,Champions,1
14259,142,1,68,United Kingdom,120.0,120.0,0.0,0.0,2,1,1,211,4,Low-value,1,Hibernating,10
14261,51,2,406,United Kingdom,1163.45,1163.45,0.0,0.0,3,2,4,324,9,Mid-value,2,Hibernating,10
14262,8,8,1645,United Kingdom,2618.23,2618.23,0.0,0.0,5,5,5,555,15,High-value,3,Champions,1
14264,155,2,70,United Kingdom,333.97,319.47,14.5,0.0434,2,2,2,222,6,Mid-value,2,Hibernating,10
14265,109,2,330,Unspecified,530.18,530.18,0.0,0.0,2,2,3,223,7,Mid-value,2,Hibernating,10
14267,163,3,530,United Kingdom,1516.24,1279.09,237.1500000000001,0.1564,2,3,4,234,9,Mid-value,2,At Risk,8
14270,332,1,197,United Kingdom,492.65000000000003,492.65000000000003,0.0,0.0,1,1,3,113,5,Mid-value,2,Hibernating,10
14271,226,1,88,United Kingdom,112.32000000000001,112.32000000000001,0.0,0.0,1,1,1,111,3,Low-value,1,Hibernating,10
14272,74,2,599,United Kingdom,437.96,437.96,0.0,0.0,2,2,2,222,6,Mid-value,2,Hibernating,10
14273,51,4,264,United Kingdom,559.97,559.97,0.0,0.0,3,4,3,343,10,High-value,3,Need Attention,6
14276,99,3,744,United Kingdom,1119.74,1019.39,100.35000000000002,0.0896,2,3,4,234,9,Mid-value,2,At Risk,8
14277,15,3,1976,France,4188.0,3928.8,259.1999999999998,0.0619,4,3,5,435,12,High-value,3,Potential Champions,3
14280,197,1,52,United Kingdom,134.04,134.04,0.0,0.0,1,1,1,111,3,Low-value,1,Hibernating,10
14282,3,15,2656,United Kingdom,3701.44,3701.44,0.0,0.0,5,5,5,555,15,High-value,3,Champions,1
14284,31,2,161,United Kingdom,595.25,578.45,16.799999999999955,0.0282,4,2,3,423,9,Mid-value,2,Potential Champions,3
14285,21,4,541,United Kingdom,1910.01,1910.01,0.0,0.0,4,4,4,444,12,High-value,3,Loyal Customers,2
14286,24,3,4338,United Kingdom,4628.75,4595.81,32.9399999999996,0.0071,4,3,5,435,12,High-value,3,Potential Champions,3
14287,8,3,261,United Kingdom,176.63,151.23,25.400000000000006,0.1438,5,3,1,531,9,Mid-value,2,Hibernating,10
14288,213,1,188,United Kingdom,426.6,413.85,12.75,0.0299,1,1,2,112,4,Low-value,1,Hibernating,10
14289,9,6,292,United Kingdom,911.26,911.26,0.0,0.0,5,4,3,543,12,High-value,3,Potential Champions,3
14290,11,5,915,United Kingdom,2314.65,2307.4500000000003,7.199999999999818,0.0031,5,4,5,545,14,High-value,3,Champions,1
14291,2,11,2749,United Kingdom,3883.25,3873.3,9.949999999999818,0.0026,5,5,5,555,15,High-value,3,Champions,1
14292,8,9,1663,United Kingdom,4871.93,4819.33,52.600000000000364,0.0108,5,5,5,555,15,High-value,3,Champions,1
14293,3,4,709,United Kingdom,1046.56,1046.56,0.0,0.0,5,4,4,544,13,High-value,3,Champions,1
14295,40,1,84,United Kingdom,166.20000000000002,154.70000000000002,11.5,0.0692,3,1,1,311,5,Mid-value,2,About to Sleep,7
14297,18,4,865,United Kingdom,1305.33,1284.06,21.269999999999982,0.0163,4,4,4,444,12,High-value,3,Loyal Customers,2
14298,8,44,58343,United Kingdom,51527.3,50862.44,664.8600000000006,0.0129,5,5,5,555,15,High-value,3,Champions,1
14299,8,9,2149,United Kingdom,3965.62,2855.35,1110.27,0.28,5,5,5,555,15,High-value,3,Champions,1
14300,19,1,32,United Kingdom,43.2,43.2,0.0,0.0,4,1,1,411,6,Mid-value,2,Promising,5
14301,117,1,606,United Kingdom,640.14,632.04,8.100000000000023,0.0127,2,1,3,213,6,Mid-value,2,Hibernating,10
14304,223,1,139,United Kingdom,383.45,197.1,186.35,0.486,1,1,1,111,3,Low-value,1,Hibernating,10
14305,71,3,1089,United Kingdom,1858.96,1803.76,55.200000000000045,0.0297,3,3,4,334,10,High-value,3,Need Attention,6
14306,51,2,1075,United Kingdom,2093.32,2083.42,9.900000000000091,0.0047,3,2,5,325,10,High-value,3,Hibernating,10
14307,89,6,2058,United Kingdom,2995.7200000000003,2995.7200000000003,0.0,0.0,2,4,5,245,11,High-value,3,Do Not Lose,9
14309,8,9,1633,United Kingdom,2352.53,2319.6800000000003,32.84999999999991,0.014,5,5,5,555,15,High-value,3,Champions,1
14311,243,1,146,United Kingdom,310.26,229.71,80.54999999999998,0.2596,1,1,1,111,3,Low-value,1,Hibernating,10
14312,47,6,1012,United Kingdom,1611.5900000000001,1611.5900000000001,0.0,0.0,3,4,4,344,11,High-value,3,Loyal Customers,2
14314,107,1,296,United Kingdom,120.0,120.0,0.0,0.0,2,1,1,211,4,Low-value,1,Hibernating,10
14315,45,6,1021,United Kingdom,2481.13,2456.98,24.15000000000009,0.0097,3,4,5,345,12,High-value,3,Loyal Customers,2
14317,65,1,255,United Kingdom,508.58,508.58,0.0,0.0,3,1,3,313,7,Mid-value,2,Hibernating,10
14320,207,2,325,United Kingdom,477.79,343.11,134.68,0.2819,1,2,2,122,5,Mid-value,2,Hibernating,10
14321,11,5,2406,United Kingdom,1530.75,1530.75,0.0,0.0,5,4,4,544,13,High-value,3,Champions,1
14323,115,2,350,United Kingdom,605.0600000000001,574.26,30.800000000000068,0.0509,2,2,3,223,7,Mid-value,2,Hibernating,10
14326,242,1,103,United Kingdom,183.85,166.85,17.0,0.0925,1,1,1,111,3,Low-value,1,Hibernating,10
14327,163,1,139,United Kingdom,311.65000000000003,311.65000000000003,0.0,0.0,2,1,2,212,5,Mid-value,2,Hibernating,10
14329,17,7,3087,United Kingdom,4975.24,4889.14,86.09999999999945,0.0173,4,5,5,455,14,High-value,3,Loyal Customers,2
14331,124,2,252,United Kingdom,462.66,462.66,0.0,0.0,2,2,2,222,6,Mid-value,2,Hibernating,10
14332,23,3,463,United Kingdom,840.21,840.21,0.0,0.0,4,3,3,433,10,High-value,3,Potential Champions,3
14333,68,1,58,United Kingdom,415.2,351.45,63.75,0.1535,3,1,2,312,6,Mid-value,2,About to Sleep,7
14334,17,8,1731,United Kingdom,2552.21,2539.46,12.75,0.005,4,5,5,455,14,High-value,3,Loyal Customers,2
14335,16,2,375,Germany,454.86,454.86,0.0,0.0,4,2,2,422,8,Mid-value,2,Potential Champions,3
14336,17,4,1759,United Kingdom,1614.91,1614.91,0.0,0.0,4,4,4,444,12,High-value,3,Loyal Customers,2
14338,161,2,335,United Kingdom,588.22,554.22,34.0,0.0578,2,2,3,223,7,Mid-value,2,Hibernating,10
14339,243,1,168,United Kingdom,309.52000000000004,289.91,19.610000000000014,0.0634,1,1,2,112,4,Low-value,1,Hibernating,10
14340,219,1,58,United Kingdom,134.7,134.7,0.0,0.0,1,1,1,111,3,Low-value,1,Hibernating,10
14341,45,8,1397,United Kingdom,2166.98,2151.08,15.900000000000091,0.0073,3,5,5,355,13,High-value,3,Loyal Customers,2
14342,21,4,347,United Kingdom,668.5600000000001,607.71,60.85000000000002,0.091,4,4,3,443,11,High-value,3,Potential Champions,3
14344,127,8,477,United Kingdom,889.9300000000001,889.9300000000001,0.0,0.0,2,5,3,253,10,High-value,3,At Risk,8
14345,39,1,50,United Kingdom,108.98,108.98,0.0,0.0,3,1,1,311,5,Mid-value,2,About to Sleep,7
14346,121,2,605,United Kingdom,1021.58,1021.58,0.0,0.0,2,2,4,224,8,Mid-value,2,Hibernating,10
14348,260,1,183,United Kingdom,409.57,409.57,0.0,0.0,1,1,2,112,4,Low-value,1,Hibernating,10
14349,10,1,86,United Kingdom,133.5,133.5,0.0,0.0,5,1,1,511,7,Mid-value,2,New Customers,4
14350,274,1,183,United Kingdom,282.93,258.7,24.230000000000018,0.0856,1,1,2,112,4,Low-value,1,Hibernating,10
14351,165,1,12,United Kingdom,51.0,51.0,0.0,0.0,2,1,1,211,4,Low-value,1,Hibernating,10
14352,157,4,538,United Kingdom,1078.96,1078.96,0.0,0.0,2,4,4,244,10,High-value,3,Do Not Lose,9
14353,215,1,64,United Kingdom,90.6,90.6,0.0,0.0,1,1,1,111,3,Low-value,1,Hibernating,10
14354,6,2,210,United Kingdom,163.62,163.62,0.0,0.0,5,2,1,521,8,Mid-value,2,New Customers,4
14355,366,1,92,United Kingdom,174.4,174.4,0.0,0.0,1,1,1,111,3,Low-value,1,Hibernating,10
14356,80,2,277,United Kingdom,701.23,666.9399999999999,34.29000000000008,0.0489,2,2,3,223,7,Mid-value,2,Hibernating,10
14357,43,1,147,United Kingdom,225.12,225.12,0.0,0.0,3,1,1,311,5,Mid-value,2,About to Sleep,7
14359,19,3,371,United Kingdom,912.1800000000001,882.58,29.600000000000023,0.0324,4,3,3,433,10,High-value,3,Potential Champions,3
14360,32,4,1139,United Kingdom,2118.03,2118.03,0.0,0.0,4,4,5,445,13,High-value,3,Loyal Customers,2
14362,22,1,96,United Kingdom,151.5,151.5,0.0,0.0,4,1,1,411,6,Mid-value,2,Promising,5
14364,109,8,1967,United Kingdom,3717.35,3717.35,0.0,0.0,2,5,5,255,12,High-value,3,Do Not Lose,9
14367,8,16,4426,United Kingdom,9227.82,9134.12,93.69999999999891,0.0102,5,5,5,555,15,High-value,3,Champions,1
14368,320,1,36,United Kingdom,155.0,155.0,0.0,0.0,1,1,1,111,3,Low-value,1,Hibernating,10
14371,295,1,34,United Kingdom,100.5,100.5,0.0,0.0,1,1,1,111,3,Low-value,1,Hibernating,10
14373,358,1,17,United Kingdom,76.55,76.55,0.0,0.0,1,1,1,111,3,Low-value,1,Hibernating,10
14375,185,1,184,United Kingdom,235.56,235.56,0.0,0.0,1,1,1,111,3,Low-value,1,Hibernating,10
14377,191,2,219,United Kingdom,617.05,617.05,0.0,0.0,1,2,3,123,6,Mid-value,2,Hibernating,10
14379,44,2,292,United Kingdom,348.1,348.1,0.0,0.0,3,2,2,322,7,Mid-value,2,About to Sleep,7
14381,52,1,146,United Kingdom,202.68,202.68,0.0,0.0,3,1,1,311,5,Mid-value,2,About to Sleep,7
14382,26,1,1231,United Kingdom,615.49,615.49,0.0,0.0,4,1,3,413,8,Mid-value,2,Hibernating,10
14383,38,3,817,United Kingdom,1247.69,1247.69,0.0,0.0,3,3,4,334,10,High-value,3,Need Attention,6
14385,9,3,159,United Kingdom,202.10999999999999,202.10999999999999,0.0,0.0,5,3,1,531,9,Mid-value,2,Hibernating,10
14386,297,1,54,United Kingdom,142.4,142.4,0.0,0.0,1,1,1,111,3,Low-value,1,Hibernating,10
14387,33,3,795,United Kingdom,1727.6,1727.6,0.0,0.0,4,3,4,434,11,High-value,3,Potential Champions,3
14388,10,8,1941,United Kingdom,3212.84,3172.04,40.80000000000018,0.0127,5,5,5,555,15,High-value,3,Champions,1
14389,65,2,729,United Kingdom,1043.46,999.72,43.74000000000001,0.0419,3,2,4,324,9,Mid-value,2,Hibernating,10
14390,10,9,2133,United Kingdom,4642.57,4582.22,60.349999999999454,0.013,5,5,5,555,15,High-value,3,Champions,1
14393,218,1,13,United Kingdom,67.95,67.95,0.0,0.0,1,1,1,111,3,Low-value,1,Hibernating,10
14395,2,9,1689,United Kingdom,3479.91,3444.11,35.79999999999973,0.0103,5,5,5,555,15,High-value,3,Champions,1
14396,65,2,225,United Kingdom,487.99,487.99,0.0,0.0,3,2,3,323,8,Mid-value,2,Hibernating,10
14397,3,19,1890,United Kingdom,2612.96,2556.68,56.2800000000002,0.0215,5,5,5,555,15,High-value,3,Champions,1
14400,149,1,454,United Kingdom,574.7,559.7,15.0,0.0261,2,1,3,213,6,Mid-value,2,Hibernating,10
14401,4,13,4507,United Kingdom,4051.48,4039.98,11.5,0.0028,5,5,5,555,15,High-value,3,Champions,1
14403,130,4,519,United Kingdom,1475.81,1426.31,49.5,0.0335,2,4,4,244,10,High-value,3,Do Not Lose,9
14404,34,6,827,United Kingdom,1449.32,1409.72,39.59999999999991,0.0273,3,4,4,344,11,High-value,3,Loyal Customers,2
14406,119,1,77,United Kingdom,156.75,156.75,0.0,0.0,2,1,1,211,4,Low-value,1,Hibernating,10
14407,107,6,1415,United Kingdom,2157.73,2111.08,46.65000000000009,0.0216,2,4,5,245,11,High-value,3,Do Not Lose,9
14408,11,7,1610,United Kingdom,2599.03,2599.03,0.0,0.0,5,5,5,555,15,High-value,3,Champions,1
14409,71,6,1230,United Kingdom,2059.4500000000003,1908.25,151.20000000000027,0.0734,3,4,4,344,11,High-value,3,Loyal Customers,2
14410,92,9,569,United Kingdom,1100.27,573.45,526.8199999999999,0.4788,2,5,3,253,10,High-value,3,At Risk,8
14411,311,1,196,United Kingdom,1063.0,1063.0,0.0,0.0,1,1,4,114,6,Mid-value,2,Hibernating,10
14412,43,2,786,United Kingdom,770.03,761.33,8.699999999999932,0.0113,3,2,3,323,8,Mid-value,2,Hibernating,10
14413,362,1,67,United Kingdom,121.05,121.05,0.0,0.0,1,1,1,111,3,Low-value,1,Hibernating,10
14414,92,7,2512,United Kingdom,1496.98,1485.1299999999999,11.850000000000136,0.0079,2,5,4,254,11,High-value,3,Do Not Lose,9
14415,1,13,2996,United Kingdom,5855.57,5766.85,88.71999999999935,0.0152,5,5,5,555,15,High-value,3,Champions,1
14416,22,2,326,United Kingdom,490.22,490.22,0.0,0.0,4,2,3,423,9,Mid-value,2,Potential Champions,3
14418,4,3,1711,United Kingdom,1937.25,1937.25,0.0,0.0,5,3,4,534,12,High-value,3,Potential Champions,3
14419,11,6,483,United Kingdom,1051.79,1051.79,0.0,0.0,5,4,4,544,13,High-value,3,Champions,1
14420,99,1,334,United Kingdom,387.52,385.87,1.6499999999999773,0.0043,2,1,2,212,5,Mid-value,2,Hibernating,10
14421,57,2,365,United Kingdom,813.11,813.11,0.0,0.0,3,2,3,323,8,Mid-value,2,Hibernating,10
14422,1,6,2906,United Kingdom,4263.64,4263.64,0.0,0.0,5,4,5,545,14,High-value,3,Champions,1
14423,218,1,120,United Kingdom,265.2,265.2,0.0,0.0,1,1,2,112,4,Low-value,1,Hibernating,10
14424,18,1,48,United Kingdom,322.08,322.08,0.0,0.0,4,1,2,412,7,Mid-value,2,Promising,5
14426,24,10,2699,United Kingdom,4481.67,3918.9,562.77,0.1256,4,5,5,455,14,High-value,3,Loyal Customers,2
14427,50,2,228,United Kingdom,363.34000000000003,363.34000000000003,0.0,0.0,3,2,2,322,7,Mid-value,2,About to Sleep,7
14428,7,5,428,United Kingdom,1224.06,1209.37,14.690000000000055,0.012,5,4,4,544,13,High-value,3,Champions,1
14431,303,1,130,United Kingdom,470.36,423.26000000000005,47.099999999999966,0.1001,1,1,2,112,4,Low-value,1,Hibernating,10
14432,10,6,2013,United Kingdom,2248.5,2248.5,0.0,0.0,5,4,5,545,14,High-value,3,Champions,1
14434,22,6,368,United Kingdom,1372.8,1372.8,0.0,0.0,4,4,4,444,12,High-value,3,Loyal Customers,2
14436,99,1,129,United Kingdom,89.06,89.06,0.0,0.0,2,1,1,211,4,Low-value,1,Hibernating,10
14437,366,1,60,United Kingdom,63.0,0.0,106.4,1.6889,1,1,1,111,3,Low-value,1,Hibernating,10
14438,306,1,82,United Kingdom,131.9,131.9,0.0,0.0,1,1,1,111,3,Low-value,1,Hibernating,10
14439,320,1,526,Greece,2661.24,2661.24,0.0,0.0,1,1,5,115,7,Mid-value,2,Hibernating,10
14440,8,5,588,United Kingdom,2357.68,2357.68,0.0,0.0,5,4,5,545,14,High-value,3,Champions,1
14441,1,4,446,United Kingdom,1712.89,1545.14,167.75,0.0979,5,4,4,544,13,High-value,3,Champions,1
14442,205,2,482,Channel Islands,1589.82,1544.6200000000001,45.19999999999982,0.0284,1,2,4,124,7,Mid-value,2,Hibernating,10
14443,54,4,938,United Kingdom,1420.2,1400.88,19.319999999999936,0.0136,3,4,4,344,11,High-value,3,Loyal Customers,2
14446,1,4,916,United Kingdom,1010.35,1010.35,0.0,0.0,5,4,4,544,13,High-value,3,Champions,1
14447,19,5,571,United Kingdom,1163.23,1163.23,0.0,0.0,4,4,4,444,12,High-value,3,Loyal Customers,2
14448,9,2,104,United Kingdom,375.35,375.35,0.0,0.0,5,2,2,522,9,Mid-value,2,Potential Champions,3
14449,19,4,741,United Kingdom,885.8,885.8,0.0,0.0,4,4,3,443,11,High-value,3,Potential Champions,3
14450,181,3,241,United Kingdom,483.25,483.25,0.0,0.0,1,3,3,133,7,Mid-value,2,At Risk,8
14451,60,2,378,United Kingdom,643.9,643.9,0.0,0.0,3,2,3,323,8,Mid-value,2,Hibernating,10
14452,11,2,116,United Kingdom,259.05,259.05,0.0,0.0,5,2,2,522,9,Mid-value,2,Potential Champions,3
14453,190,1,49,United Kingdom,119.93,119.93,0.0,0.0,1,1,1,111,3,Low-value,1,Hibernating,10
14456,5,9,2885,United Kingdom,3017.28,3002.51,14.769999999999982,0.0049,5,5,5,555,15,High-value,3,Champions,1
14457,311,1,88,United Kingdom,113.64,113.64,0.0,0.0,1,1,1,111,3,Low-value,1,Hibernating,10
14459,155,1,760,United Kingdom,1837.92,1837.92,0.0,0.0,2,1,4,214,7,Mid-value,2,Hibernating,10
14460,110,3,881,United Kingdom,434.34,383.34,51.0,0.1174,2,3,2,232,7,Mid-value,2,Hibernating,10
14461,148,3,766,United Kingdom,2103.06,2103.06,0.0,0.0,2,3,5,235,10,High-value,3,At Risk,8
14462,66,11,956,United Kingdom,1980.57,1942.45,38.11999999999989,0.0192,3,5,4,354,12,High-value,3,Loyal Customers,2
14463,98,3,179,United Kingdom,529.62,529.62,0.0,0.0,2,3,3,233,8,Mid-value,2,At Risk,8
14465,247,3,398,United Kingdom,1038.44,1038.44,0.0,0.0,1,3,4,134,8,Mid-value,2,At Risk,8
14466,29,7,1006,United Kingdom,2272.4,2272.4,0.0,0.0,4,5,5,455,14,High-value,3,Loyal Customers,2
14467,18,4,276,United Kingdom,596.26,596.26,0.0,0.0,4,4,3,443,11,High-value,3,Potential Champions,3
14470,12,2,193,United Kingdom,461.19,461.19,0.0,0.0,5,2,2,522,9,Mid-value,2,Potential Champions,3
14472,104,8,1135,United Kingdom,1852.67,1852.67,0.0,0.0,2,5,4,254,11,High-value,3,Do Not Lose,9
14473,74,2,88,United Kingdom,234.34,234.34,0.0,0.0,2,2,1,221,5,Mid-value,2,Hibernating,10
14474,46,1,140,United Kingdom,547.66,537.71,9.949999999999932,0.0182,3,1,3,313,7,Mid-value,2,Hibernating,10
14475,72,3,447,United Kingdom,925.85,799.82,126.02999999999997,0.1361,3,3,3,333,9,Mid-value,2,Need Attention,6
14476,257,1,110,United Kingdom,193.0,193.0,0.0,0.0,1,1,1,111,3,Low-value,1,Hibernating,10
14477,20,4,720,United Kingdom,1309.6,1307.81,1.7899999999999636,0.0014,4,4,4,444,12,High-value,3,Loyal Customers,2
14479,254,2,117,United Kingdom,316.25,316.25,0.0,0.0,1,2,2,122,5,Mid-value,2,Hibernating,10
14480,11,1,143,United Kingdom,279.05,279.05,0.0,0.0,5,1,2,512,8,Mid-value,2,New Customers,4
14481,165,2,489,United Kingdom,636.51,636.51,0.0,0.0,2,2,3,223,7,Mid-value,2,Hibernating,10
14482,18,6,1627,United Kingdom,2022.81,2022.81,0.0,0.0,4,4,5,445,13,High-value,3,Loyal Customers,2
14483,282,1,97,United Kingdom,137.1,129.20000000000002,7.899999999999977,0.0576,1,1,1,111,3,Low-value,1,Hibernating,10
14484,50,1,210,United Kingdom,321.92,321.92,0.0,0.0,3,1,2,312,6,Mid-value,2,About to Sleep,7
14485,39,1,70,United Kingdom,162.8,162.8,0.0,0.0,3,1,1,311,5,Mid-value,2,About to Sleep,7
14487,27,6,712,United Kingdom,1165.48,1152.73,12.75,0.0109,4,4,4,444,12,High-value,3,Loyal Customers,2
14488,68,1,799,United Kingdom,1064.28,1047.43,16.84999999999991,0.0158,3,1,4,314,8,Mid-value,2,Hibernating,10
14489,207,1,299,United Kingdom,463.38,463.38,0.0,0.0,1,1,2,112,4,Low-value,1,Hibernating,10
14491,175,2,139,United Kingdom,340.93,340.93,0.0,0.0,2,2,2,222,6,Mid-value,2,Hibernating,10
14493,7,5,1285,United Kingdom,2383.2400000000002,2362.84,20.40000000000009,0.0086,5,4,5,545,14,High-value,3,Champions,1
14494,26,1,92,United Kingdom,139.56,139.56,0.0,0.0,4,1,1,411,6,Mid-value,2,Promising,5
14495,51,2,62,United Kingdom,123.80000000000001,123.80000000000001,0.0,0.0,3,2,1,321,6,Mid-value,2,About to Sleep,7
14496,312,2,159,United Kingdom,538.8100000000001,538.8100000000001,0.0,0.0,1,2,3,123,6,Mid-value,2,Hibernating,10
14497,309,1,235,United Kingdom,475.37,457.47,17.899999999999977,0.0377,1,1,2,112,4,Low-value,1,Hibernating,10
14498,43,5,1098,United Kingdom,1957.32,1957.32,0.0,0.0,3,4,4,344,11,High-value,3,Loyal Customers,2
14499,26,3,496,United Kingdom,808.44,808.44,0.0,0.0,4,3,3,433,10,High-value,3,Potential Champions,3
14500,88,3,117,United Kingdom,356.85,356.85,0.0,0.0,2,3,2,232,7,Mid-value,2,Hibernating,10
14501,184,2,161,United Kingdom,251.21,190.31,60.900000000000006,0.2424,1,2,1,121,4,Low-value,1,Hibernating,10
14502,20,11,1480,United Kingdom,2429.83,2310.18,119.65000000000009,0.0492,4,5,5,455,14,High-value,3,Loyal Customers,2
14503,3,6,2004,United Kingdom,3543.26,3543.26,0.0,0.0,5,4,5,545,14,High-value,3,Champions,1
14504,47,4,308,United Kingdom,673.26,673.26,0.0,0.0,3,4,3,343,10,High-value,3,Need Attention,6
14505,17,8,2739,United Kingdom,5859.43,5772.49,86.94000000000051,0.0148,4,5,5,455,14,High-value,3,Loyal Customers,2
14506,17,5,704,United Kingdom,1960.65,1960.65,0.0,0.0,4,4,4,444,12,High-value,3,Loyal Customers,2
14507,24,6,594,United Kingdom,1367.88,1352.88,15.0,0.011,4,4,4,444,12,High-value,3,Loyal Customers,2
14508,22,2,129,United Kingdom,268.05,268.05,0.0,0.0,4,2,2,422,8,Mid-value,2,Potential Champions,3
14511,11,5,784,United Kingdom,1314.81,1267.41,47.399999999999864,0.0361,5,4,4,544,13,High-value,3,Champions,1
14512,188,2,122,United Kingdom,275.28,275.28,0.0,0.0,1,2,2,122,5,Mid-value,2,Hibernating,10
14513,101,3,361,United Kingdom,455.59000000000003,438.49,17.100000000000023,0.0375,2,3,2,232,7,Mid-value,2,Hibernating,10
14514,61,3,564,United Kingdom,990.2,990.2,0.0,0.0,3,3,4,334,10,High-value,3,Need Attention,6
14515,18,6,1110,United Kingdom,2076.89,2076.89,0.0,0.0,4,4,5,445,13,High-value,3,Loyal Customers,2
14517,33,2,91,United Kingdom,330.45,330.45,0.0,0.0,4,2,2,422,8,Mid-value,2,Potential Champions,3
14518,64,1,278,United Kingdom,174.37,174.37,0.0,0.0,3,1,1,311,5,Mid-value,2,About to Sleep,7
14520,2,2,146,United Kingdom,270.6,270.6,0.0,0.0,5,2,2,522,9,Mid-value,2,Potential Champions,3
14522,24,4,525,United Kingdom,974.54,974.54,0.0,0.0,4,4,4,444,12,High-value,3,Loyal Customers,2
14523,108,1,251,United Kingdom,241.09,241.09,0.0,0.0,2,1,2,212,5,Mid-value,2,Hibernating,10
14524,32,9,669,United Kingdom,1843.83,1843.83,0.0,0.0,4,5,4,454,13,High-value,3,Loyal Customers,2
14525,20,9,2637,United Kingdom,4215.9,4105.07,110.82999999999993,0.0263,4,5,5,455,14,High-value,3,Loyal Customers,2
14527,3,55,2088,United Kingdom,8507.13,7709.69,797.4399999999996,0.0937,5,5,5,555,15,High-value,3,Champions,1
14528,37,1,278,United Kingdom,364.21999999999997,364.21999999999997,0.0,0.0,3,1,2,312,6,Mid-value,2,About to Sleep,7
14529,60,3,325,United Kingdom,578.61,578.61,0.0,0.0,3,3,3,333,9,Mid-value,2,Need Attention,6
14530,26,6,1395,United Kingdom,2862.11,2862.11,0.0,0.0,4,4,5,445,13,High-value,3,Loyal Customers,2
14532,236,4,284,United Kingdom,932.85,932.85,0.0,0.0,1,4,4,144,9,Mid-value,2,Do Not Lose,9
14533,25,7,4019,United Kingdom,1949.72,1812.6200000000001,137.0999999999999,0.0703,4,5,4,454,13,High-value,3,Loyal Customers,2
14534,3,18,2027,United Kingdom,4397.3,4025.6,371.7000000000003,0.0845,5,5,5,555,15,High-value,3,Champions,1
14535,60,3,1824,United Kingdom,2854.84,2831.7400000000002,23.09999999999991,0.0081,3,3,5,335,11,High-value,3,Need Attention,6
14536,260,1,39,United Kingdom,170.95,170.95,0.0,0.0,1,1,1,111,3,Low-value,1,Hibernating,10
14537,58,1,120,United Kingdom,355.56,355.56,0.0,0.0,3,1,2,312,6,Mid-value,2,About to Sleep,7
14538,65,2,155,United Kingdom,388.25,388.25,0.0,0.0,3,2,2,322,7,Mid-value,2,About to Sleep,7
14539,16,2,428,United Kingdom,537.48,537.48,0.0,0.0,4,2,3,423,9,Mid-value,2,Potential Champions,3
14540,10,3,411,United Kingdom,952.66,952.66,0.0,0.0,5,3,4,534,12,High-value,3,Potential Champions,3
14541,59,8,641,United Kingdom,1453.35,1453.35,0.0,0.0,3,5,4,354,12,High-value,3,Loyal Customers,2
14542,186,1,19,United Kingdom,103.25,103.25,0.0,0.0,1,1,1,111,3,Low-value,1,Hibernating,10
14543,29,16,675,United Kingdom,3599.73,2916.17,683.56,0.1899,4,5,5,455,14,High-value,3,Loyal Customers,2
14544,24,2,1536,United Kingdom,2004.3,2004.3,0.0,0.0,4,2,5,425,11,High-value,3,Potential Champions,3
14546,5,5,1313,United Kingdom,2573.93,2482.86,91.06999999999971,0.0354,5,4,5,545,14,High-value,3,Champions,1
14547,4,8,2639,United Kingdom,3974.75,3953.9500000000003,20.799999999999727,0.0052,5,5,5,555,15,High-value,3,Champions,1
14548,151,2,256,United Kingdom,652.8,652.8,0.0,0.0,2,2,3,223,7,Mid-value,2,Hibernating,10
14549,311,1,136,United Kingdom,289.24,289.24,0.0,0.0,1,1,2,112,4,Low-value,1,Hibernating,10
14550,11,2,389,United Kingdom,757.37,757.37,0.0,0.0,5,2,3,523,10,High-value,3,Potential Champions,3
14551,18,2,106,United Kingdom,186.23,186.23,0.0,0.0,4,2,1,421,7,Mid-value,2,Promising,5
14552,152,1,90,United Kingdom,164.22,164.22,0.0,0.0,2,1,1,211,4,Low-value,1,Hibernating,10
14553,19,5,493,United Kingdom,859.27,859.27,0.0,0.0,4,4,3,443,11,High-value,3,Potential Champions,3
14554,10,4,1443,United Kingdom,2279.4900000000002,2279.4900000000002,0.0,0.0,5,4,5,545,14,High-value,3,Champions,1
14555,57,2,122,United Kingdom,312.54,312.54,0.0,0.0,3,2,2,322,7,Mid-value,2,About to Sleep,7
14557,85,1,510,United Kingdom,788.38,0.0,788.38,1.0,2,1,1,211,4,Low-value,1,Hibernating,10
14560,7,22,1260,United Kingdom,2237.77,2174.18,63.590000000000146,0.0284,5,5,5,555,15,High-value,3,Champions,1
14561,76,3,1014,United Kingdom,1080.76,1080.76,0.0,0.0,2,3,4,234,9,Mid-value,2,At Risk,8
14562,4,18,1815,United Kingdom,5006.77,4676.62,330.15000000000055,0.0659,5,5,5,555,15,High-value,3,Champions,1
14565,96,4,1540,United Kingdom,3099.12,3073.77,25.34999999999991,0.0082,2,4,5,245,11,High-value,3,Do Not Lose,9
14566,111,1,800,Channel Islands,1432.0,1432.0,0.0,0.0,2,1,4,214,7,Mid-value,2,Hibernating,10
14567,57,2,412,United Kingdom,1530.3600000000001,1524.46,5.900000000000091,0.0039,3,2,4,324,9,Mid-value,2,Hibernating,10
14569,1,1,79,United Kingdom,227.39,227.39,0.0,0.0,5,1,1,511,7,Mid-value,2,New Customers,4
14570,281,2,95,United Kingdom,218.06,218.06,0.0,0.0,1,2,1,121,4,Low-value,1,Hibernating,10
14572,3,7,1420,United Kingdom,2804.54,2775.39,29.15000000000009,0.0104,5,5,5,555,15,High-value,3,Champions,1
14573,180,9,534,United Kingdom,1639.82,1590.12,49.700000000000045,0.0303,1,5,4,154,10,High-value,3,Do Not Lose,9
14576,372,1,12,United Kingdom,35.400000000000006,35.400000000000006,0.0,0.0,1,1,1,111,3,Low-value,1,Hibernating,10
14577,13,4,353,United Kingdom,859.71,859.71,0.0,0.0,5,4,3,543,12,High-value,3,Potential Champions,3
14578,3,1,240,United Kingdom,168.63,168.63,0.0,0.0,5,1,1,511,7,Mid-value,2,New Customers,4
14581,17,1,217,United Kingdom,138.6,138.6,0.0,0.0,4,1,1,411,6,Mid-value,2,Promising,5
14582,41,1,73,United Kingdom,114.11,114.11,0.0,0.0,3,1,1,311,5,Mid-value,2,About to Sleep,7
14583,6,5,751,United Kingdom,986.96,986.96,0.0,0.0,5,4,4,544,13,High-value,3,Champions,1
14584,169,4,381,United Kingdom,1033.06,1020.06,13.0,0.0126,2,4,4,244,10,High-value,3,Do Not Lose,9
14585,50,1,91,United Kingdom,157.05,157.05,0.0,0.0,3,1,1,311,5,Mid-value,2,About to Sleep,7
14586,277,1,444,United Kingdom,237.35999999999999,134.16,103.19999999999999,0.4348,1,1,1,111,3,Low-value,1,Hibernating,10
14587,19,9,749,United Kingdom,1580.29,1577.39,2.8999999999998636,0.0018,4,5,4,454,13,High-value,3,Loyal Customers,2
14589,372,1,5,United Kingdom,39.75,39.75,0.0,0.0,1,1,1,111,3,Low-value,1,Hibernating,10
14591,15,4,1228,United Kingdom,1320.21,1320.21,0.0,0.0,4,4,4,444,12,High-value,3,Loyal Customers,2
14592,35,3,407,United Kingdom,557.94,557.94,0.0,0.0,3,3,3,333,9,Mid-value,2,Need Attention,6
14593,22,3,330,United Kingdom,617.15,617.15,0.0,0.0,4,3,3,433,10,High-value,3,Potential Champions,3
14594,7,2,183,United Kingdom,363.33,363.33,0.0,0.0,5,2,2,522,9,Mid-value,2,Potential Champions,3
14595,20,6,978,United Kingdom,1740.6000000000001,1740.6000000000001,0.0,0.0,4,4,4,444,12,High-value,3,Loyal Customers,2
14597,11,2,566,United Kingdom,866.24,866.24,0.0,0.0,5,2,3,523,10,High-value,3,Potential Champions,3
14598,44,1,189,United Kingdom,221.97,221.97,0.0,0.0,3,1,1,311,5,Mid-value,2,About to Sleep,7
14600,306,1,125,United Kingdom,393.33000000000004,393.33000000000004,0.0,0.0,1,1,2,112,4,Low-value,1,Hibernating,10
14601,11,1,168,United Kingdom,213.96,213.96,0.0,0.0,5,1,1,511,7,Mid-value,2,New Customers,4
14603,275,1,400,United Kingdom,660.0,660.0,0.0,0.0,1,1,3,113,5,Mid-value,2,Hibernating,10
14606,1,93,6187,United Kingdom,12076.15,11633.35,442.7999999999993,0.0367,5,5,5,555,15,High-value,3,Champions,1
14607,16,14,11526,United Kingdom,16209.5,10981.1,5228.4,0.3226,4,5,5,455,14,High-value,3,Loyal Customers,2
14608,4,4,437,United Kingdom,1785.15,1785.15,0.0,0.0,5,4,4,544,13,High-value,3,Champions,1
14609,72,4,7026,United Kingdom,601.56,601.56,0.0,0.0,3,4,3,343,10,High-value,3,Need Attention,6
14616,243,3,104,United Kingdom,406.08000000000004,406.08000000000004,0.0,0.0,1,3,2,132,6,Mid-value,2,Hibernating,10
14618,9,3,264,United Kingdom,553.44,538.59,14.850000000000023,0.0268,5,3,3,533,11,High-value,3,Potential Champions,3
14619,246,1,152,United Kingdom,394.44,379.51,14.930000000000007,0.0379,1,1,2,112,4,Low-value,1,Hibernating,10
14620,206,2,214,United Kingdom,412.78000000000003,393.28000000000003,19.5,0.0472,1,2,2,122,5,Mid-value,2,Hibernating,10
14621,1,5,993,United Kingdom,1788.3600000000001,1765.76,22.600000000000136,0.0126,5,4,4,544,13,High-value,3,Champions,1
14622,185,1,146,United Kingdom,320.58000000000004,320.58000000000004,0.0,0.0,1,1,2,112,4,Low-value,1,Hibernating,10
14623,32,5,418,United Kingdom,886.7,866.8000000000001,19.899999999999977,0.0224,4,4,3,443,11,High-value,3,Potential Champions,3
14624,57,2,162,United Kingdom,225.85,225.85,0.0,0.0,3,2,1,321,6,Mid-value,2,About to Sleep,7
14625,196,2,335,United Kingdom,899.63,848.48,51.14999999999998,0.0569,1,2,3,123,6,Mid-value,2,Hibernating,10
14626,24,4,1403,United Kingdom,2791.27,2757.07,34.19999999999982,0.0123,4,4,5,445,13,High-value,3,Loyal Customers,2
14628,91,2,272,United Kingdom,671.96,671.96,0.0,0.0,2,2,3,223,7,Mid-value,2,Hibernating,10
14629,4,2,378,United Kingdom,955.26,935.46,19.799999999999955,0.0207,5,2,4,524,11,High-value,3,Potential Champions,3
14631,51,3,622,United Kingdom,1006.98,1006.98,0.0,0.0,3,3,4,334,10,High-value,3,Need Attention,6
14632,263,1,96,United Kingdom,114.56,114.56,0.0,0.0,1,1,1,111,3,Low-value,1,Hibernating,10
14633,266,1,96,United Kingdom,344.90000000000003,344.90000000000003,0.0,0.0,1,1,2,112,4,Low-value,1,Hibernating,10
14636,36,2,241,United Kingdom,609.85,609.85,0.0,0.0,3,2,3,323,8,Mid-value,2,Hibernating,10
14638,51,1,166,United Kingdom,443.6,443.6,0.0,0.0,3,1,2,312,6,Mid-value,2,About to Sleep,7
14639,52,6,1431,United Kingdom,2984.4900000000002,2952.34,32.15000000000009,0.0108,3,4,5,345,12,High-value,3,Loyal Customers,2
14640,24,6,880,United Kingdom,2107.38,2024.45,82.93000000000006,0.0394,4,4,5,445,13,High-value,3,Loyal Customers,2
14641,22,1,90,United Kingdom,110.46000000000001,110.46000000000001,0.0,0.0,4,1,1,411,6,Mid-value,2,Promising,5
14642,59,1,76,United Kingdom,96.12,96.12,0.0,0.0,3,1,1,311,5,Mid-value,2,About to Sleep,7
14643,170,2,815,United Kingdom,693.8100000000001,668.61,25.200000000000045,0.0363,2,2,3,223,7,Mid-value,2,Hibernating,10
14644,68,2,258,United Kingdom,830.76,780.46,50.299999999999955,0.0605,3,2,3,323,8,Mid-value,2,Hibernating,10
14645,157,2,381,United Kingdom,597.09,597.09,0.0,0.0,2,2,3,223,7,Mid-value,2,Hibernating,10
14646,2,74,197491,Netherlands,280206.02,279489.02,717.0,0.0026,5,5,5,555,15,High-value,3,Champions,1
14647,201,1,91,United Kingdom,236.04000000000002,236.04000000000002,0.0,0.0,1,1,1,111,3,Low-value,1,Hibernating,10
14649,5,4,1004,United Kingdom,1402.59,1402.59,0.0,0.0,5,4,4,544,13,High-value,3,Champions,1
14651,67,2,343,United Kingdom,653.75,653.75,0.0,0.0,3,2,3,323,8,Mid-value,2,Hibernating,10
14652,77,1,53,United Kingdom,114.18,114.18,0.0,0.0,2,1,1,211,4,Low-value,1,Hibernating,10
14653,1,7,945,United Kingdom,1926.65,1926.65,0.0,0.0,5,5,4,554,14,High-value,3,Champions,1
14655,8,4,1089,United Kingdom,1932.23,1930.15,2.0799999999999272,0.0011,5,4,4,544,13,High-value,3,Champions,1
14656,169,2,120,United Kingdom,291.05,291.05,0.0,0.0,2,2,2,222,6,Mid-value,2,Hibernating,10
14657,18,4,466,United Kingdom,848.22,838.27,9.950000000000045,0.0117,4,4,3,443,11,High-value,3,Potential Champions,3
14658,5,2,47,United Kingdom,247.15,247.15,0.0,0.0,5,2,2,522,9,Mid-value,2,Potential Champions,3
14659,9,9,1195,United Kingdom,2529.93,2456.53,73.39999999999964,0.029,5,5,5,555,15,High-value,3,Champions,1
14660,87,2,228,United Kingdom,285.74,285.74,0.0,0.0,2,2,2,222,6,Mid-value,2,Hibernating,10
14661,27,1,35,United Kingdom,107.95,107.95,0.0,0.0,4,1,1,411,6,Mid-value,2,Promising,5
14662,29,4,578,United Kingdom,741.37,741.37,0.0,0.0,4,4,3,443,11,High-value,3,Potential Champions,3
14664,20,2,465,United Kingdom,636.24,636.24,0.0,0.0,4,2,3,423,9,Mid-value,2,Potential Champions,3
14665,61,5,740,United Kingdom,1835.7,1258.38,577.3199999999999,0.3145,3,4,4,344,11,High-value,3,Loyal Customers,2
14666,24,1,161,United Kingdom,195.25,195.25,0.0,0.0,4,1,1,411,6,Mid-value,2,Promising,5
14667,11,25,5319,United Kingdom,9175.04,9165.04,10.0,0.0011,5,5,5,555,15,High-value,3,Champions,1
14669,242,3,770,United Kingdom,1259.24,1259.24,0.0,0.0,1,3,4,134,8,Mid-value,2,At Risk,8
14670,280,2,326,United Kingdom,392.86,392.86,0.0,0.0,1,2,2,122,5,Mid-value,2,Hibernating,10
14672,235,2,454,United Kingdom,765.5500000000001,765.5500000000001,0.0,0.0,1,2,3,123,6,Mid-value,2,Hibernating,10
14673,3,5,1004,United Kingdom,1736.4,1736.4,0.0,0.0,5,4,4,544,13,High-value,3,Champions,1
14675,16,1,336,United Kingdom,596.36,596.36,0.0,0.0,4,1,3,413,8,Mid-value,2,Hibernating,10
14676,31,6,2500,United Kingdom,2548.2400000000002,2543.2400000000002,5.0,0.002,4,4,5,445,13,High-value,3,Loyal Customers,2
14680,25,16,13476,United Kingdom,28754.11,26932.34,1821.7700000000004,0.0634,4,5,5,455,14,High-value,3,Loyal Customers,2
14681,71,3,76,United Kingdom,498.95,498.95,0.0,0.0,3,3,3,333,9,Mid-value,2,Need Attention,6
14682,188,2,80,United Kingdom,52.0,52.0,0.0,0.0,1,2,1,121,4,Low-value,1,Hibernating,10
14684,26,5,821,United Kingdom,1201.51,1201.51,0.0,0.0,4,4,4,444,12,High-value,3,Loyal Customers,2
14687,107,1,470,United Kingdom,628.38,628.38,0.0,0.0,2,1,3,213,6,Mid-value,2,Hibernating,10
14688,8,21,3584,United Kingdom,5579.1,5055.61,523.4900000000007,0.0938,5,5,5,555,15,High-value,3,Champions,1
14689,209,1,76,United Kingdom,112.80000000000001,112.80000000000001,0.0,0.0,1,1,1,111,3,Low-value,1,Hibernating,10
14690,44,2,167,United Kingdom,355.05,341.96,13.090000000000032,0.0369,3,2,2,322,7,Mid-value,2,About to Sleep,7
14691,31,5,707,United Kingdom,2114.33,2114.33,0.0,0.0,4,4,5,445,13,High-value,3,Loyal Customers,2
14692,137,4,265,United Kingdom,591.55,582.05,9.5,0.0161,2,4,3,243,9,Mid-value,2,At Risk,8
14693,265,1,34,United Kingdom,172.9,172.9,0.0,0.0,1,1,1,111,3,Low-value,1,Hibernating,10
14696,4,7,1630,United Kingdom,2078.95,2070.97,7.980000000000018,0.0038,5,5,5,555,15,High-value,3,Champions,1
14697,218,2,181,United Kingdom,188.61,188.61,0.0,0.0,1,2,1,121,4,Low-value,1,Hibernating,10
14698,2,5,602,United Kingdom,1217.27,1217.27,0.0,0.0,5,4,4,544,13,High-value,3,Champions,1
14699,214,1,77,United Kingdom,109.13000000000001,109.13000000000001,0.0,0.0,1,1,1,111,3,Low-value,1,Hibernating,10
14700,32,3,1314,United Kingdom,2195.1,2195.1,0.0,0.0,4,3,5,435,12,High-value,3,Potential Champions,3
14701,11,9,921,United Kingdom,2526.09,2462.94,63.15000000000009,0.025,5,5,5,555,15,High-value,3,Champions,1
14702,1,17,1439,United Kingdom,3251.79,3210.29,41.5,0.0128,5,5,5,555,15,High-value,3,Champions,1
14703,15,1,183,United Kingdom,318.17,318.17,0.0,0.0,4,1,2,412,7,Mid-value,2,Promising,5
14704,11,9,1043,United Kingdom,1493.96,1493.96,0.0,0.0,5,5,4,554,14,High-value,3,Champions,1
14705,199,1,100,United Kingdom,179.0,179.0,0.0,0.0,1,1,1,111,3,Low-value,1,Hibernating,10
14708,3,3,621,United Kingdom,1126.3700000000001,1096.67,29.700000000000045,0.0264,5,3,4,534,12,High-value,3,Potential Champions,3
14709,15,13,2484,United Kingdom,4921.04,4911.14,9.899999999999636,0.002,4,5,5,455,14,High-value,3,Loyal Customers,2
14710,14,4,375,United Kingdom,599.48,599.48,0.0,0.0,4,4,3,443,11,High-value,3,Potential Champions,3
14711,10,11,966,United Kingdom,2839.62,2809.02,30.59999999999991,0.0108,5,5,5,555,15,High-value,3,Champions,1
14712,29,3,315,United Kingdom,917.07,917.07,0.0,0.0,4,3,4,434,11,High-value,3,Potential Champions,3
14713,9,11,1613,United Kingdom,2662.2,2660.1,2.099999999999909,0.0008,5,5,5,555,15,High-value,3,Champions,1
14714,24,1,229,United Kingdom,160.19,160.19,0.0,0.0,4,1,1,411,6,Mid-value,2,Promising,5
14715,25,4,521,United Kingdom,867.38,867.38,0.0,0.0,4,4,3,443,11,High-value,3,Potential Champions,3
14716,43,2,495,United Kingdom,307.51,307.51,0.0,0.0,3,2,2,322,7,Mid-value,2,About to Sleep,7
14719,2,5,1025,United Kingdom,1581.84,1571.89,9.949999999999818,0.0063,5,4,4,544,13,High-value,3,Champions,1
14720,6,3,219,United Kingdom,663.81,663.81,0.0,0.0,5,3,3,533,11,High-value,3,Potential Champions,3
14722,147,1,118,United Kingdom,180.42,180.42,0.0,0.0,2,1,1,211,4,Low-value,1,Hibernating,10
14723,10,6,673,United Kingdom,1122.36,1122.36,0.0,0.0,5,4,4,544,13,High-value,3,Champions,1
14725,25,1,588,United Kingdom,655.58,655.58,0.0,0.0,4,1,3,413,8,Mid-value,2,Hibernating,10
14727,274,1,62,United Kingdom,268.58,268.58,0.0,0.0,1,1,2,112,4,Low-value,1,Hibernating,10
14729,374,1,197,United Kingdom,313.49,313.49,0.0,0.0,1,1,2,112,4,Low-value,1,Hibernating,10
14730,1,8,1078,United Kingdom,1897.57,1897.57,0.0,0.0,5,5,4,554,14,High-value,3,Champions,1
14731,47,3,256,United Kingdom,380.02,380.02,0.0,0.0,3,3,2,332,8,Mid-value,2,Hibernating,10
14732,8,8,1405,United Kingdom,2702.4900000000002,2686.34,16.15000000000009,0.006,5,5,5,555,15,High-value,3,Champions,1
14733,16,12,3764,United Kingdom,9585.91,9451.54,134.36999999999898,0.014,4,5,5,455,14,High-value,3,Loyal Customers,2
14735,4,32,2264,United Kingdom,6065.6900000000005,5807.6900000000005,258.0,0.0425,5,5,5,555,15,High-value,3,Champions,1
14737,4,3,345,United Kingdom,1164.55,1164.55,0.0,0.0,5,3,4,534,12,High-value,3,Potential Champions,3
14738,43,7,601,United Kingdom,1314.45,1289.94,24.50999999999999,0.0186,3,5,4,354,12,High-value,3,Loyal Customers,2
14739,4,7,3820,United Kingdom,3902.28,3899.1,3.180000000000291,0.0008,5,5,5,555,15,High-value,3,Champions,1
14740,197,3,735,United Kingdom,1448.21,1423.21,25.0,0.0173,1,3,4,134,8,Mid-value,2,At Risk,8
14741,12,6,841,United Kingdom,1400.3400000000001,1400.3400000000001,0.0,0.0,5,4,4,544,13,High-value,3,Champions,1
14744,16,7,627,United Kingdom,1099.98,1088.53,11.450000000000045,0.0104,4,5,4,454,13,High-value,3,Loyal Customers,2
14745,113,5,1038,United Kingdom,1220.26,1167.16,53.09999999999991,0.0435,2,4,4,244,10,High-value,3,Do Not Lose,9
14747,249,1,84,United Kingdom,328.2,294.3,33.89999999999998,0.1033,1,1,2,112,4,Low-value,1,Hibernating,10
14748,29,5,1223,United Kingdom,1415.75,1311.79,103.96000000000004,0.0734,4,4,4,444,12,High-value,3,Loyal Customers,2
14752,44,1,260,United Kingdom,389.64000000000004,389.64000000000004,0.0,0.0,3,1,2,312,6,Mid-value,2,About to Sleep,7
14753,87,1,211,United Kingdom,563.15,563.15,0.0,0.0,2,1,3,213,6,Mid-value,2,Hibernating,10
14754,45,2,486,United Kingdom,638.05,638.05,0.0,0.0,3,2,3,323,8,Mid-value,2,Hibernating,10
14755,10,11,2219,United Kingdom,5010.28,4965.38,44.899999999999636,0.009,5,5,5,555,15,High-value,3,Champions,1
14756,15,1,416,United Kingdom,738.96,738.96,0.0,0.0,4,1,3,413,8,Mid-value,2,Hibernating,10
14757,75,1,160,United Kingdom,420.5,420.5,0.0,0.0,2,1,2,212,5,Mid-value,2,Hibernating,10
14758,145,4,419,United Kingdom,1484.06,1484.06,0.0,0.0,2,4,4,244,10,High-value,3,Do Not Lose,9
14759,5,3,569,United Kingdom,1625.97,1625.97,0.0,0.0,5,3,4,534,12,High-value,3,Potential Champions,3
14760,297,1,40,United Kingdom,89.2,53.8,35.400000000000006,0.3969,1,1,1,111,3,Low-value,1,Hibernating,10
14761,59,2,118,United Kingdom,255.9,255.9,0.0,0.0,3,2,2,322,7,Mid-value,2,About to Sleep,7
14762,264,1,341,United Kingdom,300.52,300.52,0.0,0.0,1,1,2,112,4,Low-value,1,Hibernating,10
14764,47,1,190,United Kingdom,278.3,250.55,27.75,0.0997,3,1,2,312,6,Mid-value,2,About to Sleep,7
14765,29,3,135,United Kingdom,254.11,254.11,0.0,0.0,4,3,2,432,9,Mid-value,2,Potential Champions,3
14766,8,6,1349,United Kingdom,2473.37,2423.07,50.29999999999973,0.0203,5,4,5,545,14,High-value,3,Champions,1
14768,17,2,52,United Kingdom,192.60000000000002,139.5,53.10000000000002,0.2757,4,2,1,421,7,Mid-value,2,Promising,5
14769,3,8,7239,United Kingdom,10416.98,10383.83,33.149999999999636,0.0032,5,5,5,555,15,High-value,3,Champions,1
14770,232,2,490,United Kingdom,876.4200000000001,876.4200000000001,0.0,0.0,1,2,3,123,6,Mid-value,2,Hibernating,10
14772,112,1,82,United Kingdom,139.26,139.26,0.0,0.0,2,1,1,211,4,Low-value,1,Hibernating,10
14775,58,3,1174,United Kingdom,1011.9,1011.9,0.0,0.0,3,3,4,334,10,High-value,3,Need Attention,6
14776,51,11,3134,United Kingdom,2538.2999999999997,2195.58,342.7199999999998,0.135,3,5,5,355,13,High-value,3,Loyal Customers,2
14778,127,2,306,United Kingdom,730.86,730.86,0.0,0.0,2,2,3,223,7,Mid-value,2,Hibernating,10
14779,281,3,84,United Kingdom,386.15,386.15,0.0,0.0,1,3,2,132,6,Mid-value,2,Hibernating,10
14780,55,2,310,United Kingdom,447.68,447.68,0.0,0.0,3,2,2,322,7,Mid-value,2,About to Sleep,7
14782,320,1,114,United Kingdom,200.10000000000002,200.10000000000002,0.0,0.0,1,1,1,111,3,Low-value,1,Hibernating,10
14784,26,2,237,United Kingdom,289.99,289.99,0.0,0.0,4,2,2,422,8,Mid-value,2,Potential Champions,3
14785,10,2,84,United Kingdom,77.4,77.4,0.0,0.0,5,2,1,521,8,Mid-value,2,New Customers,4
14788,7,2,421,United Kingdom,679.44,679.44,0.0,0.0,5,2,3,523,10,High-value,3,Potential Champions,3
14789,29,1,116,United Kingdom,197.64,197.64,0.0,0.0,4,1,1,411,6,Mid-value,2,Promising,5
14790,17,4,699,United Kingdom,745.06,745.06,0.0,0.0,4,4,3,443,11,High-value,3,Potential Champions,3
14792,64,1,2,United Kingdom,6.2,0.0,6.2,1.0,3,1,1,311,5,Mid-value,2,About to Sleep,7
14793,21,1,91,United Kingdom,228.99,214.14000000000001,14.849999999999994,0.0648,4,1,1,411,6,Mid-value,2,Promising,5
14794,3,7,673,United Kingdom,1319.91,1272.1100000000001,47.799999999999955,0.0362,5,5,4,554,14,High-value,3,Champions,1
14795,166,1,17,United Kingdom,131.45000000000002,131.45000000000002,0.0,0.0,2,1,1,211,4,Low-value,1,Hibernating,10
14796,1,17,5995,United Kingdom,7975.49,7792.51,182.97999999999956,0.0229,5,5,5,555,15,High-value,3,Champions,1
14798,53,3,150,United Kingdom,173.74,173.74,0.0,0.0,3,3,1,331,7,Mid-value,2,Hibernating,10
14799,51,1,146,United Kingdom,157.7,157.7,0.0,0.0,3,1,1,311,5,Mid-value,2,About to Sleep,7
14800,48,12,3644,United Kingdom,4331.79,4228.39,103.39999999999964,0.0239,3,5,5,355,13,High-value,3,Loyal Customers,2
14801,61,1,173,United Kingdom,189.34,189.34,0.0,0.0,3,1,1,311,5,Mid-value,2,About to Sleep,7
14803,162,3,370,United Kingdom,845.5500000000001,845.5500000000001,0.0,0.0,2,3,3,233,8,Mid-value,2,At Risk,8
14804,9,1,121,United Kingdom,353.27,353.27,0.0,0.0,5,1,2,512,8,Mid-value,2,New Customers,4
14805,15,4,114,United Kingdom,546.4,546.4,0.0,0.0,4,4,3,443,11,High-value,3,Potential Champions,3
14806,75,1,330,United Kingdom,193.39000000000001,193.39000000000001,0.0,0.0,2,1,1,211,4,Low-value,1,Hibernating,10
14808,40,8,2120,United Kingdom,2718.6,2152.8,565.7999999999997,0.2081,3,5,5,355,13,High-value,3,Loyal Customers,2
14810,41,11,1015,United Kingdom,2085.33,2085.33,0.0,0.0,3,5,5,355,13,High-value,3,Loyal Customers,2
14813,370,2,66,United Kingdom,152.88,152.88,0.0,0.0,1,2,1,121,4,Low-value,1,Hibernating,10
14815,37,2,744,United Kingdom,778.5,778.5,0.0,0.0,3,2,3,323,8,Mid-value,2,Hibernating,10
14816,197,1,5,United Kingdom,271.85,271.85,0.0,0.0,1,1,2,112,4,Low-value,1,Hibernating,10
14817,200,2,655,United Kingdom,1110.34,1110.34,0.0,0.0,1,2,4,124,7,Mid-value,2,Hibernating,10
14818,74,3,324,United Kingdom,657.8,657.8,0.0,0.0,2,3,3,233,8,Mid-value,2,At Risk,8
14819,64,2,109,United Kingdom,272.07,272.07,0.0,0.0,3,2,2,322,7,Mid-value,2,About to Sleep,7
14820,21,4,253,United Kingdom,507.29,507.29,0.0,0.0,4,4,3,443,11,High-value,3,Potential Champions,3
14821,367,1,20,United Kingdom,48.800000000000004,48.800000000000004,0.0,0.0,1,1,1,111,3,Low-value,1,Hibernating,10
14823,180,3,88,United Kingdom,321.43,321.43,0.0,0.0,1,3,2,132,6,Mid-value,2,Hibernating,10
14824,10,4,525,United Kingdom,1127.71,1127.71,0.0,0.0,5,4,4,544,13,High-value,3,Champions,1
14825,4,12,989,United Kingdom,2221.01,2221.01,0.0,0.0,5,5,5,555,15,High-value,3,Champions,1
14828,197,3,2172,United Kingdom,2139.76,2139.76,0.0,0.0,1,3,5,135,9,Mid-value,2,At Risk,8
14829,29,4,452,United Kingdom,697.55,644.65,52.89999999999998,0.0758,4,4,3,443,11,High-value,3,Potential Champions,3
14830,53,1,164,United Kingdom,188.88,188.88,0.0,0.0,3,1,1,311,5,Mid-value,2,About to Sleep,7
14834,18,6,734,United Kingdom,1720.3,1698.3500000000001,21.949999999999818,0.0128,4,4,4,444,12,High-value,3,Loyal Customers,2
14836,10,3,45,United Kingdom,102.45,102.45,0.0,0.0,5,3,1,531,9,Mid-value,2,Hibernating,10
14837,90,4,1436,United Kingdom,1649.5,1641.2,8.299999999999955,0.005,2,4,4,244,10,High-value,3,Do Not Lose,9
14840,268,1,31,United Kingdom,62.85,62.85,0.0,0.0,1,1,1,111,3,Low-value,1,Hibernating,10
14841,53,6,1778,United Kingdom,3295.76,3295.76,0.0,0.0,3,4,5,345,12,High-value,3,Loyal Customers,2
14842,44,4,1166,United Kingdom,2824.69,2456.8,367.8899999999999,0.1302,3,4,5,345,12,High-value,3,Loyal Customers,2
14844,64,4,1833,United Kingdom,3189.81,3189.81,0.0,0.0,3,4,5,345,12,High-value,3,Loyal Customers,2
14847,149,1,120,United Kingdom,309.40000000000003,309.40000000000003,0.0,0.0,2,1,2,212,5,Mid-value,2,Hibernating,10
14849,22,25,5694,United Kingdom,7930.54,7904.28,26.26000000000022,0.0033,4,5,5,455,14,High-value,3,Loyal Customers,2
14850,312,1,293,United Kingdom,325.75,278.15,47.60000000000002,0.1461,1,1,2,112,4,Low-value,1,Hibernating,10
14851,23,2,325,United Kingdom,511.35,511.35,0.0,0.0,4,2,3,423,9,Mid-value,2,Potential Champions,3
14852,58,6,1747,United Kingdom,2836.69,2836.69,0.0,0.0,3,4,5,345,12,High-value,3,Loyal Customers,2
14853,24,2,82,United Kingdom,475.8,463.05,12.75,0.0268,4,2,2,422,8,Mid-value,2,Potential Champions,3
14854,78,7,1820,United Kingdom,2740.03,2730.09,9.940000000000055,0.0036,2,5,5,255,12,High-value,3,Do Not Lose,9
14855,119,2,267,United Kingdom,645.65,645.65,0.0,0.0,2,2,3,223,7,Mid-value,2,Hibernating,10
14856,36,3,711,United Kingdom,1290.53,1290.53,0.0,0.0,3,3,4,334,10,High-value,3,Need Attention,6
14857,60,2,464,United Kingdom,1173.1200000000001,1165.65,7.470000000000027,0.0064,3,2,4,324,9,Mid-value,2,Hibernating,10
14859,13,4,671,United Kingdom,1353.74,1352.04,1.7000000000000455,0.0013,5,4,4,544,13,High-value,3,Champions,1
14860,19,1,232,United Kingdom,170.32,168.62,1.6999999999999886,0.01,4,1,1,411,6,Mid-value,2,Promising,5
14861,52,1,117,United Kingdom,125.79,125.79,0.0,0.0,3,1,1,311,5,Mid-value,2,About to Sleep,7
14862,26,2,772,United Kingdom,841.2,841.2,0.0,0.0,4,2,3,423,9,Mid-value,2,Potential Champions,3
14863,29,1,132,United Kingdom,266.76,266.76,0.0,0.0,4,1,2,412,7,Mid-value,2,Promising,5
14865,7,2,108,United Kingdom,52.2,52.2,0.0,0.0,5,2,1,521,8,Mid-value,2,New Customers,4
14866,11,12,6752,United Kingdom,14389.9,14197.45,192.4499999999989,0.0134,5,5,5,555,15,High-value,3,Champions,1
14867,186,3,328,United Kingdom,710.28,701.33,8.949999999999932,0.0126,1,3,3,133,7,Mid-value,2,At Risk,8
14868,3,8,1405,United Kingdom,2953.59,2939.64,13.950000000000273,0.0047,5,5,5,555,15,High-value,3,Champions,1
14869,9,2,549,United Kingdom,721.45,717.7,3.75,0.0052,5,2,3,523,10,High-value,3,Potential Champions,3
14870,262,1,119,United Kingdom,327.25,327.25,0.0,0.0,1,1,2,112,4,Low-value,1,Hibernating,10
14871,3,4,179,United Kingdom,501.28000000000003,501.28000000000003,0.0,0.0,5,4,3,543,12,High-value,3,Potential Champions,3
14873,210,1,168,United Kingdom,519.68,519.68,0.0,0.0,1,1,3,113,5,Mid-value,2,Hibernating,10
14875,108,2,558,United Kingdom,1465.32,1448.72,16.59999999999991,0.0113,2,2,4,224,8,Mid-value,2,Hibernating,10
14878,13,9,799,United Kingdom,1476.09,1476.09,0.0,0.0,5,5,4,554,14,High-value,3,Champions,1
14880,77,3,365,United Kingdom,690.59,690.59,0.0,0.0,2,3,3,233,8,Mid-value,2,At Risk,8
14881,20,1,316,United Kingdom,255.4,255.4,0.0,0.0,4,1,2,412,7,Mid-value,2,Promising,5
14882,27,2,158,United Kingdom,589.7,589.7,0.0,0.0,4,2,3,423,9,Mid-value,2,Potential Champions,3
14883,19,6,790,United Kingdom,761.59,756.64,4.9500000000000455,0.0065,4,4,3,443,11,High-value,3,Potential Champions,3
14885,132,1,724,United Kingdom,765.3199999999999,765.3199999999999,0.0,0.0,2,1,3,213,6,Mid-value,2,Hibernating,10
14886,253,1,160,United Kingdom,364.8,364.8,0.0,0.0,1,1,2,112,4,Low-value,1,Hibernating,10
14887,79,1,1100,United Kingdom,1862.0,1862.0,0.0,0.0,2,1,4,214,7,Mid-value,2,Hibernating,10
14888,207,1,184,United Kingdom,369.2,369.2,0.0,0.0,1,1,2,112,4,Low-value,1,Hibernating,10
14889,336,1,90,United Kingdom,135.9,135.9,0.0,0.0,1,1,1,111,3,Low-value,1,Hibernating,10
14890,254,1,51,United Kingdom,125.65,125.65,0.0,0.0,1,1,1,111,3,Low-value,1,Hibernating,10
14891,148,2,505,United Kingdom,554.38,554.38,0.0,0.0,2,2,3,223,7,Mid-value,2,Hibernating,10
14893,10,2,799,United Kingdom,1237.8500000000001,1237.8500000000001,0.0,0.0,5,2,4,524,11,High-value,3,Potential Champions,3
14894,85,1,265,United Kingdom,655.75,655.75,0.0,0.0,2,1,3,213,6,Mid-value,2,Hibernating,10
14895,8,20,4851,United Kingdom,11138.710000000001,11020.26,118.45000000000073,0.0106,5,5,5,555,15,High-value,3,Champions,1
14896,205,2,279,United Kingdom,468.77000000000004,468.77000000000004,0.0,0.0,1,2,2,122,5,Mid-value,2,Hibernating,10
14897,8,4,468,United Kingdom,1366.38,1366.38,0.0,0.0,5,4,4,544,13,High-value,3,Champions,1
14898,23,6,1001,United Kingdom,1269.31,1194.11,75.20000000000005,0.0592,4,4,4,444,12,High-value,3,Loyal Customers,2
14901,11,9,661,United Kingdom,1421.29,1414.99,6.2999999999999545,0.0044,5,5,4,554,14,High-value,3,Champions,1
14902,26,1,218,United Kingdom,332.66,314.11,18.55000000000001,0.0558,4,1,2,412,7,Mid-value,2,Promising,5
14903,21,5,1531,United Kingdom,2795.33,2729.18,66.15000000000009,0.0237,4,4,5,445,13,High-value,3,Loyal Customers,2
14904,2,2,1985,United Kingdom,1025.44,1025.44,0.0,0.0,5,2,4,524,11,High-value,3,Potential Champions,3
14905,158,2,287,United Kingdom,616.15,599.9,16.25,0.0264,2,2,3,223,7,Mid-value,2,Hibernating,10
14907,3,7,1691,United Kingdom,3501.1,3478.85,22.25,0.0064,5,5,5,555,15,High-value,3,Champions,1
14908,74,1,132,United Kingdom,277.8,277.8,0.0,0.0,2,1,2,212,5,Mid-value,2,Hibernating,10
14910,3,4,238,United Kingdom,434.35,389.86,44.49000000000001,0.1024,5,4,2,542,11,High-value,3,Potential Champions,3
14911,1,201,80490,EIRE,143711.17,132458.73,11252.440000000002,0.0783,5,5,5,555,15,High-value,3,Champions,1
14912,17,2,971,Italy,867.85,841.52,26.33000000000004,0.0303,4,2,3,423,9,Mid-value,2,Potential Champions,3
14913,36,4,1743,United Kingdom,1227.43,1227.43,0.0,0.0,3,4,4,344,11,High-value,3,Loyal Customers,2
14915,91,2,112,United Kingdom,307.48,258.83000000000004,48.64999999999998,0.1582,2,2,2,222,6,Mid-value,2,Hibernating,10
14916,71,4,1136,United Kingdom,1268.98,1264.84,4.1400000000001,0.0033,3,4,4,344,11,High-value,3,Loyal Customers,2
14918,116,2,675,United Kingdom,1610.15,1610.15,0.0,0.0,2,2,4,224,8,Mid-value,2,Hibernating,10
14920,213,2,509,United Kingdom,977.77,977.77,0.0,0.0,1,2,4,124,7,Mid-value,2,Hibernating,10
14921,30,2,953,United Kingdom,1316.07,1316.07,0.0,0.0,4,2,4,424,10,High-value,3,Potential Champions,3
14923,51,1,418,United Kingdom,749.1,749.1,0.0,0.0,3,1,3,313,7,Mid-value,2,Hibernating,10
14924,246,1,64,United Kingdom,310.05,310.05,0.0,0.0,1,1,2,112,4,Low-value,1,Hibernating,10
14929,32,1,136,United Kingdom,223.88,223.88,0.0,0.0,4,1,1,411,6,Mid-value,2,Promising,5
14930,109,3,1160,Channel Islands,2362.96,2362.96,0.0,0.0,2,3,5,235,10,High-value,3,At Risk,8
14931,5,5,417,Channel Islands,1257.68,964.6800000000001,293.0,0.233,5,4,4,544,13,High-value,3,Champions,1
14932,366,1,80,Channel Islands,363.53,363.53,0.0,0.0,1,1,2,112,4,Low-value,1,Hibernating,10
14934,82,2,1042,Channel Islands,1890.94,1888.84,2.1000000000001364,0.0011,2,2,4,224,8,Mid-value,2,Hibernating,10
14935,297,1,935,Channel Islands,1784.71,1784.71,0.0,0.0,1,1,4,114,6,Mid-value,2,Hibernating,10
14936,34,8,4085,Channel Islands,8137.02,8117.42,19.600000000000364,0.0024,3,5,5,355,13,High-value,3,Loyal Customers,2
14937,57,3,484,Channel Islands,1621.88,1617.63,4.25,0.0026,3,3,4,334,10,High-value,3,Need Attention,6
14944,30,12,2815,United Kingdom,5900.25,5842.95,57.30000000000018,0.0097,4,5,5,455,14,High-value,3,Loyal Customers,2
14946,14,1,22,United Kingdom,100.9,100.9,0.0,0.0,4,1,1,411,6,Mid-value,2,Promising,5
14947,72,2,179,United Kingdom,290.82,290.82,0.0,0.0,3,2,2,322,7,Mid-value,2,About to Sleep,7
14948,23,6,673,United Kingdom,1101.97,1066.57,35.40000000000009,0.0321,4,4,4,444,12,High-value,3,Loyal Customers,2
14950,19,1,136,United Kingdom,371.2,361.25,9.949999999999989,0.0268,4,1,2,412,7,Mid-value,2,Promising,5
14951,79,1,311,United Kingdom,311.69,311.69,0.0,0.0,2,1,2,212,5,Mid-value,2,Hibernating,10
14952,60,11,3355,United Kingdom,8099.49,7912.79,186.69999999999982,0.0231,3,5,5,355,13,High-value,3,Loyal Customers,2
14953,25,1,224,United Kingdom,285.67,285.67,0.0,0.0,4,1,2,412,7,Mid-value,2,Promising,5
14954,12,1,117,United Kingdom,294.85,294.85,0.0,0.0,5,1,2,512,8,Mid-value,2,New Customers,4
14957,253,1,34,United Kingdom,58.49,58.49,0.0,0.0,1,1,1,111,3,Low-value,1,Hibernating,10
14958,147,3,128,United Kingdom,483.73,483.73,0.0,0.0,2,3,3,233,8,Mid-value,2,At Risk,8
14959,64,4,494,United Kingdom,695.42,684.97,10.449999999999932,0.015,3,4,3,343,10,High-value,3,Need Attention,6
14960,8,2,221,United Kingdom,221.27,221.27,0.0,0.0,5,2,1,521,8,Mid-value,2,New Customers,4
14961,11,9,3708,United Kingdom,7044.68,7006.58,38.100000000000364,0.0054,5,5,5,555,15,High-value,3,Champions,1
14962,271,1,44,United Kingdom,126.7,126.7,0.0,0.0,1,1,1,111,3,Low-value,1,Hibernating,10
14963,10,5,1159,United Kingdom,1472.34,1472.34,0.0,0.0,5,4,4,544,13,High-value,3,Champions,1
14964,247,1,143,United Kingdom,206.21,206.21,0.0,0.0,1,1,1,111,3,Low-value,1,Hibernating,10
14965,96,2,363,United Kingdom,596.09,596.09,0.0,0.0,2,2,3,223,7,Mid-value,2,Hibernating,10
14966,15,1,179,United Kingdom,183.02,183.02,0.0,0.0,4,1,1,411,6,Mid-value,2,Promising,5
14967,50,1,140,United Kingdom,463.8,463.8,0.0,0.0,3,1,2,312,6,Mid-value,2,About to Sleep,7
14968,30,1,127,United Kingdom,147.59,147.59,0.0,0.0,4,1,1,411,6,Mid-value,2,Promising,5
14970,68,4,250,United Kingdom,1592.06,1592.06,0.0,0.0,3,4,4,344,11,High-value,3,Loyal Customers,2
14971,35,3,639,United Kingdom,1097.98,1097.98,0.0,0.0,3,3,4,334,10,High-value,3,Need Attention,6
14972,128,1,28,United Kingdom,114.77,114.77,0.0,0.0,2,1,1,211,4,Low-value,1,Hibernating,10
14973,107,3,369,United Kingdom,1314.45,1314.45,0.0,0.0,2,3,4,234,9,Mid-value,2,At Risk,8
14974,37,1,37,United Kingdom,89.94,89.94,0.0,0.0,3,1,1,311,5,Mid-value,2,About to Sleep,7
14975,57,1,380,United Kingdom,279.94,279.94,0.0,0.0,3,1,2,312,6,Mid-value,2,About to Sleep,7
14976,57,7,234,United Kingdom,790.86,765.86,25.0,0.0316,3,5,3,353,11,High-value,3,Need Attention,6
14978,72,5,523,United Kingdom,1921.3700000000001,1921.3700000000001,0.0,0.0,3,4,4,344,11,High-value,3,Loyal Customers,2
14981,246,1,97,United Kingdom,102.12,102.12,0.0,0.0,1,1,1,111,3,Low-value,1,Hibernating,10
14984,19,2,58,United Kingdom,202.37,202.37,0.0,0.0,4,2,1,421,7,Mid-value,2,Promising,5
14985,198,2,256,United Kingdom,292.01,292.01,0.0,0.0,1,2,2,122,5,Mid-value,2,Hibernating,10
14987,16,2,128,United Kingdom,326.4,326.4,0.0,0.0,4,2,2,422,8,Mid-value,2,Potential Champions,3
14988,212,1,141,United Kingdom,334.54,334.54,0.0,0.0,1,1,2,112,4,Low-value,1,Hibernating,10
14995,39,2,102,United Kingdom,231.98000000000002,231.98000000000002,0.0,0.0,3,2,1,321,6,Mid-value,2,About to Sleep,7
14997,46,3,1120,United Kingdom,546.1999999999999,540.98,5.219999999999914,0.0096,3,3,3,333,9,Mid-value,2,Need Attention,6
14998,170,2,258,United Kingdom,414.87,414.87,0.0,0.0,2,2,2,222,6,Mid-value,2,Hibernating,10
15000,48,1,218,United Kingdom,490.52,490.52,0.0,0.0,3,1,3,313,7,Mid-value,2,Hibernating,10
15002,116,4,862,United Kingdom,1641.76,1641.76,0.0,0.0,2,4,4,244,10,High-value,3,Do Not Lose,9
15004,147,1,623,United Kingdom,1220.77,1220.77,0.0,0.0,2,1,4,214,7,Mid-value,2,Hibernating,10
15005,16,28,4230,United Kingdom,6295.37,6160.54,134.82999999999993,0.0214,4,5,5,455,14,High-value,3,Loyal Customers,2
15006,51,1,286,United Kingdom,480.38,480.38,0.0,0.0,3,1,3,313,7,Mid-value,2,Hibernating,10
15007,159,1,69,United Kingdom,156.91,156.91,0.0,0.0,2,1,1,211,4,Low-value,1,Hibernating,10
15009,12,3,639,United Kingdom,1259.43,1259.43,0.0,0.0,5,3,4,534,12,High-value,3,Potential Champions,3
15010,36,1,184,United Kingdom,308.94,308.94,0.0,0.0,3,1,2,312,6,Mid-value,2,About to Sleep,7
15012,54,2,225,United Kingdom,405.04,405.04,0.0,0.0,3,2,2,322,7,Mid-value,2,About to Sleep,7
15014,43,2,149,United Kingdom,257.67,257.67,0.0,0.0,3,2,2,322,7,Mid-value,2,About to Sleep,7
15016,173,1,76,United Kingdom,170.04,170.04,0.0,0.0,2,1,1,211,4,Low-value,1,Hibernating,10
15017,34,1,63,United Kingdom,125.58,125.58,0.0,0.0,3,1,1,311,5,Mid-value,2,About to Sleep,7
15018,39,3,189,United Kingdom,496.21,456.26,39.94999999999999,0.0805,3,3,2,332,8,Mid-value,2,Hibernating,10
15019,267,1,150,United Kingdom,252.81,252.81,0.0,0.0,1,1,2,112,4,Low-value,1,Hibernating,10
15021,9,9,819,United Kingdom,1871.77,1829.23,42.539999999999964,0.0227,5,5,4,554,14,High-value,3,Champions,1
15022,12,4,527,United Kingdom,852.39,852.39,0.0,0.0,5,4,3,543,12,High-value,3,Potential Champions,3
15023,3,11,2827,United Kingdom,6720.41,6680.81,39.599999999999454,0.0059,5,5,5,555,15,High-value,3,Champions,1
15024,10,10,902,United Kingdom,1636.43,1636.43,0.0,0.0,5,5,4,554,14,High-value,3,Champions,1
15025,33,1,184,United Kingdom,361.96,361.96,0.0,0.0,4,1,2,412,7,Mid-value,2,Promising,5
15026,80,3,285,United Kingdom,469.0,469.0,0.0,0.0,2,3,2,232,7,Mid-value,2,Hibernating,10
15027,31,4,565,United Kingdom,1066.15,1051.95,14.200000000000045,0.0133,4,4,4,444,12,High-value,3,Loyal Customers,2
15028,8,4,459,United Kingdom,627.13,627.13,0.0,0.0,5,4,3,543,12,High-value,3,Potential Champions,3
15030,72,2,372,United Kingdom,518.28,518.28,0.0,0.0,3,2,3,323,8,Mid-value,2,Hibernating,10
15031,4,4,400,United Kingdom,653.19,653.19,0.0,0.0,5,4,3,543,12,High-value,3,Potential Champions,3
15032,256,3,2968,United Kingdom,4959.1,4464.1,495.0,0.0998,1,3,5,135,9,Mid-value,2,At Risk,8
15033,5,10,1672,United Kingdom,2557.18,2541.53,15.649999999999636,0.0061,5,5,5,555,15,High-value,3,Champions,1
15034,16,8,2413,United Kingdom,4274.16,4243.21,30.949999999999818,0.0072,4,5,5,455,14,High-value,3,Loyal Customers,2
15035,90,1,245,United Kingdom,252.73000000000002,252.73000000000002,0.0,0.0,2,1,2,212,5,Mid-value,2,Hibernating,10
15036,72,3,316,United Kingdom,429.56,429.56,0.0,0.0,3,3,2,332,8,Mid-value,2,Hibernating,10
15038,59,6,212,United Kingdom,685.74,645.84,39.89999999999998,0.0582,3,4,3,343,10,High-value,3,Need Attention,6
15039,10,47,9131,United Kingdom,19766.59,19638.59,128.0,0.0065,5,5,5,555,15,High-value,3,Champions,1
15041,170,1,103,United Kingdom,179.93,179.93,0.0,0.0,2,1,1,211,4,Low-value,1,Hibernating,10
15042,199,1,30,United Kingdom,135.93,135.93,0.0,0.0,1,1,1,111,3,Low-value,1,Hibernating,10
15043,31,1,300,United Kingdom,537.0,537.0,0.0,0.0,4,1,3,413,8,Mid-value,2,Hibernating,10
15044,19,17,2785,United Kingdom,7634.7300000000005,7563.88,70.85000000000036,0.0093,4,5,5,455,14,High-value,3,Loyal Customers,2
15045,152,2,114,United Kingdom,735.66,633.66,102.0,0.1387,2,2,3,223,7,Mid-value,2,Hibernating,10
15046,9,15,3372,United Kingdom,5090.42,4940.66,149.76000000000022,0.0294,5,5,5,555,15,High-value,3,Champions,1
15047,270,1,222,United Kingdom,343.62,343.62,0.0,0.0,1,1,2,112,4,Low-value,1,Hibernating,10
15048,65,4,192,United Kingdom,381.0,377.52,3.480000000000018,0.0091,3,4,2,342,9,Mid-value,2,Hibernating,10
15049,274,1,63,United Kingdom,121.17000000000002,121.17000000000002,0.0,0.0,1,1,1,111,3,Low-value,1,Hibernating,10
15050,25,3,1216,United Kingdom,1737.69,1682.77,54.92000000000007,0.0316,4,3,4,434,11,High-value,3,Potential Champions,3
15051,23,3,1010,United Kingdom,1383.36,1383.36,0.0,0.0,4,3,4,434,11,High-value,3,Potential Champions,3
15052,319,1,79,United Kingdom,207.73000000000002,207.73000000000002,0.0,0.0,1,1,1,111,3,Low-value,1,Hibernating,10
15053,5,3,984,United Kingdom,693.95,693.95,0.0,0.0,5,3,3,533,11,High-value,3,Potential Champions,3
15054,12,2,198,United Kingdom,302.1,302.1,0.0,0.0,5,2,2,522,9,Mid-value,2,Potential Champions,3
15057,275,2,668,United Kingdom,1489.5,1489.5,0.0,0.0,1,2,4,124,7,Mid-value,2,Hibernating,10
15058,25,11,1054,United Kingdom,2102.54,2102.54,0.0,0.0,4,5,5,455,14,High-value,3,Loyal Customers,2
15059,41,9,604,United Kingdom,1337.72,1325.82,11.900000000000091,0.0089,3,5,4,354,12,High-value,3,Loyal Customers,2
15060,8,4,257,United Kingdom,294.25,294.25,0.0,0.0,5,4,2,542,11,High-value,3,Potential Champions,3
15061,4,48,28920,United Kingdom,54534.14,54228.74,305.40000000000146,0.0056,5,5,5,555,15,High-value,3,Champions,1
15062,71,4,763,United Kingdom,987.86,987.86,0.0,0.0,3,4,4,344,11,High-value,3,Loyal Customers,2
15063,213,1,56,United Kingdom,370.79999999999995,370.79999999999995,0.0,0.0,1,1,2,112,4,Low-value,1,Hibernating,10
15065,38,4,1383,United Kingdom,3158.13,3135.98,22.15000000000009,0.007,3,4,5,345,12,High-value,3,Loyal Customers,2
15066,53,1,317,United Kingdom,893.59,760.59,133.0,0.1488,3,1,3,313,7,Mid-value,2,Hibernating,10
15067,78,3,954,United Kingdom,1744.76,1744.76,0.0,0.0,2,3,4,234,9,Mid-value,2,At Risk,8
15068,46,2,364,United Kingdom,553.36,553.36,0.0,0.0,3,2,3,323,8,Mid-value,2,Hibernating,10
15069,179,1,520,United Kingdom,1109.53,1109.53,0.0,0.0,2,1,4,214,7,Mid-value,2,Hibernating,10
15070,373,1,36,United Kingdom,106.2,106.2,0.0,0.0,1,1,1,111,3,Low-value,1,Hibernating,10
15071,94,2,269,United Kingdom,982.07,982.07,0.0,0.0,2,2,4,224,8,Mid-value,2,Hibernating,10
15073,10,3,491,United Kingdom,1043.41,612.43,430.98000000000013,0.413,5,3,3,533,11,High-value,3,Potential Champions,3
15074,105,1,431,United Kingdom,735.67,735.67,0.0,0.0,2,1,3,213,6,Mid-value,2,Hibernating,10
15075,78,1,447,United Kingdom,773.03,773.03,0.0,0.0,2,1,3,213,6,Mid-value,2,Hibernating,10
15076,173,1,571,United Kingdom,880.85,880.85,0.0,0.0,2,1,3,213,6,Mid-value,2,Hibernating,10
15078,7,32,5105,United Kingdom,9743.11,9623.35,119.76000000000022,0.0123,5,5,5,555,15,High-value,3,Champions,1
15079,213,4,389,United Kingdom,895.61,893.66,1.9500000000000455,0.0022,1,4,3,143,8,Mid-value,2,At Risk,8
15081,22,5,190,United Kingdom,504.8,487.35,17.44999999999999,0.0346,4,4,3,443,11,High-value,3,Potential Champions,3
15083,257,1,38,United Kingdom,88.2,88.2,0.0,0.0,1,1,1,111,3,Low-value,1,Hibernating,10
15087,282,1,470,United Kingdom,306.94,306.94,0.0,0.0,1,1,2,112,4,Low-value,1,Hibernating,10
15088,21,2,460,United Kingdom,1160.07,1140.27,19.799999999999955,0.0171,4,2,4,424,10,High-value,3,Potential Champions,3
15089,10,6,1359,United Kingdom,2420.84,2420.84,0.0,0.0,5,4,5,545,14,High-value,3,Champions,1
15090,308,1,208,United Kingdom,381.32,381.32,0.0,0.0,1,1,2,112,4,Low-value,1,Hibernating,10
15091,68,1,346,United Kingdom,480.71,476.96,3.75,0.0078,3,1,3,313,7,Mid-value,2,Hibernating,10
15092,215,2,135,United Kingdom,457.81,457.81,0.0,0.0,1,2,2,122,5,Mid-value,2,Hibernating,10
15093,18,6,3760,United Kingdom,4597.02,4410.14,186.8800000000001,0.0407,4,4,5,445,13,High-value,3,Loyal Customers,2
15095,104,4,1079,United Kingdom,1370.6000000000001,1364.7,5.900000000000091,0.0043,2,4,4,244,10,High-value,3,Do Not Lose,9
15096,43,1,120,United Kingdom,219.39000000000001,219.39000000000001,0.0,0.0,3,1,1,311,5,Mid-value,2,About to Sleep,7
15097,4,1,170,United Kingdom,248.08,248.08,0.0,0.0,5,1,2,512,8,Mid-value,2,New Customers,4
15098,182,3,121,United Kingdom,39916.5,649.5,39267.0,0.9837,1,3,3,133,7,Mid-value,2,At Risk,8
15099,84,1,343,United Kingdom,410.48,410.48,0.0,0.0,2,1,2,212,5,Mid-value,2,Hibernating,10
15100,334,3,80,United Kingdom,876.0,635.1,240.89999999999998,0.275,1,3,3,133,7,Mid-value,2,At Risk,8
15101,9,2,241,United Kingdom,317.53000000000003,310.03000000000003,7.5,0.0236,5,2,2,522,9,Mid-value,2,Potential Champions,3
15103,31,2,329,United Kingdom,703.36,703.36,0.0,0.0,4,2,3,423,9,Mid-value,2,Potential Champions,3
15104,197,2,635,United Kingdom,993.54,968.64,24.899999999999977,0.0251,1,2,4,124,7,Mid-value,2,Hibernating,10
15105,18,7,1211,United Kingdom,2298.93,2298.93,0.0,0.0,4,5,5,455,14,High-value,3,Loyal Customers,2
15106,18,5,1181,United Kingdom,1422.52,1407.73,14.789999999999964,0.0104,4,4,4,444,12,High-value,3,Loyal Customers,2
15107,311,6,170,United Kingdom,319.5,247.66,71.84,0.2249,1,4,2,142,7,Mid-value,2,Hibernating,10
15108,142,4,499,European Community,1300.25,1291.75,8.5,0.0065,2,4,4,244,10,High-value,3,Do Not Lose,9
15109,246,1,131,United Kingdom,484.95,463.75,21.19999999999999,0.0437,1,1,2,112,4,Low-value,1,Hibernating,10
15110,24,4,246,United Kingdom,996.1,973.2,22.899999999999977,0.023,4,4,4,444,12,High-value,3,Loyal Customers,2
15111,29,3,710,United Kingdom,1567.48,1567.48,0.0,0.0,4,3,4,434,11,High-value,3,Potential Champions,3
15113,10,3,2344,United Kingdom,3509.43,3339.5099999999998,169.92000000000007,0.0484,5,3,5,535,13,High-value,3,Potential Champions,3
15114,30,10,3096,United Kingdom,2760.56,2760.56,0.0,0.0,4,5,5,455,14,High-value,3,Loyal Customers,2
15115,18,1,157,United Kingdom,340.11,340.11,0.0,0.0,4,1,2,412,7,Mid-value,2,Promising,5
15116,18,4,648,United Kingdom,1352.75,1352.75,0.0,0.0,4,4,4,444,12,High-value,3,Loyal Customers,2
15117,15,5,1948,United Kingdom,1551.78,1550.13,1.6499999999998636,0.0011,4,4,4,444,12,High-value,3,Loyal Customers,2
15118,134,1,1440,United Kingdom,244.8,244.8,0.0,0.0,2,1,2,212,5,Mid-value,2,Hibernating,10
15119,246,1,88,United Kingdom,266.4,266.4,0.0,0.0,1,1,2,112,4,Low-value,1,Hibernating,10
15120,134,1,296,United Kingdom,358.82,343.82,15.0,0.0418,2,1,2,212,5,Mid-value,2,Hibernating,10
15121,50,2,199,United Kingdom,457.72,457.72,0.0,0.0,3,2,2,322,7,Mid-value,2,About to Sleep,7
15122,114,3,800,United Kingdom,1633.78,1612.13,21.649999999999864,0.0133,2,3,4,234,9,Mid-value,2,At Risk,8
15123,7,2,1195,United Kingdom,2199.31,2199.31,0.0,0.0,5,2,5,525,12,High-value,3,Potential Champions,3
15124,23,2,233,United Kingdom,184.19,184.19,0.0,0.0,4,2,1,421,7,Mid-value,2,Promising,5
15125,25,15,6193,United Kingdom,11528.48,11117.05,411.4300000000003,0.0357,4,5,5,455,14,High-value,3,Loyal Customers,2
15127,66,1,251,United Kingdom,406.53000000000003,406.53000000000003,0.0,0.0,3,1,2,312,6,Mid-value,2,About to Sleep,7
15128,60,4,1343,United Kingdom,1471.0,1419.54,51.460000000000036,0.035,3,4,4,344,11,High-value,3,Loyal Customers,2
15129,50,11,1794,United Kingdom,3447.4,3447.4,0.0,0.0,3,5,5,355,13,High-value,3,Loyal Customers,2
15130,170,1,197,United Kingdom,330.11,330.11,0.0,0.0,2,1,2,212,5,Mid-value,2,Hibernating,10
15132,18,5,679,United Kingdom,977.9300000000001,977.9300000000001,0.0,0.0,4,4,4,444,12,High-value,3,Loyal Customers,2
15133,128,3,680,United Kingdom,982.42,982.42,0.0,0.0,2,3,4,234,9,Mid-value,2,At Risk,8
15134,15,8,887,United Kingdom,1387.99,1387.99,0.0,0.0,4,5,4,454,13,High-value,3,Loyal Customers,2
15135,239,1,43,United Kingdom,139.05,127.15,11.900000000000006,0.0856,1,1,1,111,3,Low-value,1,Hibernating,10
15136,3,4,776,United Kingdom,1286.7,1282.45,4.25,0.0033,5,4,4,544,13,High-value,3,Champions,1
15139,240,2,208,United Kingdom,178.96,178.96,0.0,0.0,1,2,1,121,4,Low-value,1,Hibernating,10
15140,52,7,1572,United Kingdom,2354.25,2350.0,4.25,0.0018,3,5,5,355,13,High-value,3,Loyal Customers,2
15142,46,1,365,United Kingdom,498.74,498.74,0.0,0.0,3,1,3,313,7,Mid-value,2,Hibernating,10
15143,226,1,150,United Kingdom,259.45,259.45,0.0,0.0,1,1,2,112,4,Low-value,1,Hibernating,10
15144,8,17,3050,United Kingdom,6580.4400000000005,6530.04,50.400000000000546,0.0077,5,5,5,555,15,High-value,3,Champions,1
15145,4,4,756,United Kingdom,1194.73,1194.73,0.0,0.0,5,4,4,544,13,High-value,3,Champions,1
15146,165,2,1473,United Kingdom,1327.16,1313.66,13.5,0.0102,2,2,4,224,8,Mid-value,2,Hibernating,10
15147,240,1,366,United Kingdom,623.5,608.65,14.850000000000023,0.0238,1,1,3,113,5,Mid-value,2,Hibernating,10
15148,11,1,187,United Kingdom,301.29,301.29,0.0,0.0,5,1,2,512,8,Mid-value,2,New Customers,4
15149,134,1,128,United Kingdom,520.8000000000001,520.8000000000001,0.0,0.0,2,1,3,213,6,Mid-value,2,Hibernating,10
15150,17,10,3642,United Kingdom,5291.33,5280.83,10.5,0.002,4,5,5,455,14,High-value,3,Loyal Customers,2
15152,10,13,2704,United Kingdom,4745.69,4684.24,61.44999999999982,0.0129,5,5,5,555,15,High-value,3,Champions,1
15153,31,1,198,United Kingdom,329.25,329.25,0.0,0.0,4,1,2,412,7,Mid-value,2,Promising,5
15154,75,1,89,United Kingdom,254.28,224.73,29.55000000000001,0.1162,2,1,1,211,4,Low-value,1,Hibernating,10
15156,1,3,597,United Kingdom,961.49,961.49,0.0,0.0,5,3,4,534,12,High-value,3,Potential Champions,3
15157,4,3,2392,United Kingdom,1936.07,1869.5,66.56999999999994,0.0344,5,3,4,534,12,High-value,3,Potential Champions,3
15158,45,1,198,United Kingdom,401.40000000000003,401.40000000000003,0.0,0.0,3,1,2,312,6,Mid-value,2,About to Sleep,7
15159,2,30,11441,United Kingdom,18641.010000000002,18573.68,67.33000000000175,0.0036,5,5,5,555,15,High-value,3,Champions,1
15160,357,1,84,United Kingdom,158.16,158.16,0.0,0.0,1,1,1,111,3,Low-value,1,Hibernating,10
15163,18,2,186,United Kingdom,304.47,304.47,0.0,0.0,4,2,2,422,8,Mid-value,2,Potential Champions,3
15164,69,3,351,United Kingdom,824.58,824.58,0.0,0.0,3,3,3,333,9,Mid-value,2,Need Attention,6
15165,373,1,160,United Kingdom,487.75,487.75,0.0,0.0,1,1,3,113,5,Mid-value,2,Hibernating,10
15167,321,1,65,United Kingdom,158.8,158.8,0.0,0.0,1,1,1,111,3,Low-value,1,Hibernating,10
15168,26,1,52,United Kingdom,106.56,106.56,0.0,0.0,4,1,1,411,6,Mid-value,2,Promising,5
15171,331,1,290,United Kingdom,1289.5,1034.5,255.0,0.1978,1,1,4,114,6,Mid-value,2,Hibernating,10
15172,9,5,1611,United Kingdom,1624.05,1624.05,0.0,0.0,5,4,4,544,13,High-value,3,Champions,1
15174,323,1,145,United Kingdom,135.75,135.75,0.0,0.0,1,1,1,111,3,Low-value,1,Hibernating,10
15175,72,1,454,United Kingdom,224.14,224.14,0.0,0.0,3,1,1,311,5,Mid-value,2,About to Sleep,7
15178,260,1,30,United Kingdom,40.5,40.5,0.0,0.0,1,1,1,111,3,Low-value,1,Hibernating,10
15179,18,5,1938,United Kingdom,2206.9500000000003,2186.2000000000003,20.75,0.0094,4,4,5,445,13,High-value,3,Loyal Customers,2
15180,367,1,36,United Kingdom,87.5,87.5,0.0,0.0,1,1,1,111,3,Low-value,1,Hibernating,10
15181,66,3,544,United Kingdom,689.48,680.28,9.200000000000045,0.0133,3,3,3,333,9,Mid-value,2,Need Attention,6
15182,154,2,253,United Kingdom,622.85,622.85,0.0,0.0,2,2,3,223,7,Mid-value,2,Hibernating,10
15184,29,2,199,United Kingdom,402.2,402.2,0.0,0.0,4,2,2,422,8,Mid-value,2,Potential Champions,3
15185,70,1,666,United Kingdom,310.62,310.62,0.0,0.0,3,1,2,312,6,Mid-value,2,About to Sleep,7
15186,14,2,215,United Kingdom,411.41,411.41,0.0,0.0,4,2,2,422,8,Mid-value,2,Potential Champions,3
15187,2,16,1887,United Kingdom,4777.18,4670.08,107.10000000000036,0.0224,5,5,5,555,15,High-value,3,Champions,1
15189,1,41,6149,United Kingdom,16225.39,15802.14,423.25,0.0261,5,5,5,555,15,High-value,3,Champions,1
15192,120,3,918,United Kingdom,1044.32,1044.32,0.0,0.0,2,3,4,234,9,Mid-value,2,At Risk,8
15193,61,1,144,United Kingdom,499.32,499.32,0.0,0.0,3,1,3,313,7,Mid-value,2,Hibernating,10
15194,3,15,5703,United Kingdom,7616.53,7521.17,95.35999999999967,0.0125,5,5,5,555,15,High-value,3,Champions,1
15195,3,1,1404,United Kingdom,3861.0,3861.0,0.0,0.0,5,1,5,515,11,High-value,3,Hibernating,10
15197,11,3,469,United Kingdom,1079.61,656.44,423.16999999999985,0.392,5,3,3,533,11,High-value,3,Potential Champions,3
15198,92,2,120,United Kingdom,193.64,193.64,0.0,0.0,2,2,1,221,5,Mid-value,2,Hibernating,10
15199,59,4,396,United Kingdom,1268.7,1268.7,0.0,0.0,3,4,4,344,11,High-value,3,Loyal Customers,2
15201,87,5,1210,United Kingdom,1236.54,927.84,308.69999999999993,0.2496,2,4,4,244,10,High-value,3,Do Not Lose,9
15203,26,6,1753,United Kingdom,1827.8,1827.8,0.0,0.0,4,4,4,444,12,High-value,3,Loyal Customers,2
15204,357,1,258,United Kingdom,316.58,316.58,0.0,0.0,1,1,2,112,4,Low-value,1,Hibernating,10
15205,85,2,378,United Kingdom,653.24,648.8299999999999,4.410000000000082,0.0068,2,2,3,223,7,Mid-value,2,Hibernating,10
15206,10,4,162,United Kingdom,420.3,420.3,0.0,0.0,5,4,2,542,11,High-value,3,Potential Champions,3
15208,1,5,316,United Kingdom,870.12,867.62,2.5,0.0029,5,4,3,543,12,High-value,3,Potential Champions,3
15210,225,1,228,United Kingdom,331.18,331.18,0.0,0.0,1,1,2,112,4,Low-value,1,Hibernating,10
15211,60,2,240,United Kingdom,894.4100000000001,894.4100000000001,0.0,0.0,3,2,3,323,8,Mid-value,2,Hibernating,10
15212,241,1,36,United Kingdom,101.8,88.95,12.849999999999994,0.1262,1,1,1,111,3,Low-value,1,Hibernating,10
15213,319,2,272,United Kingdom,328.35,325.05,3.3000000000000114,0.0101,1,2,2,122,5,Mid-value,2,Hibernating,10
15214,2,8,1254,United Kingdom,1661.44,1661.44,0.0,0.0,5,5,4,554,14,High-value,3,Champions,1
15215,47,3,225,United Kingdom,734.94,615.99,118.95000000000005,0.1618,3,3,3,333,9,Mid-value,2,Need Attention,6
15216,88,1,28,United Kingdom,96.6,96.6,0.0,0.0,2,1,1,211,4,Low-value,1,Hibernating,10
15218,11,11,3329,United Kingdom,5756.89,5756.89,0.0,0.0,5,5,5,555,15,High-value,3,Champions,1
15219,176,1,45,United Kingdom,305.75,305.75,0.0,0.0,2,1,2,212,5,Mid-value,2,Hibernating,10
15220,52,6,1393,United Kingdom,1778.96,1758.92,20.039999999999964,0.0113,3,4,4,344,11,High-value,3,Loyal Customers,2
15221,366,1,43,United Kingdom,403.25,114.1,289.15,0.717,1,1,1,111,3,Low-value,1,Hibernating,10
15222,319,1,440,United Kingdom,585.0,585.0,0.0,0.0,1,1,3,113,5,Mid-value,2,Hibernating,10
15223,226,2,213,United Kingdom,755.75,454.90000000000003,300.84999999999997,0.3981,1,2,2,122,5,Mid-value,2,Hibernating,10
15224,358,2,152,United Kingdom,322.08,310.48,11.599999999999966,0.036,1,2,2,122,5,Mid-value,2,Hibernating,10
15225,234,1,226,United Kingdom,409.40000000000003,409.40000000000003,0.0,0.0,1,1,2,112,4,Low-value,1,Hibernating,10
15226,311,1,71,United Kingdom,154.41,154.41,0.0,0.0,1,1,1,111,3,Low-value,1,Hibernating,10
15227,37,5,750,United Kingdom,1219.4,1219.4,0.0,0.0,3,4,4,344,11,High-value,3,Loyal Customers,2
15228,66,4,2255,United Kingdom,3386.71,3376.96,9.75,0.0029,3,4,5,345,12,High-value,3,Loyal Customers,2
15230,239,2,351,United Kingdom,429.6,429.6,0.0,0.0,1,2,2,122,5,Mid-value,2,Hibernating,10
15232,113,2,686,United Kingdom,612.06,612.06,0.0,0.0,2,2,3,223,7,Mid-value,2,Hibernating,10
15234,277,1,196,United Kingdom,197.0,197.0,0.0,0.0,1,1,1,111,3,Low-value,1,Hibernating,10
15235,218,12,1324,United Kingdom,2247.51,2247.51,0.0,0.0,1,5,5,155,11,High-value,3,Do Not Lose,9
15236,299,1,269,United Kingdom,321.05,321.05,0.0,0.0,1,1,2,112,4,Low-value,1,Hibernating,10
15237,2,4,1071,United Kingdom,1412.32,1412.32,0.0,0.0,5,4,4,544,13,High-value,3,Champions,1
15238,29,3,692,United Kingdom,1071.99,1056.54,15.450000000000045,0.0144,4,3,4,434,11,High-value,3,Potential Champions,3
15239,10,2,594,United Kingdom,780.59,764.34,16.25,0.0208,5,2,3,523,10,High-value,3,Potential Champions,3
15240,45,5,1369,United Kingdom,1706.57,1685.57,21.0,0.0123,3,4,4,344,11,High-value,3,Loyal Customers,2
15241,67,8,1818,United Kingdom,1756.44,1738.59,17.850000000000136,0.0102,3,5,4,354,12,High-value,3,Loyal Customers,2
15243,74,1,185,United Kingdom,316.68,316.68,0.0,0.0,2,1,2,212,5,Mid-value,2,Hibernating,10
15244,65,2,405,United Kingdom,631.57,631.57,0.0,0.0,3,2,3,323,8,Mid-value,2,Hibernating,10
15245,134,3,1784,United Kingdom,2515.84,2515.84,0.0,0.0,2,3,5,235,10,High-value,3,At Risk,8
15246,238,2,247,United Kingdom,514.15,514.15,0.0,0.0,1,2,3,123,6,Mid-value,2,Hibernating,10
15247,122,1,160,United Kingdom,356.0,356.0,0.0,0.0,2,1,2,212,5,Mid-value,2,Hibernating,10
15249,32,13,3577,United Kingdom,6688.46,6657.360000000001,31.099999999999454,0.0046,4,5,5,455,14,High-value,3,Loyal Customers,2
15251,9,11,6171,United Kingdom,10484.99,10327.11,157.8799999999992,0.0151,5,5,5,555,15,High-value,3,Champions,1
15252,36,2,522,United Kingdom,740.78,740.78,0.0,0.0,3,2,3,323,8,Mid-value,2,Hibernating,10
15253,16,5,866,United Kingdom,918.2,915.3,2.900000000000091,0.0032,4,4,4,444,12,High-value,3,Loyal Customers,2
15254,127,1,275,United Kingdom,300.36,300.36,0.0,0.0,2,1,2,212,5,Mid-value,2,Hibernating,10
15255,67,1,489,United Kingdom,890.85,890.85,0.0,0.0,3,1,3,313,7,Mid-value,2,Hibernating,10
15256,149,1,55,United Kingdom,98.45,98.45,0.0,0.0,2,1,1,211,4,Low-value,1,Hibernating,10
15257,283,1,46,United Kingdom,317.15,232.14999999999998,85.0,0.268,1,1,1,111,3,Low-value,1,Hibernating,10
15258,169,2,142,United Kingdom,623.16,623.16,0.0,0.0,2,2,3,223,7,Mid-value,2,Hibernating,10
15260,100,7,885,United Kingdom,1810.77,1780.77,30.0,0.0166,2,5,4,254,11,High-value,3,Do Not Lose,9
15261,135,1,270,United Kingdom,254.82,254.82,0.0,0.0,2,1,2,212,5,Mid-value,2,Hibernating,10
15262,324,1,73,United Kingdom,178.95000000000002,178.95000000000002,0.0,0.0,1,1,1,111,3,Low-value,1,Hibernating,10
15263,107,1,89,United Kingdom,156.51,156.51,0.0,0.0,2,1,1,211,4,Low-value,1,Hibernating,10
15264,64,1,265,United Kingdom,393.74,393.74,0.0,0.0,3,1,2,312,6,Mid-value,2,About to Sleep,7
15265,151,2,612,United Kingdom,1506.1200000000001,1506.1200000000001,0.0,0.0,2,2,4,224,8,Mid-value,2,Hibernating,10
15266,338,1,18,United Kingdom,119.3,119.3,0.0,0.0,1,1,1,111,3,Low-value,1,Hibernating,10
15267,22,5,944,United Kingdom,1717.36,1717.36,0.0,0.0,4,4,4,444,12,High-value,3,Loyal Customers,2
15269,24,1,26,United Kingdom,408.8,408.8,0.0,0.0,4,1,2,412,7,Mid-value,2,Promising,5
15270,16,7,1521,United Kingdom,2379.49,2298.2,81.28999999999996,0.0342,4,5,5,455,14,High-value,3,Loyal Customers,2
15271,7,15,1251,United Kingdom,2493.34,2472.09,21.25,0.0085,5,5,5,555,15,High-value,3,Champions,1
15272,57,2,310,United Kingdom,721.94,721.94,0.0,0.0,3,2,3,323,8,Mid-value,2,Hibernating,10
15274,4,2,619,United Kingdom,716.57,716.57,0.0,0.0,5,2,3,523,10,High-value,3,Potential Champions,3
15275,38,1,498,United Kingdom,615.14,609.19,5.949999999999932,0.0097,3,1,3,313,7,Mid-value,2,Hibernating,10
15276,66,1,61,United Kingdom,128.63,128.63,0.0,0.0,3,1,1,311,5,Mid-value,2,About to Sleep,7
15277,47,1,205,United Kingdom,255.89999999999998,255.89999999999998,0.0,0.0,3,1,2,312,6,Mid-value,2,About to Sleep,7
15279,355,1,189,United Kingdom,290.51,277.41,13.099999999999966,0.0451,1,1,2,112,4,Low-value,1,Hibernating,10
15280,172,1,154,United Kingdom,113.12,113.12,0.0,0.0,2,1,1,211,4,Low-value,1,Hibernating,10
15281,59,9,1211,United Kingdom,2332.15,2239.95,92.20000000000027,0.0395,3,5,5,355,13,High-value,3,Loyal Customers,2
15286,50,1,55,United Kingdom,240.55,240.55,0.0,0.0,3,1,2,312,6,Mid-value,2,About to Sleep,7
15287,22,2,433,United Kingdom,486.69,485.24,1.4499999999999886,0.003,4,2,3,423,9,Mid-value,2,Potential Champions,3
15288,43,5,775,United Kingdom,2306.52,2306.52,0.0,0.0,3,4,5,345,12,High-value,3,Loyal Customers,2
15289,29,3,1008,United Kingdom,939.78,935.1,4.67999999999995,0.005,4,3,4,434,11,High-value,3,Potential Champions,3
15290,5,18,4501,United Kingdom,7943.22,7803.7699999999995,139.45000000000073,0.0176,5,5,5,555,15,High-value,3,Champions,1
15291,26,15,2103,United Kingdom,4668.3,4596.51,71.78999999999996,0.0154,4,5,5,455,14,High-value,3,Loyal Customers,2
15292,201,1,55,United Kingdom,178.39,178.39,0.0,0.0,1,1,1,111,3,Low-value,1,Hibernating,10
15296,51,6,1766,United Kingdom,3672.86,3610.31,62.55000000000018,0.017,3,4,5,345,12,High-value,3,Loyal Customers,2
15297,10,3,292,United Kingdom,641.94,635.0400000000001,6.899999999999977,0.0107,5,3,3,533,11,High-value,3,Potential Champions,3
15298,2,12,3116,United Kingdom,4799.9,3774.1,1025.7999999999997,0.2137,5,5,5,555,15,High-value,3,Champions,1
15299,67,7,2948,United Kingdom,4507.01,3787.09,719.9200000000001,0.1597,3,5,5,355,13,High-value,3,Loyal Customers,2
15300,64,1,292,United Kingdom,496.44,496.44,0.0,0.0,3,1,3,313,7,Mid-value,2,Hibernating,10
15301,51,12,2751,United Kingdom,5049.95,5007.72,42.22999999999956,0.0084,3,5,5,355,13,High-value,3,Loyal Customers,2
15303,290,1,248,United Kingdom,574.02,574.02,0.0,0.0,1,1,3,113,5,Mid-value,2,Hibernating,10
15304,61,8,104,United Kingdom,694.4,680.3,14.100000000000023,0.0203,3,5,3,353,11,High-value,3,Need Attention,6
15306,64,3,810,United Kingdom,1174.3500000000001,1174.3500000000001,0.0,0.0,3,3,4,334,10,High-value,3,Need Attention,6
15307,96,1,37,United Kingdom,205.3,205.3,0.0,0.0,2,1,1,211,4,Low-value,1,Hibernating,10
15308,274,1,175,United Kingdom,310.47,302.27,8.200000000000045,0.0264,1,1,2,112,4,Low-value,1,Hibernating,10
15311,1,91,38147,United Kingdom,60632.75,59284.19,1348.5599999999977,0.0222,5,5,5,555,15,High-value,3,Champions,1
15312,75,4,516,United Kingdom,924.85,921.1,3.75,0.0041,2,4,4,244,10,High-value,3,Do Not Lose,9
15313,110,1,25,United Kingdom,52.0,52.0,0.0,0.0,2,1,1,211,4,Low-value,1,Hibernating,10
15314,199,1,313,United Kingdom,327.97,327.97,0.0,0.0,1,1,2,112,4,Low-value,1,Hibernating,10
15315,64,2,862,United Kingdom,570.5,551.54,18.960000000000036,0.0332,3,2,3,323,8,Mid-value,2,Hibernating,10
15316,327,1,100,United Kingdom,165.0,165.0,0.0,0.0,1,1,1,111,3,Low-value,1,Hibernating,10
15318,4,1,642,United Kingdom,312.62,312.62,0.0,0.0,5,1,2,512,8,Mid-value,2,New Customers,4
15319,284,1,175,United Kingdom,204.5,204.5,0.0,0.0,1,1,1,111,3,Low-value,1,Hibernating,10
15320,44,1,326,United Kingdom,267.13,267.13,0.0,0.0,3,1,2,312,6,Mid-value,2,About to Sleep,7
15321,71,3,1181,United Kingdom,2748.31,2663.48,84.82999999999993,0.0309,3,3,5,335,11,High-value,3,Need Attention,6
15322,86,1,416,United Kingdom,679.68,602.97,76.70999999999992,0.1129,2,1,3,213,6,Mid-value,2,Hibernating,10
15325,104,1,231,United Kingdom,161.74,161.74,0.0,0.0,2,1,1,211,4,Low-value,1,Hibernating,10
15326,334,1,386,United Kingdom,311.71,311.71,0.0,0.0,1,1,2,112,4,Low-value,1,Hibernating,10
15327,53,1,116,United Kingdom,208.75,208.75,0.0,0.0,3,1,1,311,5,Mid-value,2,About to Sleep,7
15329,39,3,486,United Kingdom,1049.7,1005.5,44.200000000000045,0.0421,3,3,4,334,10,High-value,3,Need Attention,6
15330,32,2,1312,United Kingdom,714.9599999999999,714.9599999999999,0.0,0.0,4,2,3,423,9,Mid-value,2,Potential Champions,3
15332,366,4,652,Lithuania,1661.06,1661.06,0.0,0.0,1,4,4,144,9,Mid-value,2,Do Not Lose,9
15333,208,1,344,United Kingdom,1028.56,1028.56,0.0,0.0,1,1,4,114,6,Mid-value,2,Hibernating,10
15334,157,3,273,United Kingdom,350.82,350.82,0.0,0.0,2,3,2,232,7,Mid-value,2,Hibernating,10
15335,54,1,79,United Kingdom,170.22,170.22,0.0,0.0,3,1,1,311,5,Mid-value,2,About to Sleep,7
15339,66,2,416,United Kingdom,574.07,557.57,16.5,0.0287,3,2,3,323,8,Mid-value,2,Hibernating,10
15341,81,1,812,United Kingdom,2020.52,2020.52,0.0,0.0,2,1,5,215,8,Mid-value,2,Hibernating,10
15342,130,1,283,United Kingdom,406.09000000000003,391.76,14.330000000000041,0.0353,2,1,2,212,5,Mid-value,2,Hibernating,10
15343,87,1,84,United Kingdom,364.5,364.5,0.0,0.0,2,1,2,212,5,Mid-value,2,Hibernating,10
15344,1,3,116,United Kingdom,563.94,476.58,87.36000000000007,0.1549,5,3,3,533,11,High-value,3,Potential Champions,3
15345,46,1,81,United Kingdom,393.54,367.69,25.850000000000023,0.0657,3,1,2,312,6,Mid-value,2,About to Sleep,7
15346,333,1,144,United Kingdom,252.42000000000002,252.42000000000002,0.0,0.0,1,1,2,112,4,Low-value,1,Hibernating,10
15347,366,1,130,United Kingdom,201.60000000000002,201.60000000000002,0.0,0.0,1,1,1,111,3,Low-value,1,Hibernating,10
15348,72,1,84,United Kingdom,158.04,158.04,0.0,0.0,3,1,1,311,5,Mid-value,2,About to Sleep,7
15349,158,2,321,United Kingdom,463.91,463.91,0.0,0.0,2,2,2,222,6,Mid-value,2,Hibernating,10
15350,373,1,51,United Kingdom,115.65,115.65,0.0,0.0,1,1,1,111,3,Low-value,1,Hibernating,10
15351,12,7,742,United Kingdom,1934.66,1836.69,97.97000000000003,0.0506,5,5,4,554,14,High-value,3,Champions,1
15353,255,2,341,United Kingdom,770.12,770.12,0.0,0.0,1,2,3,123,6,Mid-value,2,Hibernating,10
15355,29,2,45,United Kingdom,277.05,277.05,0.0,0.0,4,2,2,422,8,Mid-value,2,Potential Champions,3
15356,31,10,1643,United Kingdom,2718.03,2718.03,0.0,0.0,4,5,5,455,14,High-value,3,Loyal Customers,2
15358,5,22,7050,United Kingdom,8347.2,8235.65,111.55000000000109,0.0134,5,5,5,555,15,High-value,3,Champions,1
15360,40,1,223,United Kingdom,427.93,427.93,0.0,0.0,3,1,2,312,6,Mid-value,2,About to Sleep,7
15361,362,1,336,United Kingdom,418.92,418.92,0.0,0.0,1,1,2,112,4,Low-value,1,Hibernating,10
15363,373,1,144,United Kingdom,326.0,318.05,7.949999999999989,0.0244,1,1,2,112,4,Low-value,1,Hibernating,10
15364,96,2,493,United Kingdom,913.19,913.19,0.0,0.0,2,2,3,223,7,Mid-value,2,Hibernating,10
15365,26,7,1084,United Kingdom,2314.32,1330.45,983.8700000000001,0.4251,4,5,4,454,13,High-value,3,Loyal Customers,2
15366,75,2,621,United Kingdom,602.51,602.51,0.0,0.0,2,2,3,223,7,Mid-value,2,Hibernating,10
15367,57,4,1057,United Kingdom,1877.5900000000001,1867.69,9.900000000000091,0.0053,3,4,4,344,11,High-value,3,Loyal Customers,2
15368,21,1,230,United Kingdom,446.94000000000005,446.94000000000005,0.0,0.0,4,1,2,412,7,Mid-value,2,Promising,5
15370,41,7,830,United Kingdom,2386.05,2360.55,25.5,0.0107,3,5,5,355,13,High-value,3,Loyal Customers,2
15372,137,1,2924,United Kingdom,2007.4,2007.4,0.0,0.0,2,1,5,215,8,Mid-value,2,Hibernating,10
15373,8,12,500,United Kingdom,2415.91,2213.11,202.79999999999973,0.0839,5,5,5,555,15,High-value,3,Champions,1
15374,129,1,126,United Kingdom,168.0,168.0,0.0,0.0,2,1,1,211,4,Low-value,1,Hibernating,10
15376,40,3,615,United Kingdom,1221.56,1221.56,0.0,0.0,3,3,4,334,10,High-value,3,Need Attention,6
15379,169,7,2305,United Kingdom,3703.29,3631.8900000000003,71.39999999999964,0.0193,2,5,5,255,12,High-value,3,Do Not Lose,9
15380,9,5,376,United Kingdom,1690.26,1682.36,7.900000000000091,0.0047,5,4,4,544,13,High-value,3,Champions,1
15381,214,2,171,United Kingdom,596.85,596.85,0.0,0.0,1,2,3,123,6,Mid-value,2,Hibernating,10
15382,15,6,4012,United Kingdom,5955.71,5927.86,27.850000000000364,0.0047,4,4,5,445,13,High-value,3,Loyal Customers,2
15384,170,2,596,United Kingdom,642.41,635.76,6.649999999999977,0.0104,2,2,3,223,7,Mid-value,2,Hibernating,10
15385,40,1,161,United Kingdom,316.88,316.88,0.0,0.0,3,1,2,312,6,Mid-value,2,About to Sleep,7
15386,186,1,446,United Kingdom,394.14,394.14,0.0,0.0,1,1,2,112,4,Low-value,1,Hibernating,10
15388,270,1,88,Canada,140.54,140.54,0.0,0.0,1,1,1,111,3,Low-value,1,Hibernating,10
15389,172,1,400,United Kingdom,500.0,500.0,0.0,0.0,2,1,3,213,6,Mid-value,2,Hibernating,10
15392,5,4,1277,United Kingdom,1535.53,1515.73,19.799999999999955,0.0129,5,4,4,544,13,High-value,3,Champions,1
15393,16,2,150,United Kingdom,231.86,231.86,0.0,0.0,4,2,1,421,7,Mid-value,2,Promising,5
15394,10,4,910,United Kingdom,2183.54,2183.54,0.0,0.0,5,4,5,545,14,High-value,3,Champions,1
15395,326,1,17,United Kingdom,107.45,107.45,0.0,0.0,1,1,1,111,3,Low-value,1,Hibernating,10
15396,113,1,122,United Kingdom,288.18,288.18,0.0,0.0,2,1,2,212,5,Mid-value,2,Hibernating,10
15397,290,1,20,United Kingdom,94.0,94.0,0.0,0.0,1,1,1,111,3,Low-value,1,Hibernating,10
15398,16,2,769,United Kingdom,1345.53,1339.63,5.899999999999864,0.0044,4,2,4,424,10,High-value,3,Potential Champions,3
15399,1,3,611,United Kingdom,815.77,815.77,0.0,0.0,5,3,3,533,11,High-value,3,Potential Champions,3
15400,92,5,390,United Kingdom,716.2,666.7,49.5,0.0691,2,4,3,243,9,Mid-value,2,At Risk,8
15402,149,2,694,United Kingdom,626.77,626.77,0.0,0.0,2,2,3,223,7,Mid-value,2,Hibernating,10
15405,189,1,193,United Kingdom,349.1,349.1,0.0,0.0,1,1,2,112,4,Low-value,1,Hibernating,10
15406,31,2,254,United Kingdom,510.71000000000004,426.61,84.10000000000002,0.1647,4,2,2,422,8,Mid-value,2,Potential Champions,3
15407,34,4,552,United Kingdom,1046.74,1046.74,0.0,0.0,3,4,4,344,11,High-value,3,Loyal Customers,2
15408,264,1,106,United Kingdom,267.18,267.18,0.0,0.0,1,1,2,112,4,Low-value,1,Hibernating,10
15410,84,8,1200,United Kingdom,3450.84,3450.84,0.0,0.0,2,5,5,255,12,High-value,3,Do Not Lose,9
15411,26,4,529,United Kingdom,1348.93,1336.43,12.5,0.0093,4,4,4,444,12,High-value,3,Loyal Customers,2
15412,171,1,108,United Kingdom,190.53,190.53,0.0,0.0,2,1,1,211,4,Low-value,1,Hibernating,10
15414,10,3,443,United Kingdom,774.9000000000001,774.9000000000001,0.0,0.0,5,3,3,533,11,High-value,3,Potential Champions,3
15415,313,1,551,United Kingdom,559.61,559.61,0.0,0.0,1,1,3,113,5,Mid-value,2,Hibernating,10
15416,65,4,2090,United Kingdom,3984.32,3974.37,9.950000000000273,0.0025,3,4,5,345,12,High-value,3,Loyal Customers,2
15417,85,1,284,United Kingdom,508.8,508.8,0.0,0.0,2,1,3,213,6,Mid-value,2,Hibernating,10
15419,25,1,230,United Kingdom,135.86,135.86,0.0,0.0,4,1,1,411,6,Mid-value,2,Promising,5
15421,59,4,500,United Kingdom,950.36,950.36,0.0,0.0,3,4,4,344,11,High-value,3,Loyal Customers,2
15422,323,2,38,United Kingdom,97.7,97.7,0.0,0.0,1,2,1,121,4,Low-value,1,Hibernating,10
15423,38,1,101,United Kingdom,43.5,43.5,0.0,0.0,3,1,1,311,5,Mid-value,2,About to Sleep,7
15424,254,2,554,United Kingdom,383.34,383.34,0.0,0.0,1,2,2,122,5,Mid-value,2,Hibernating,10
15426,19,5,656,United Kingdom,1404.07,1386.58,17.49000000000001,0.0125,4,4,4,444,12,High-value,3,Loyal Customers,2
15427,33,3,967,United Kingdom,1430.54,1430.54,0.0,0.0,4,3,4,434,11,High-value,3,Potential Champions,3
15428,15,1,102,United Kingdom,93.78,93.78,0.0,0.0,4,1,1,411,6,Mid-value,2,Promising,5
15429,27,2,380,United Kingdom,397.35,364.9,32.450000000000045,0.0817,4,2,2,422,8,Mid-value,2,Potential Champions,3
15432,23,1,65,United Kingdom,171.19000000000003,171.19000000000003,0.0,0.0,4,1,1,411,6,Mid-value,2,Promising,5
15433,214,2,534,United Kingdom,533.3,417.87,115.42999999999995,0.2164,1,2,2,122,5,Mid-value,2,Hibernating,10
15434,8,5,647,United Kingdom,1041.48,997.48,44.0,0.0422,5,4,4,544,13,High-value,3,Champions,1
15435,22,1,54,United Kingdom,149.29,149.29,0.0,0.0,4,1,1,411,6,Mid-value,2,Promising,5
15436,12,3,574,United Kingdom,1067.75,1067.75,0.0,0.0,5,3,4,534,12,High-value,3,Potential Champions,3
15437,262,1,79,United Kingdom,200.16,200.16,0.0,0.0,1,1,1,111,3,Low-value,1,Hibernating,10
15438,131,1,59,United Kingdom,156.57999999999998,156.57999999999998,0.0,0.0,2,1,1,211,4,Low-value,1,Hibernating,10
15440,55,3,197,United Kingdom,383.68,383.68,0.0,0.0,3,3,2,332,8,Mid-value,2,Hibernating,10
15442,249,1,120,United Kingdom,594.0,594.0,0.0,0.0,1,1,3,113,5,Mid-value,2,Hibernating,10
15443,2,7,1639,United Kingdom,3213.59,3188.84,24.75,0.0077,5,5,5,555,15,High-value,3,Champions,1
15444,9,2,759,United Kingdom,1411.21,1411.21,0.0,0.0,5,2,4,524,11,High-value,3,Potential Champions,3
15445,264,1,58,United Kingdom,113.5,113.5,0.0,0.0,1,1,1,111,3,Low-value,1,Hibernating,10
15447,331,1,85,United Kingdom,155.17000000000002,155.17000000000002,0.0,0.0,1,1,1,111,3,Low-value,1,Hibernating,10
15448,313,1,232,United Kingdom,494.64,494.64,0.0,0.0,1,1,3,113,5,Mid-value,2,Hibernating,10
15449,26,3,812,United Kingdom,974.52,971.22,3.2999999999999545,0.0034,4,3,4,434,11,High-value,3,Potential Champions,3
15450,30,1,376,United Kingdom,429.84,429.84,0.0,0.0,4,1,2,412,7,Mid-value,2,Promising,5
15452,30,3,280,United Kingdom,528.48,528.48,0.0,0.0,4,3,3,433,10,High-value,3,Potential Champions,3
15453,2,7,837,United Kingdom,1371.77,1371.77,0.0,0.0,5,5,4,554,14,High-value,3,Champions,1
15454,362,1,86,United Kingdom,179.1,179.1,0.0,0.0,1,1,1,111,3,Low-value,1,Hibernating,10
15456,283,3,633,United Kingdom,434.59,434.59,0.0,0.0,1,3,2,132,6,Mid-value,2,Hibernating,10
15457,262,1,132,United Kingdom,237.07,237.07,0.0,0.0,1,1,1,111,3,Low-value,1,Hibernating,10
15458,25,1,156,United Kingdom,161.64,161.64,0.0,0.0,4,1,1,411,6,Mid-value,2,Promising,5
15460,354,1,107,United Kingdom,214.26,214.26,0.0,0.0,1,1,1,111,3,Low-value,1,Hibernating,10
15462,94,3,172,United Kingdom,234.6,234.6,0.0,0.0,2,3,1,231,6,Mid-value,2,Hibernating,10
15463,29,1,106,United Kingdom,126.14,126.14,0.0,0.0,4,1,1,411,6,Mid-value,2,Promising,5
15464,338,1,348,United Kingdom,1044.65,1044.65,0.0,0.0,1,1,4,114,6,Mid-value,2,Hibernating,10
15465,20,18,1257,United Kingdom,7354.62,6945.0199999999995,409.60000000000036,0.0557,4,5,5,455,14,High-value,3,Loyal Customers,2
15466,85,1,246,United Kingdom,334.53,334.53,0.0,0.0,2,1,2,212,5,Mid-value,2,Hibernating,10
15467,9,3,310,United Kingdom,524.88,511.88,13.0,0.0248,5,3,3,533,11,High-value,3,Potential Champions,3
15468,51,2,155,United Kingdom,467.51,438.46000000000004,29.049999999999955,0.0621,3,2,2,322,7,Mid-value,2,About to Sleep,7
15469,50,2,153,United Kingdom,538.55,504.5,34.049999999999955,0.0632,3,2,3,323,8,Mid-value,2,Hibernating,10
15471,2,1,256,United Kingdom,454.48,454.48,0.0,0.0,5,1,2,512,8,Mid-value,2,New Customers,4
15472,113,1,251,United Kingdom,371.56,371.56,0.0,0.0,2,1,2,212,5,Mid-value,2,Hibernating,10
15473,14,7,672,United Kingdom,1771.2,1465.2,306.0,0.1728,4,5,4,454,13,High-value,3,Loyal Customers,2
15475,77,1,319,United Kingdom,454.11,454.11,0.0,0.0,2,1,2,212,5,Mid-value,2,Hibernating,10
15478,40,2,575,United Kingdom,1399.92,1399.92,0.0,0.0,3,2,4,324,9,Mid-value,2,Hibernating,10
15480,116,1,303,Malta,905.5,905.5,0.0,0.0,2,1,3,213,6,Mid-value,2,Hibernating,10
15482,16,12,5004,United Kingdom,10879.76,6393.52,4486.24,0.4123,4,5,5,455,14,High-value,3,Loyal Customers,2
15483,161,4,291,United Kingdom,225.26,225.26,0.0,0.0,2,4,1,241,7,Mid-value,2,Hibernating,10
15484,1,4,3150,United Kingdom,3590.41,3559.21,31.199999999999818,0.0087,5,4,5,545,14,High-value,3,Champions,1
15485,30,3,1281,United Kingdom,2564.5,2564.5,0.0,0.0,4,3,5,435,12,High-value,3,Potential Champions,3
15488,93,1,73,United Kingdom,91.32000000000001,91.32000000000001,0.0,0.0,2,1,1,211,4,Low-value,1,Hibernating,10
15489,23,3,608,United Kingdom,1134.28,1090.03,44.25,0.039,4,3,4,434,11,High-value,3,Potential Champions,3
15491,95,6,1646,United Kingdom,3100.09,3090.85,9.240000000000236,0.003,2,4,5,245,11,High-value,3,Do Not Lose,9
15492,28,2,483,United Kingdom,659.46,659.46,0.0,0.0,4,2,3,423,9,Mid-value,2,Potential Champions,3
15493,33,5,551,United Kingdom,1953.41,1918.8600000000001,34.549999999999955,0.0177,4,4,4,444,12,High-value,3,Loyal Customers,2
15494,21,2,1139,United Kingdom,1280.58,1280.58,0.0,0.0,4,2,4,424,10,High-value,3,Potential Champions,3
15497,18,2,624,United Kingdom,1262.2,1259.7,2.5,0.002,4,2,4,424,10,High-value,3,Potential Champions,3
15498,3,27,6105,United Kingdom,13316.4,12396.46,919.9400000000005,0.0691,5,5,5,555,15,High-value,3,Champions,1
15500,8,4,572,United Kingdom,1131.56,1131.56,0.0,0.0,5,4,4,544,13,High-value,3,Champions,1
15502,16,12,4236,United Kingdom,10384.93,5541.46,4843.47,0.4664,4,5,5,455,14,High-value,3,Loyal Customers,2
15503,363,1,70,United Kingdom,141.04,141.04,0.0,0.0,1,1,1,111,3,Low-value,1,Hibernating,10
15504,81,1,33,United Kingdom,52.83,52.83,0.0,0.0,2,1,1,211,4,Low-value,1,Hibernating,10
15505,53,5,2390,United Kingdom,3610.96,3497.14,113.82000000000016,0.0315,3,4,5,345,12,High-value,3,Loyal Customers,2
15506,23,3,842,United Kingdom,972.08,972.08,0.0,0.0,4,3,4,434,11,High-value,3,Potential Champions,3
15507,172,1,160,United Kingdom,475.86,475.86,0.0,0.0,2,1,3,213,6,Mid-value,2,Hibernating,10
15508,189,6,440,United Kingdom,1000.27,1000.27,0.0,0.0,1,4,4,144,9,Mid-value,2,Do Not Lose,9
15510,331,1,2,United Kingdom,250.0,250.0,0.0,0.0,1,1,2,112,4,Low-value,1,Hibernating,10
15511,12,5,269,United Kingdom,900.53,900.53,0.0,0.0,5,4,3,543,12,High-value,3,Potential Champions,3
15512,156,2,68,United Kingdom,121.0,121.0,0.0,0.0,2,2,1,221,5,Mid-value,2,Hibernating,10
15513,33,19,5709,United Kingdom,14758.22,14520.08,238.13999999999942,0.0161,4,5,5,455,14,High-value,3,Loyal Customers,2
15514,12,11,2098,United Kingdom,4023.7200000000003,2907.45,1116.2700000000004,0.2774,5,5,5,555,15,High-value,3,Champions,1
15516,45,3,27,United Kingdom,62.43,62.43,0.0,0.0,3,3,1,331,7,Mid-value,2,Hibernating,10
15517,233,1,293,United Kingdom,267.03,267.03,0.0,0.0,1,1,2,112,4,Low-value,1,Hibernating,10
15518,64,8,1263,United Kingdom,1921.55,1890.99,30.559999999999945,0.0159,3,5,4,354,12,High-value,3,Loyal Customers,2
15520,2,1,314,United Kingdom,343.5,343.5,0.0,0.0,5,1,2,512,8,Mid-value,2,New Customers,4
15521,40,8,1836,United Kingdom,3000.2,2574.65,425.5499999999997,0.1418,3,5,5,355,13,High-value,3,Loyal Customers,2
15522,33,2,572,United Kingdom,397.99,397.99,0.0,0.0,4,2,2,422,8,Mid-value,2,Potential Champions,3
15523,84,1,132,United Kingdom,412.01000000000005,412.01000000000005,0.0,0.0,2,1,2,212,5,Mid-value,2,Hibernating,10
15524,25,1,4,United Kingdom,440.0,440.0,0.0,0.0,4,1,2,412,7,Mid-value,2,Promising,5
15525,2,3,387,United Kingdom,734.37,719.47,14.899999999999977,0.0203,5,3,3,533,11,High-value,3,Potential Champions,3
15526,33,2,24,United Kingdom,148.44,148.44,0.0,0.0,4,2,1,421,7,Mid-value,2,Promising,5
15527,19,8,991,United Kingdom,2428.53,2347.57,80.96000000000004,0.0333,4,5,5,455,14,High-value,3,Loyal Customers,2
15528,254,1,123,United Kingdom,229.33,229.33,0.0,0.0,1,1,1,111,3,Low-value,1,Hibernating,10
15529,23,11,3455,United Kingdom,3962.6,3935.15,27.449999999999818,0.0069,4,5,5,455,14,High-value,3,Loyal Customers,2
15530,22,4,938,United Kingdom,1497.31,1497.31,0.0,0.0,4,4,4,444,12,High-value,3,Loyal Customers,2
15531,8,2,1085,United Kingdom,1972.39,1972.39,0.0,0.0,5,2,4,524,11,High-value,3,Potential Champions,3
15532,25,4,515,United Kingdom,1564.73,1500.88,63.84999999999991,0.0408,4,4,4,444,12,High-value,3,Loyal Customers,2
15533,19,3,289,United Kingdom,807.57,746.92,60.65000000000009,0.0751,4,3,3,433,10,High-value,3,Potential Champions,3
15535,173,4,135,United Kingdom,502.9,426.4,76.5,0.1521,2,4,2,242,8,Mid-value,2,Hibernating,10
15537,163,1,29,United Kingdom,110.92,110.92,0.0,0.0,2,1,1,211,4,Low-value,1,Hibernating,10
15539,7,1,410,United Kingdom,538.46,538.46,0.0,0.0,5,1,3,513,9,Mid-value,2,Hibernating,10
15540,11,1,200,United Kingdom,213.3,213.3,0.0,0.0,5,1,1,511,7,Mid-value,2,New Customers,4
15541,114,1,49,United Kingdom,85.13000000000001,85.13000000000001,0.0,0.0,2,1,1,211,4,Low-value,1,Hibernating,10
15543,288,1,86,United Kingdom,127.86,127.86,0.0,0.0,1,1,1,111,3,Low-value,1,Hibernating,10
15544,9,9,3109,United Kingdom,3546.71,3542.51,4.199999999999818,0.0012,5,5,5,555,15,High-value,3,Champions,1
15545,54,2,162,United Kingdom,288.96999999999997,288.96999999999997,0.0,0.0,3,2,2,322,7,Mid-value,2,About to Sleep,7
15547,7,14,3999,United Kingdom,4910.6,4910.6,0.0,0.0,5,5,5,555,15,High-value,3,Champions,1
15549,77,3,694,United Kingdom,1681.46,1643.96,37.5,0.0223,2,3,4,234,9,Mid-value,2,At Risk,8
15550,4,4,295,United Kingdom,575.63,575.63,0.0,0.0,5,4,3,543,12,High-value,3,Potential Champions,3
15551,37,1,218,United Kingdom,436.06,436.06,0.0,0.0,3,1,2,312,6,Mid-value,2,About to Sleep,7
15552,217,1,60,United Kingdom,90.12,90.12,0.0,0.0,1,1,1,111,3,Low-value,1,Hibernating,10
15553,60,1,449,United Kingdom,428.93,428.93,0.0,0.0,3,1,2,312,6,Mid-value,2,About to Sleep,7
15554,278,1,74,United Kingdom,217.2,217.2,0.0,0.0,1,1,1,111,3,Low-value,1,Hibernating,10
15555,12,16,4427,United Kingdom,4794.86,4747.89,46.969999999999345,0.0098,5,5,5,555,15,High-value,3,Champions,1
15556,24,1,236,United Kingdom,279.77,279.77,0.0,0.0,4,1,2,412,7,Mid-value,2,Promising,5
15557,29,1,213,United Kingdom,468.91,468.91,0.0,0.0,4,1,2,412,7,Mid-value,2,Promising,5
15561,12,4,267,United Kingdom,800.5899999999999,722.74,77.84999999999991,0.0972,5,4,3,543,12,High-value,3,Potential Champions,3
15562,352,1,39,United Kingdom,134.55,134.55,0.0,0.0,1,1,1,111,3,Low-value,1,Hibernating,10
15563,22,4,1501,United Kingdom,1400.44,1319.69,80.75,0.0577,4,4,4,444,12,High-value,3,Loyal Customers,2
15565,50,2,60,United Kingdom,173.16000000000003,173.16000000000003,0.0,0.0,3,2,1,321,6,Mid-value,2,About to Sleep,7
15567,19,1,223,United Kingdom,186.01,186.01,0.0,0.0,4,1,1,411,6,Mid-value,2,Promising,5
15568,3,3,461,United Kingdom,758.29,758.29,0.0,0.0,5,3,3,533,11,High-value,3,Potential Champions,3
15569,104,5,666,United Kingdom,1375.71,1375.71,0.0,0.0,2,4,4,244,10,High-value,3,Do Not Lose,9
15570,7,12,2063,United Kingdom,4148.82,4093.27,55.54999999999973,0.0134,5,5,5,555,15,High-value,3,Champions,1
15571,12,4,264,United Kingdom,650.4300000000001,650.4300000000001,0.0,0.0,5,4,3,543,12,High-value,3,Potential Champions,3
15572,5,7,1213,United Kingdom,2533.42,2533.42,0.0,0.0,5,5,5,555,15,High-value,3,Champions,1
15573,32,2,355,United Kingdom,591.1899999999999,591.1899999999999,0.0,0.0,4,2,3,423,9,Mid-value,2,Potential Champions,3
15574,178,4,332,United Kingdom,675.64,675.64,0.0,0.0,2,4,3,243,9,Mid-value,2,At Risk,8
15576,38,1,394,United Kingdom,921.37,921.37,0.0,0.0,3,1,4,314,8,Mid-value,2,Hibernating,10
15577,151,3,89,United Kingdom,258.88,258.88,0.0,0.0,2,3,2,232,7,Mid-value,2,Hibernating,10
15578,162,1,52,United Kingdom,127.1,127.1,0.0,0.0,2,1,1,211,4,Low-value,1,Hibernating,10
15579,69,2,117,United Kingdom,327.6,327.6,0.0,0.0,3,2,2,322,7,Mid-value,2,About to Sleep,7
15581,121,13,284,United Kingdom,3675.77,3425.77,250.0,0.068,2,5,5,255,12,High-value,3,Do Not Lose,9
15582,25,3,453,United Kingdom,682.9100000000001,682.9100000000001,0.0,0.0,4,3,3,433,10,High-value,3,Potential Champions,3
15584,24,4,313,United Kingdom,720.86,718.36,2.5,0.0035,4,4,3,443,11,High-value,3,Potential Champions,3
15585,177,1,320,United Kingdom,455.3,455.3,0.0,0.0,2,1,2,212,5,Mid-value,2,Hibernating,10
15587,50,4,312,United Kingdom,913.68,913.68,0.0,0.0,3,4,4,344,11,High-value,3,Loyal Customers,2
15589,256,3,243,United Kingdom,478.53,456.58,21.94999999999999,0.0459,1,3,2,132,6,Mid-value,2,Hibernating,10
15592,47,1,354,United Kingdom,388.58,388.58,0.0,0.0,3,1,2,312,6,Mid-value,2,About to Sleep,7
15593,71,1,60,United Kingdom,199.8,199.8,0.0,0.0,3,1,1,311,5,Mid-value,2,About to Sleep,7
15594,16,5,983,United Kingdom,1771.78,1767.53,4.25,0.0024,4,4,4,444,12,High-value,3,Loyal Customers,2
15596,101,5,561,United Kingdom,1406.59,1343.34,63.25,0.045,2,4,4,244,10,High-value,3,Do Not Lose,9
15597,35,1,279,United Kingdom,324.57,315.72,8.849999999999966,0.0273,3,1,2,312,6,Mid-value,2,About to Sleep,7
15598,53,1,160,United Kingdom,240.68,235.68,5.0,0.0208,3,1,1,311,5,Mid-value,2,About to Sleep,7
15599,27,2,718,United Kingdom,761.74,761.74,0.0,0.0,4,2,3,423,9,Mid-value,2,Potential Champions,3
15601,11,14,4983,United Kingdom,6776.56,6745.360000000001,31.199999999999818,0.0046,5,5,5,555,15,High-value,3,Champions,1
15602,8,9,1141,United Kingdom,1297.8700000000001,1083.63,214.24,0.1651,5,5,4,554,14,High-value,3,Champions,1
15603,79,1,96,United Kingdom,48.480000000000004,48.480000000000004,0.0,0.0,2,1,1,211,4,Low-value,1,Hibernating,10
15604,52,1,159,United Kingdom,216.39000000000001,216.39000000000001,0.0,0.0,3,1,1,311,5,Mid-value,2,About to Sleep,7
15605,36,5,441,United Kingdom,1198.23,1198.23,0.0,0.0,3,4,4,344,11,High-value,3,Loyal Customers,2
15606,61,9,892,United Kingdom,2920.16,2422.64,497.52,0.1704,3,5,5,355,13,High-value,3,Loyal Customers,2
15607,337,1,202,United Kingdom,104.76,104.76,0.0,0.0,1,1,1,111,3,Low-value,1,Hibernating,10
15608,28,4,714,United Kingdom,1093.68,1093.68,0.0,0.0,4,4,4,444,12,High-value,3,Loyal Customers,2
15609,184,1,148,United Kingdom,298.48,270.03000000000003,28.44999999999999,0.0953,1,1,2,112,4,Low-value,1,Hibernating,10
15610,52,1,66,United Kingdom,112.46000000000001,112.46000000000001,0.0,0.0,3,1,1,311,5,Mid-value,2,About to Sleep,7
15611,10,13,504,United Kingdom,1591.45,1568.39,23.059999999999945,0.0145,5,5,4,554,14,High-value,3,Champions,1
15612,36,2,52,United Kingdom,195.15,195.15,0.0,0.0,3,2,1,321,6,Mid-value,2,About to Sleep,7
15615,10,23,5508,United Kingdom,10399.74,10360.04,39.69999999999891,0.0038,5,5,5,555,15,High-value,3,Champions,1
15618,33,4,454,United Kingdom,776.851,747.031,29.82000000000005,0.0384,4,4,3,443,11,High-value,3,Potential Champions,3
15619,11,1,136,United Kingdom,336.4,336.4,0.0,0.0,5,1,2,512,8,Mid-value,2,New Customers,4
15620,57,3,915,United Kingdom,1553.18,1524.4,28.779999999999973,0.0185,3,3,4,334,10,High-value,3,Need Attention,6
15621,4,4,501,United Kingdom,1293.03,1158.77,134.26,0.1038,5,4,4,544,13,High-value,3,Champions,1
15622,43,9,1674,United Kingdom,3709.56,3224.53,485.02999999999975,0.1308,3,5,5,355,13,High-value,3,Loyal Customers,2
15623,141,1,125,United Kingdom,301.03000000000003,301.03000000000003,0.0,0.0,2,1,2,212,5,Mid-value,2,Hibernating,10
15624,117,4,357,United Kingdom,588.13,588.13,0.0,0.0,2,4,3,243,9,Mid-value,2,At Risk,8
15625,104,4,1188,United Kingdom,1534.26,1504.56,29.700000000000045,0.0194,2,4,4,244,10,High-value,3,Do Not Lose,9
15626,75,2,766,United Kingdom,675.8,675.8,0.0,0.0,2,2,3,223,7,Mid-value,2,Hibernating,10
15628,5,9,1894,United Kingdom,2870.2400000000002,2865.64,4.600000000000364,0.0016,5,5,5,555,15,High-value,3,Champions,1
15630,45,2,800,United Kingdom,1186.35,1180.4,5.949999999999818,0.005,3,2,4,324,9,Mid-value,2,Hibernating,10
15632,16,8,2109,United Kingdom,3285.31,3147.31,138.0,0.042,4,5,5,455,14,High-value,3,Loyal Customers,2
15634,17,1,99,United Kingdom,243.55,243.55,0.0,0.0,4,1,2,412,7,Mid-value,2,Promising,5
15636,90,2,284,United Kingdom,724.76,724.76,0.0,0.0,2,2,3,223,7,Mid-value,2,Hibernating,10
15637,53,1,128,United Kingdom,223.36,223.36,0.0,0.0,3,1,1,311,5,Mid-value,2,About to Sleep,7
15639,134,1,323,United Kingdom,425.32,425.32,0.0,0.0,2,1,2,212,5,Mid-value,2,Hibernating,10
15640,4,15,6572,United Kingdom,12416.11,12336.74,79.3700000000008,0.0064,5,5,5,555,15,High-value,3,Champions,1
15641,105,4,1562,United Kingdom,1887.2,1887.2,0.0,0.0,2,4,4,244,10,High-value,3,Do Not Lose,9
15643,192,3,246,United Kingdom,664.0,647.4,16.600000000000023,0.025,1,3,3,133,7,Mid-value,2,At Risk,8
15644,166,4,550,United Kingdom,803.54,803.54,0.0,0.0,2,4,3,243,9,Mid-value,2,At Risk,8
15645,19,1,256,United Kingdom,612.01,612.01,0.0,0.0,4,1,3,413,8,Mid-value,2,Hibernating,10
15646,158,3,394,United Kingdom,447.64000000000004,425.14000000000004,22.5,0.0503,2,3,2,232,7,Mid-value,2,Hibernating,10
15648,204,2,218,United Kingdom,639.5,582.0500000000001,57.44999999999993,0.0898,1,2,3,123,6,Mid-value,2,Hibernating,10
15649,336,2,192,United Kingdom,816.0,816.0,0.0,0.0,1,2,3,123,6,Mid-value,2,Hibernating,10
15651,37,3,479,United Kingdom,646.3,646.3,0.0,0.0,3,3,3,333,9,Mid-value,2,Need Attention,6
15652,91,1,208,United Kingdom,337.74,337.74,0.0,0.0,2,1,2,212,5,Mid-value,2,Hibernating,10
15653,93,2,1200,United Kingdom,877.44,877.44,0.0,0.0,2,2,3,223,7,Mid-value,2,Hibernating,10
15654,9,2,475,United Kingdom,922.53,922.53,0.0,0.0,5,2,4,524,11,High-value,3,Potential Champions,3
15655,243,1,324,United Kingdom,560.6700000000001,511.32,49.35000000000008,0.088,1,1,3,113,5,Mid-value,2,Hibernating,10
15656,45,4,343,United Kingdom,748.5,748.5,0.0,0.0,3,4,3,343,10,High-value,3,Need Attention,6
15657,23,1,24,United Kingdom,30.0,30.0,0.0,0.0,4,1,1,411,6,Mid-value,2,Promising,5
15658,190,5,242,United Kingdom,1024.1000000000001,958.9000000000001,65.20000000000005,0.0637,1,4,4,144,9,Mid-value,2,Do Not Lose,9
15659,44,1,111,United Kingdom,306.45,306.45,0.0,0.0,3,1,2,312,6,Mid-value,2,About to Sleep,7
15660,25,9,1050,United Kingdom,1600.86,1552.01,48.84999999999991,0.0305,4,5,4,454,13,High-value,3,Loyal Customers,2
15661,317,2,236,United Kingdom,309.8,309.8,0.0,0.0,1,2,2,122,5,Mid-value,2,Hibernating,10
15663,106,1,106,United Kingdom,138.14,138.14,0.0,0.0,2,1,1,211,4,Low-value,1,Hibernating,10
15664,51,1,157,United Kingdom,386.43,358.63,27.80000000000001,0.0719,3,1,2,312,6,Mid-value,2,About to Sleep,7
15665,168,2,1654,United Kingdom,2222.21,2222.21,0.0,0.0,2,2,5,225,9,Mid-value,2,Hibernating,10
15667,40,1,240,United Kingdom,301.32000000000005,301.32000000000005,0.0,0.0,3,1,2,312,6,Mid-value,2,About to Sleep,7
15668,218,1,72,United Kingdom,76.32000000000001,76.32000000000001,0.0,0.0,1,1,1,111,3,Low-value,1,Hibernating,10
15669,40,4,342,United Kingdom,684.34,677.69,6.649999999999977,0.0097,3,4,3,343,10,High-value,3,Need Attention,6
15670,297,1,91,United Kingdom,173.05,173.05,0.0,0.0,1,1,1,111,3,Low-value,1,Hibernating,10
15671,19,7,1699,United Kingdom,2657.13,2635.4900000000002,21.639999999999873,0.0081,4,5,5,455,14,High-value,3,Loyal Customers,2
15673,88,4,1451,United Kingdom,2726.23,2726.23,0.0,0.0,2,4,5,245,11,High-value,3,Do Not Lose,9
15674,73,5,1275,United Kingdom,2446.6,1744.02,702.5799999999999,0.2872,2,4,4,244,10,High-value,3,Do Not Lose,9
15675,81,3,527,United Kingdom,323.69,323.69,0.0,0.0,2,3,2,232,7,Mid-value,2,Hibernating,10
15676,19,3,2252,United Kingdom,3435.76,3324.09,111.67000000000007,0.0325,4,3,5,435,12,High-value,3,Potential Champions,3
15677,49,1,319,United Kingdom,657.23,657.23,0.0,0.0,3,1,3,313,7,Mid-value,2,Hibernating,10
15678,53,1,184,United Kingdom,352.7,352.7,0.0,0.0,3,1,2,312,6,Mid-value,2,About to Sleep,7
15679,24,4,1170,United Kingdom,781.28,781.28,0.0,0.0,4,4,3,443,11,High-value,3,Potential Champions,3
15680,9,3,952,United Kingdom,1333.68,1333.68,0.0,0.0,5,3,4,534,12,High-value,3,Potential Champions,3
15681,25,5,816,United Kingdom,1426.16,946.36,479.80000000000007,0.3364,4,4,4,444,12,High-value,3,Loyal Customers,2
15683,117,1,131,United Kingdom,193.75,193.75,0.0,0.0,2,1,1,211,4,Low-value,1,Hibernating,10
15687,9,9,1310,United Kingdom,2993.1,2981.5,11.599999999999909,0.0039,5,5,5,555,15,High-value,3,Champions,1
15689,120,2,84,United Kingdom,254.1,254.1,0.0,0.0,2,2,2,222,6,Mid-value,2,Hibernating,10
15690,4,2,408,United Kingdom,239.76,239.76,0.0,0.0,5,2,1,521,8,Mid-value,2,New Customers,4
15691,252,1,72,United Kingdom,136.8,136.8,0.0,0.0,1,1,1,111,3,Low-value,1,Hibernating,10
15692,28,1,138,United Kingdom,191.04,191.04,0.0,0.0,4,1,1,411,6,Mid-value,2,Promising,5
15694,1,14,1677,United Kingdom,6479.4,6423.6,55.79999999999927,0.0086,5,5,5,555,15,High-value,3,Champions,1
15695,267,2,212,United Kingdom,409.98,409.98,0.0,0.0,1,2,2,122,5,Mid-value,2,Hibernating,10
15696,33,8,1015,United Kingdom,2711.11,2619.11,92.0,0.0339,4,5,5,455,14,High-value,3,Loyal Customers,2
15699,18,1,113,United Kingdom,309.65,309.65,0.0,0.0,4,1,2,412,7,Mid-value,2,Promising,5
15700,172,2,357,United Kingdom,696.68,664.03,32.64999999999998,0.0469,2,2,3,223,7,Mid-value,2,Hibernating,10
15701,2,4,912,United Kingdom,1529.0,1529.0,0.0,0.0,5,4,4,544,13,High-value,3,Champions,1
15703,265,1,66,United Kingdom,211.5,211.5,0.0,0.0,1,1,1,111,3,Low-value,1,Hibernating,10
15704,140,4,1028,United Kingdom,2293.62,2293.62,0.0,0.0,2,4,5,245,11,High-value,3,Do Not Lose,9
15705,201,1,62,United Kingdom,143.1,143.1,0.0,0.0,1,1,1,111,3,Low-value,1,Hibernating,10
15706,64,4,321,United Kingdom,1060.56,1001.8100000000001,58.749999999999886,0.0554,3,4,4,344,11,High-value,3,Loyal Customers,2
15707,35,4,594,United Kingdom,916.98,916.98,0.0,0.0,3,4,4,344,11,High-value,3,Loyal Customers,2
15708,41,7,1217,United Kingdom,3235.25,3200.73,34.51999999999998,0.0107,3,5,5,355,13,High-value,3,Loyal Customers,2
15709,284,1,121,United Kingdom,133.25,133.25,0.0,0.0,1,1,1,111,3,Low-value,1,Hibernating,10
15712,9,5,486,United Kingdom,1072.3600000000001,1072.3600000000001,0.0,0.0,5,4,4,544,13,High-value,3,Champions,1
15713,143,2,150,United Kingdom,356.7,346.75,9.949999999999989,0.0279,2,2,2,222,6,Mid-value,2,Hibernating,10
15714,12,2,186,United Kingdom,330.03000000000003,330.03000000000003,0.0,0.0,5,2,2,522,9,Mid-value,2,Potential Champions,3
15716,146,4,738,United Kingdom,1101.11,1101.11,0.0,0.0,2,4,4,244,10,High-value,3,Do Not Lose,9
15717,234,1,70,United Kingdom,150.3,150.3,0.0,0.0,1,1,1,111,3,Low-value,1,Hibernating,10
15719,33,13,2718,United Kingdom,5030.07,5028.42,1.6499999999996362,0.0003,4,5,5,455,14,High-value,3,Loyal Customers,2
15720,24,1,281,United Kingdom,598.73,598.73,0.0,0.0,4,1,3,413,8,Mid-value,2,Hibernating,10
15721,12,1,388,United Kingdom,471.40000000000003,471.40000000000003,0.0,0.0,5,1,2,512,8,Mid-value,2,New Customers,4
15722,36,5,1023,United Kingdom,2211.21,2169.86,41.34999999999991,0.0187,3,4,5,345,12,High-value,3,Loyal Customers,2
15723,365,1,73,United Kingdom,190.70000000000002,190.70000000000002,0.0,0.0,1,1,1,111,3,Low-value,1,Hibernating,10
15724,201,2,73,United Kingdom,218.25,212.3,5.949999999999989,0.0273,1,2,1,121,4,Low-value,1,Hibernating,10
15725,15,1,221,United Kingdom,415.25,415.25,0.0,0.0,4,1,2,412,7,Mid-value,2,Promising,5
15727,17,7,3063,United Kingdom,5159.06,5159.06,0.0,0.0,4,5,5,455,14,High-value,3,Loyal Customers,2
15729,213,1,28,United Kingdom,85.0,62.0,23.0,0.2706,1,1,1,111,3,Low-value,1,Hibernating,10
15730,66,3,689,United Kingdom,1120.88,1108.38,12.5,0.0112,3,3,4,334,10,High-value,3,Need Attention,6
15732,212,2,215,United Kingdom,294.12,294.12,0.0,0.0,1,2,2,122,5,Mid-value,2,Hibernating,10
15733,283,1,62,United Kingdom,162.3,162.3,0.0,0.0,1,1,1,111,3,Low-value,1,Hibernating,10
15734,115,2,346,United Kingdom,1339.45,1339.45,0.0,0.0,2,2,4,224,8,Mid-value,2,Hibernating,10
15737,15,8,597,United Kingdom,1188.1200000000001,1121.21,66.91000000000008,0.0563,4,5,4,454,13,High-value,3,Loyal Customers,2
15738,19,16,2982,United Kingdom,4812.42,4788.77,23.649999999999636,0.0049,4,5,5,455,14,High-value,3,Loyal Customers,2
15739,66,1,472,United Kingdom,449.12,449.12,0.0,0.0,3,1,2,312,6,Mid-value,2,About to Sleep,7
15740,49,1,152,United Kingdom,154.88,154.88,0.0,0.0,3,1,1,311,5,Mid-value,2,About to Sleep,7
15743,16,4,214,United Kingdom,775.96,775.96,0.0,0.0,4,4,3,443,11,High-value,3,Potential Champions,3
15744,78,1,120,United Kingdom,34.8,34.8,0.0,0.0,2,1,1,211,4,Low-value,1,Hibernating,10
15745,19,4,421,United Kingdom,1094.5900000000001,1071.24,23.350000000000136,0.0213,4,4,4,444,12,High-value,3,Loyal Customers,2
15746,134,1,178,United Kingdom,196.88,182.96,13.919999999999987,0.0707,2,1,1,211,4,Low-value,1,Hibernating,10
15747,13,3,466,United Kingdom,946.64,946.64,0.0,0.0,5,3,4,534,12,High-value,3,Potential Champions,3
15748,40,1,50,United Kingdom,144.36,144.36,0.0,0.0,3,1,1,311,5,Mid-value,2,About to Sleep,7
15749,235,3,18028,United Kingdom,44534.3,21535.9,22998.4,0.5164,1,3,5,135,9,Mid-value,2,At Risk,8
15750,3,8,1783,United Kingdom,2463.05,2448.8,14.25,0.0058,5,5,5,555,15,High-value,3,Champions,1
15752,40,7,1960,United Kingdom,2626.6,2618.15,8.449999999999818,0.0032,3,5,5,355,13,High-value,3,Loyal Customers,2
15753,305,1,144,United Kingdom,79.2,79.2,0.0,0.0,1,1,1,111,3,Low-value,1,Hibernating,10
15754,51,3,199,United Kingdom,458.57,455.67,2.8999999999999773,0.0063,3,3,2,332,8,Mid-value,2,Hibernating,10
15755,10,6,1427,United Kingdom,2364.25,2318.88,45.36999999999989,0.0192,5,4,5,545,14,High-value,3,Champions,1
15756,61,4,241,United Kingdom,528.01,528.01,0.0,0.0,3,4,3,343,10,High-value,3,Need Attention,6
15757,66,2,491,United Kingdom,714.42,714.42,0.0,0.0,3,2,3,323,8,Mid-value,2,Hibernating,10
15758,25,1,47,United Kingdom,205.25,205.25,0.0,0.0,4,1,1,411,6,Mid-value,2,Promising,5
15759,218,3,60,United Kingdom,253.04000000000002,253.04000000000002,0.0,0.0,1,3,2,132,6,Mid-value,2,Hibernating,10
15762,65,2,251,United Kingdom,583.75,583.75,0.0,0.0,3,2,3,323,8,Mid-value,2,Hibernating,10
15763,32,2,271,United Kingdom,1086.92,1048.67,38.25,0.0352,4,2,4,424,10,High-value,3,Potential Champions,3
15764,88,6,2050,United Kingdom,3279.9700000000003,3245.47,34.500000000000455,0.0105,2,4,5,245,11,High-value,3,Do Not Lose,9
15766,64,1,170,United Kingdom,315.06,315.06,0.0,0.0,3,1,2,312,6,Mid-value,2,About to Sleep,7
15768,116,3,244,United Kingdom,621.83,581.83,40.0,0.0643,2,3,3,233,8,Mid-value,2,At Risk,8
15769,7,26,29672,United Kingdom,56252.72,51823.72,4429.0,0.0787,5,5,5,555,15,High-value,3,Champions,1
15773,6,1,311,United Kingdom,635.6800000000001,635.6800000000001,0.0,0.0,5,1,3,513,9,Mid-value,2,Hibernating,10
15774,69,1,87,United Kingdom,270.8,270.8,0.0,0.0,3,1,2,312,6,Mid-value,2,About to Sleep,7
15775,245,1,68,United Kingdom,104.9,104.9,0.0,0.0,1,1,1,111,3,Low-value,1,Hibernating,10
15776,133,1,138,United Kingdom,241.62,241.62,0.0,0.0,2,1,2,212,5,Mid-value,2,Hibernating,10
15777,241,4,378,United Kingdom,1047.1100000000001,1021.61,25.500000000000114,0.0244,1,4,4,144,9,Mid-value,2,Do Not Lose,9
15780,184,3,220,United Kingdom,475.28000000000003,475.28000000000003,0.0,0.0,1,3,3,133,7,Mid-value,2,At Risk,8
15781,25,3,180,United Kingdom,345.46000000000004,333.56,11.900000000000034,0.0344,4,3,2,432,9,Mid-value,2,Potential Champions,3
15782,10,3,864,United Kingdom,2614.74,2593.94,20.799999999999727,0.008,5,3,5,535,13,High-value,3,Potential Champions,3
15783,11,1,212,United Kingdom,246.3,246.3,0.0,0.0,5,1,2,512,8,Mid-value,2,New Customers,4
15785,33,5,1612,United Kingdom,2328.9700000000003,2303.75,25.220000000000255,0.0108,4,4,5,445,13,High-value,3,Loyal Customers,2
15786,46,3,3340,United Kingdom,4919.0,4821.0,98.0,0.0199,3,3,5,335,11,High-value,3,Need Attention,6
15787,26,3,534,United Kingdom,933.26,933.26,0.0,0.0,4,3,4,434,11,High-value,3,Potential Champions,3
15789,358,1,438,United Kingdom,351.3,351.3,0.0,0.0,1,1,2,112,4,Low-value,1,Hibernating,10
15790,10,1,113,United Kingdom,218.75,218.75,0.0,0.0,5,1,1,511,7,Mid-value,2,New Customers,4
15791,44,2,731,United Kingdom,1612.69,1604.44,8.25,0.0051,3,2,4,324,9,Mid-value,2,Hibernating,10
15793,15,3,553,United Kingdom,965.61,948.96,16.649999999999977,0.0172,4,3,4,434,11,High-value,3,Potential Champions,3
15795,150,1,581,United Kingdom,610.01,610.01,0.0,0.0,2,1,3,213,6,Mid-value,2,Hibernating,10
15796,1,8,860,United Kingdom,2708.61,2663.6600000000003,44.94999999999982,0.0166,5,5,5,555,15,High-value,3,Champions,1
15797,113,4,873,United Kingdom,2207.4,2207.4,0.0,0.0,2,4,5,245,11,High-value,3,Do Not Lose,9
15799,76,3,955,United Kingdom,884.14,884.14,0.0,0.0,2,3,3,233,8,Mid-value,2,At Risk,8
15800,107,2,332,United Kingdom,696.89,696.89,0.0,0.0,2,2,3,223,7,Mid-value,2,Hibernating,10
15801,46,3,570,United Kingdom,1063.95,1042.19,21.75999999999999,0.0205,3,3,4,334,10,High-value,3,Need Attention,6
15802,143,1,1,United Kingdom,451.42,0.0,902.84,2.0,2,1,1,211,4,Low-value,1,Hibernating,10
15803,51,1,290,United Kingdom,415.82000000000005,415.82000000000005,0.0,0.0,3,1,2,312,6,Mid-value,2,About to Sleep,7
15804,1,13,2567,United Kingdom,4206.39,3848.55,357.84000000000015,0.0851,5,5,5,555,15,High-value,3,Champions,1
15805,23,17,3367,United Kingdom,5488.18,5411.87,76.3100000000004,0.0139,4,5,5,455,14,High-value,3,Loyal Customers,2
15806,46,3,602,United Kingdom,784.58,784.58,0.0,0.0,3,3,3,333,9,Mid-value,2,Need Attention,6
15807,50,3,430,United Kingdom,903.9,903.9,0.0,0.0,3,3,3,333,9,Mid-value,2,Need Attention,6
15808,306,4,1305,United Kingdom,3651.27,3641.07,10.199999999999818,0.0028,1,4,5,145,10,High-value,3,Do Not Lose,9
15809,36,5,301,United Kingdom,515.77,399.21,116.56,0.226,3,4,2,342,9,Mid-value,2,Hibernating,10
15810,79,4,861,United Kingdom,1391.98,1145.43,246.54999999999995,0.1771,2,4,4,244,10,High-value,3,Do Not Lose,9
15811,22,6,1071,United Kingdom,2218.62,2171.32,47.29999999999973,0.0213,4,4,5,445,13,High-value,3,Loyal Customers,2
15812,107,5,922,United Kingdom,1801.14,1801.14,0.0,0.0,2,4,4,244,10,High-value,3,Do Not Lose,9
15813,208,2,603,United Kingdom,1303.9099999999999,1303.9099999999999,0.0,0.0,1,2,4,124,7,Mid-value,2,Hibernating,10
15814,17,4,1271,United Kingdom,1945.3300000000002,1842.73,102.60000000000014,0.0527,4,4,4,444,12,High-value,3,Loyal Customers,2
15815,64,5,1856,United Kingdom,2100.6,2100.6,0.0,0.0,3,4,5,345,12,High-value,3,Loyal Customers,2
15819,49,4,1357,United Kingdom,1905.45,1905.45,0.0,0.0,3,4,4,344,11,High-value,3,Loyal Customers,2
15820,320,1,128,United Kingdom,206.98,206.98,0.0,0.0,1,1,1,111,3,Low-value,1,Hibernating,10
15821,44,2,202,United Kingdom,570.96,570.96,0.0,0.0,3,2,3,323,8,Mid-value,2,Hibernating,10
15822,3,2,375,United Kingdom,885.47,885.47,0.0,0.0,5,2,3,523,10,High-value,3,Potential Champions,3
15823,372,1,1,United Kingdom,15.0,0.0,855.76,57.0507,1,1,1,111,3,Low-value,1,Hibernating,10
15825,172,1,220,United Kingdom,532.94,532.94,0.0,0.0,2,1,3,213,6,Mid-value,2,Hibernating,10
15826,56,3,963,United Kingdom,1654.31,1649.3600000000001,4.949999999999818,0.003,3,3,4,334,10,High-value,3,Need Attention,6
15827,73,14,882,United Kingdom,1836.09,1641.48,194.6099999999999,0.106,2,5,4,254,11,High-value,3,Do Not Lose,9
15829,99,2,996,United Kingdom,636.14,636.14,0.0,0.0,2,2,3,223,7,Mid-value,2,Hibernating,10
15830,38,1,415,United Kingdom,576.0,547.7,28.299999999999955,0.0491,3,1,3,313,7,Mid-value,2,Hibernating,10
15831,58,3,1092,United Kingdom,794.64,740.64,54.0,0.068,3,3,3,333,9,Mid-value,2,Need Attention,6
15832,254,1,465,United Kingdom,836.79,836.79,0.0,0.0,1,1,3,113,5,Mid-value,2,Hibernating,10
15834,70,4,961,United Kingdom,2225.15,2076.3,148.8499999999999,0.0669,3,4,5,345,12,High-value,3,Loyal Customers,2
15835,44,4,439,United Kingdom,954.09,954.09,0.0,0.0,3,4,4,344,11,High-value,3,Loyal Customers,2
15836,50,1,26,United Kingdom,137.37,117.47,19.900000000000006,0.1449,3,1,1,311,5,Mid-value,2,About to Sleep,7
15837,65,1,189,United Kingdom,391.98,391.98,0.0,0.0,3,1,2,312,6,Mid-value,2,About to Sleep,7
15838,11,19,18368,United Kingdom,33643.08,33350.76,292.3199999999997,0.0087,5,5,5,555,15,High-value,3,Champions,1
15839,33,3,675,United Kingdom,1048.49,1020.74,27.75,0.0265,4,3,4,434,11,High-value,3,Potential Champions,3
15840,59,2,396,United Kingdom,355.56,345.65999999999997,9.900000000000034,0.0278,3,2,2,322,7,Mid-value,2,About to Sleep,7
15841,73,4,942,United Kingdom,1224.06,1209.1,14.960000000000036,0.0122,2,4,4,244,10,High-value,3,Do Not Lose,9
15843,304,1,27,United Kingdom,118.95,118.95,0.0,0.0,1,1,1,111,3,Low-value,1,Hibernating,10
15844,46,1,134,United Kingdom,130.73999999999998,130.73999999999998,0.0,0.0,3,1,1,311,5,Mid-value,2,About to Sleep,7
15845,18,8,1926,United Kingdom,3711.77,3650.87,60.90000000000009,0.0164,4,5,5,455,14,High-value,3,Loyal Customers,2
15847,38,2,449,United Kingdom,389.27,389.27,0.0,0.0,3,2,2,322,7,Mid-value,2,About to Sleep,7
15850,19,2,298,United Kingdom,234.88,234.88,0.0,0.0,4,2,1,421,7,Mid-value,2,Promising,5
15852,187,2,48,United Kingdom,160.71,160.71,0.0,0.0,1,2,1,121,4,Low-value,1,Hibernating,10
15853,52,1,135,United Kingdom,110.8,110.8,0.0,0.0,3,1,1,311,5,Mid-value,2,About to Sleep,7
15854,4,12,926,United Kingdom,2969.12,2969.12,0.0,0.0,5,5,5,555,15,High-value,3,Champions,1
15855,137,5,470,United Kingdom,712.24,712.24,0.0,0.0,2,4,3,243,9,Mid-value,2,At Risk,8
15856,4,27,10866,United Kingdom,16143.64,15929.74,213.89999999999964,0.0132,5,5,5,555,15,High-value,3,Champions,1
15857,19,1,308,United Kingdom,297.0,297.0,0.0,0.0,4,1,2,412,7,Mid-value,2,Promising,5
15858,16,5,1163,United Kingdom,1427.57,1427.57,0.0,0.0,4,4,4,444,12,High-value,3,Loyal Customers,2
15860,41,8,437,United Kingdom,965.16,965.16,0.0,0.0,3,5,4,354,12,High-value,3,Loyal Customers,2
15861,12,8,2528,United Kingdom,3146.92,2981.92,165.0,0.0524,5,5,5,555,15,High-value,3,Champions,1
15862,8,4,585,United Kingdom,832.88,832.88,0.0,0.0,5,4,3,543,12,High-value,3,Potential Champions,3
15863,26,2,19,United Kingdom,68.84,68.84,0.0,0.0,4,2,1,421,7,Mid-value,2,Promising,5
15864,22,6,1192,United Kingdom,1936.32,1769.78,166.53999999999996,0.086,4,4,4,444,12,High-value,3,Loyal Customers,2
15865,41,3,368,United Kingdom,895.13,895.13,0.0,0.0,3,3,3,333,9,Mid-value,2,Need Attention,6
15866,101,1,124,United Kingdom,211.89,211.89,0.0,0.0,2,1,1,211,4,Low-value,1,Hibernating,10
15867,5,15,2052,United Kingdom,3810.14,3795.29,14.849999999999909,0.0039,5,5,5,555,15,High-value,3,Champions,1
15869,277,2,175,United Kingdom,149.64,149.64,0.0,0.0,1,2,1,121,4,Low-value,1,Hibernating,10
15870,33,1,333,United Kingdom,351.44,351.44,0.0,0.0,4,1,2,412,7,Mid-value,2,Promising,5
15872,15,2,187,United Kingdom,316.25,316.25,0.0,0.0,4,2,2,422,8,Mid-value,2,Potential Champions,3
15874,64,7,2534,United Kingdom,4405.88,4330.67,75.21000000000004,0.0171,3,5,5,355,13,High-value,3,Loyal Customers,2
15877,2,2,368,United Kingdom,490.33,437.83,52.5,0.1071,5,2,2,522,9,Mid-value,2,Potential Champions,3
15880,369,1,202,United Kingdom,329.03,299.03,30.0,0.0912,1,1,2,112,4,Low-value,1,Hibernating,10
15881,312,5,260,United Kingdom,501.39,438.24,63.14999999999998,0.1259,1,4,2,142,7,Mid-value,2,Hibernating,10
15882,199,4,276,United Kingdom,516.36,495.36,21.0,0.0407,1,4,3,143,8,Mid-value,2,At Risk,8
15883,2,2,223,United Kingdom,396.48,396.48,0.0,0.0,5,2,2,522,9,Mid-value,2,Potential Champions,3
15885,93,3,111,United Kingdom,379.35,379.35,0.0,0.0,2,3,2,232,7,Mid-value,2,Hibernating,10
15886,60,1,147,United Kingdom,181.09,181.09,0.0,0.0,3,1,1,311,5,Mid-value,2,About to Sleep,7
15888,81,1,76,United Kingdom,168.31,141.27,27.039999999999992,0.1607,2,1,1,211,4,Low-value,1,Hibernating,10
15889,157,2,206,United Kingdom,420.07,420.07,0.0,0.0,2,2,2,222,6,Mid-value,2,Hibernating,10
15891,227,1,418,United Kingdom,511.68,511.68,0.0,0.0,1,1,3,113,5,Mid-value,2,Hibernating,10
15894,253,2,164,United Kingdom,258.25,258.25,0.0,0.0,1,2,2,122,5,Mid-value,2,Hibernating,10
15895,150,1,94,United Kingdom,179.17,179.17,0.0,0.0,2,1,1,211,4,Low-value,1,Hibernating,10
15897,194,2,223,United Kingdom,208.59,208.59,0.0,0.0,1,2,1,121,4,Low-value,1,Hibernating,10
15898,1,5,567,United Kingdom,1383.83,1379.63,4.199999999999818,0.003,5,4,4,544,13,High-value,3,Champions,1
15899,369,1,39,United Kingdom,56.25,56.25,0.0,0.0,1,1,1,111,3,Low-value,1,Hibernating,10
15900,24,1,216,United Kingdom,337.28000000000003,337.28000000000003,0.0,0.0,4,1,2,412,7,Mid-value,2,Promising,5
15901,17,3,379,United Kingdom,351.73,351.73,0.0,0.0,4,3,2,432,9,Mid-value,2,Potential Champions,3
15903,10,7,2410,United Kingdom,5126.76,5126.34,0.42000000000007276,0.0001,5,5,5,555,15,High-value,3,Champions,1
15904,8,1,84,United Kingdom,164.68,164.68,0.0,0.0,5,1,1,511,7,Mid-value,2,New Customers,4
15906,20,7,544,United Kingdom,1567.69,1521.79,45.90000000000009,0.0293,4,5,4,454,13,High-value,3,Loyal Customers,2
15907,4,3,478,United Kingdom,882.72,882.72,0.0,0.0,5,3,3,533,11,High-value,3,Potential Champions,3
15909,174,1,98,United Kingdom,191.94,191.94,0.0,0.0,2,1,1,211,4,Low-value,1,Hibernating,10
15910,1,8,1013,United Kingdom,1228.88,1228.88,0.0,0.0,5,5,4,554,14,High-value,3,Champions,1
15912,178,2,185,United Kingdom,264.62,264.62,0.0,0.0,2,2,2,222,6,Mid-value,2,Hibernating,10
15916,16,8,752,United Kingdom,1502.8600000000001,1466.01,36.850000000000136,0.0245,4,5,4,454,13,High-value,3,Loyal Customers,2
15917,248,1,42,United Kingdom,123.1,123.1,0.0,0.0,1,1,1,111,3,Low-value,1,Hibernating,10
15918,191,2,153,United Kingdom,334.23,334.23,0.0,0.0,1,2,2,122,5,Mid-value,2,Hibernating,10
15919,20,2,385,United Kingdom,525.69,525.69,0.0,0.0,4,2,3,423,9,Mid-value,2,Potential Champions,3
15920,154,4,99,United Kingdom,167.5,167.5,0.0,0.0,2,4,1,241,7,Mid-value,2,Hibernating,10
15921,173,1,162,United Kingdom,323.03000000000003,323.03000000000003,0.0,0.0,2,1,2,212,5,Mid-value,2,Hibernating,10
15922,373,1,138,United Kingdom,369.5,363.6,5.899999999999977,0.016,1,1,2,112,4,Low-value,1,Hibernating,10
15923,373,1,122,United Kingdom,127.08,127.08,0.0,0.0,1,1,1,111,3,Low-value,1,Hibernating,10
15925,194,1,93,United Kingdom,207.15,207.15,0.0,0.0,1,1,1,111,3,Low-value,1,Hibernating,10
15930,67,1,139,United Kingdom,426.63,426.63,0.0,0.0,3,1,2,312,6,Mid-value,2,About to Sleep,7
15932,4,8,2325,United Kingdom,2495.87,2461.85,34.01999999999998,0.0136,5,5,5,555,15,High-value,3,Champions,1
15933,21,3,885,United Kingdom,1107.46,1107.46,0.0,0.0,4,3,4,434,11,High-value,3,Potential Champions,3
15935,239,2,115,United Kingdom,416.86,416.86,0.0,0.0,1,2,2,122,5,Mid-value,2,Hibernating,10
15937,64,1,73,United Kingdom,145.35000000000002,145.35000000000002,0.0,0.0,3,1,1,311,5,Mid-value,2,About to Sleep,7
15938,112,5,240,United Kingdom,404.58000000000004,404.58000000000004,0.0,0.0,2,4,2,242,8,Mid-value,2,Hibernating,10
15939,90,15,4728,United Kingdom,6115.01,6102.26,12.75,0.0021,2,5,5,255,12,High-value,3,Do Not Lose,9
15940,311,1,4,United Kingdom,35.8,31.799999999999997,4.0,0.1117,1,1,1,111,3,Low-value,1,Hibernating,10
15942,134,1,232,United Kingdom,337.44,337.44,0.0,0.0,2,1,2,212,5,Mid-value,2,Hibernating,10
15944,277,1,50,United Kingdom,325.1,325.1,0.0,0.0,1,1,2,112,4,Low-value,1,Hibernating,10
15945,365,1,52,United Kingdom,181.0,181.0,0.0,0.0,1,1,1,111,3,Low-value,1,Hibernating,10
15947,83,1,898,United Kingdom,1708.24,1708.24,0.0,0.0,2,1,4,214,7,Mid-value,2,Hibernating,10
15948,8,2,567,United Kingdom,955.24,955.24,0.0,0.0,5,2,4,524,11,High-value,3,Potential Champions,3
15949,17,2,284,United Kingdom,364.72,364.72,0.0,0.0,4,2,2,422,8,Mid-value,2,Potential Champions,3
15950,32,4,719,United Kingdom,1744.71,1684.46,60.25,0.0345,4,4,4,444,12,High-value,3,Loyal Customers,2
15951,9,2,313,United Kingdom,708.22,669.57,38.64999999999998,0.0546,5,2,3,523,10,High-value,3,Potential Champions,3
15952,34,4,391,United Kingdom,781.91,781.91,0.0,0.0,3,4,3,343,10,High-value,3,Need Attention,6
15953,15,8,891,United Kingdom,1657.28,1632.43,24.84999999999991,0.015,4,5,4,454,13,High-value,3,Loyal Customers,2
15955,24,14,2135,United Kingdom,4416.26,4389.81,26.449999999999818,0.006,4,5,5,455,14,High-value,3,Loyal Customers,2
15957,32,1,211,United Kingdom,428.89,428.89,0.0,0.0,4,1,2,412,7,Mid-value,2,Promising,5
15958,74,1,33,United Kingdom,104.35,104.35,0.0,0.0,2,1,1,211,4,Low-value,1,Hibernating,10
15963,20,2,298,United Kingdom,470.76,470.76,0.0,0.0,4,2,2,422,8,Mid-value,2,Potential Champions,3
15965,17,4,434,United Kingdom,808.87,808.87,0.0,0.0,4,4,3,443,11,High-value,3,Potential Champions,3
15967,23,2,205,United Kingdom,397.68,397.68,0.0,0.0,4,2,2,422,8,Mid-value,2,Potential Champions,3
15969,3,3,124,United Kingdom,666.1,582.9,83.20000000000005,0.1249,5,3,3,533,11,High-value,3,Potential Champions,3
15970,304,1,116,United Kingdom,314.09999999999997,314.09999999999997,0.0,0.0,1,1,2,112,4,Low-value,1,Hibernating,10
15971,18,12,1717,United Kingdom,4199.85,4199.85,0.0,0.0,4,5,5,455,14,High-value,3,Loyal Customers,2
15973,367,1,106,United Kingdom,307.82000000000005,99.77000000000002,208.05,0.6759,1,1,1,111,3,Low-value,1,Hibernating,10
15974,39,7,2262,United Kingdom,3442.15,3429.55,12.599999999999909,0.0037,3,5,5,355,13,High-value,3,Loyal Customers,2
15975,84,1,243,United Kingdom,371.01,371.01,0.0,0.0,2,1,2,212,5,Mid-value,2,Hibernating,10
15976,165,2,275,United Kingdom,427.64,427.64,0.0,0.0,2,2,2,222,6,Mid-value,2,Hibernating,10
15977,17,2,1016,United Kingdom,1054.73,1054.73,0.0,0.0,4,2,4,424,10,High-value,3,Potential Champions,3
15978,77,1,888,United Kingdom,1098.78,1098.78,0.0,0.0,2,1,4,214,7,Mid-value,2,Hibernating,10
15980,89,3,1560,United Kingdom,2398.86,2398.86,0.0,0.0,2,3,5,235,10,High-value,3,At Risk,8
15981,25,8,1866,United Kingdom,3408.48,3408.48,0.0,0.0,4,5,5,455,14,High-value,3,Loyal Customers,2
15983,22,4,886,United Kingdom,1465.12,1465.12,0.0,0.0,4,4,4,444,12,High-value,3,Loyal Customers,2
15984,3,10,1815,United Kingdom,2780.63,2759.93,20.700000000000273,0.0074,5,5,5,555,15,High-value,3,Champions,1
15985,123,2,1086,United Kingdom,1142.42,1037.42,105.0,0.0919,2,2,4,224,8,Mid-value,2,Hibernating,10
15986,30,1,268,United Kingdom,168.12,168.12,0.0,0.0,4,1,1,411,6,Mid-value,2,Promising,5
15987,12,7,1533,United Kingdom,1432.77,1432.77,0.0,0.0,5,5,4,554,14,High-value,3,Champions,1
15988,19,1,180,United Kingdom,156.78,156.78,0.0,0.0,4,1,1,411,6,Mid-value,2,Promising,5
15990,44,2,443,United Kingdom,792.11,792.11,0.0,0.0,3,2,3,323,8,Mid-value,2,Hibernating,10
15992,4,1,17,United Kingdom,41.989999999999995,41.989999999999995,0.0,0.0,5,1,1,511,7,Mid-value,2,New Customers,4
15993,9,7,2037,United Kingdom,2777.67,2736.92,40.75,0.0147,5,5,5,555,15,High-value,3,Champions,1
15994,55,1,173,United Kingdom,414.27,414.27,0.0,0.0,3,1,2,312,6,Mid-value,2,About to Sleep,7
15996,88,6,380,United Kingdom,1032.58,1016.68,15.899999999999977,0.0154,2,4,4,244,10,High-value,3,Do Not Lose,9
15998,37,5,2032,United Kingdom,3080.22,3074.42,5.799999999999727,0.0019,3,4,5,345,12,High-value,3,Loyal Customers,2
16000,3,3,5110,United Kingdom,12393.7,12393.7,0.0,0.0,5,3,5,535,13,High-value,3,Potential Champions,3
16003,30,5,1185,United Kingdom,2735.37,2735.37,0.0,0.0,4,4,5,445,13,High-value,3,Loyal Customers,2
16005,12,4,280,United Kingdom,578.71,578.71,0.0,0.0,5,4,3,543,12,High-value,3,Potential Champions,3
16006,211,1,84,United Kingdom,101.4,101.4,0.0,0.0,1,1,1,111,3,Low-value,1,Hibernating,10
16007,48,4,1388,United Kingdom,1693.81,1693.81,0.0,0.0,3,4,4,344,11,High-value,3,Loyal Customers,2
16008,24,3,323,United Kingdom,478.78,478.78,0.0,0.0,4,3,3,433,10,High-value,3,Potential Champions,3
16009,22,4,366,United Kingdom,972.11,972.11,0.0,0.0,4,4,4,444,12,High-value,3,Loyal Customers,2
16010,246,3,202,United Kingdom,392.4,392.4,0.0,0.0,1,3,2,132,6,Mid-value,2,Hibernating,10
16011,8,16,2035,United Kingdom,3352.96,3352.96,0.0,0.0,5,5,5,555,15,High-value,3,Champions,1
16012,35,3,799,United Kingdom,1415.29,1415.29,0.0,0.0,3,3,4,334,10,High-value,3,Need Attention,6
16013,4,47,15536,United Kingdom,37130.6,33366.25,3764.3499999999985,0.1014,5,5,5,555,15,High-value,3,Champions,1
16014,38,3,258,United Kingdom,646.83,637.58,9.25,0.0143,3,3,3,333,9,Mid-value,2,Need Attention,6
16015,4,3,907,United Kingdom,704.55,689.7,14.849999999999909,0.0211,5,3,3,533,11,High-value,3,Potential Champions,3
16016,3,8,602,United Kingdom,1465.51,1440.06,25.450000000000045,0.0174,5,5,4,554,14,High-value,3,Champions,1
16017,47,1,102,United Kingdom,211.88,211.88,0.0,0.0,3,1,1,311,5,Mid-value,2,About to Sleep,7
16018,39,2,190,United Kingdom,408.9,408.9,0.0,0.0,3,2,2,322,7,Mid-value,2,About to Sleep,7
16019,47,9,1733,United Kingdom,3786.24,3450.24,336.0,0.0887,3,5,5,355,13,High-value,3,Loyal Customers,2
16020,17,3,487,United Kingdom,851.01,851.01,0.0,0.0,4,3,3,433,10,High-value,3,Potential Champions,3
16022,260,1,255,United Kingdom,602.63,602.63,0.0,0.0,1,1,3,113,5,Mid-value,2,Hibernating,10
16023,46,3,358,United Kingdom,719.81,719.81,0.0,0.0,3,3,3,333,9,Mid-value,2,Need Attention,6
16024,12,1,397,United Kingdom,251.03,251.03,0.0,0.0,5,1,2,512,8,Mid-value,2,New Customers,4
16025,30,1,338,United Kingdom,439.65999999999997,439.65999999999997,0.0,0.0,4,1,2,412,7,Mid-value,2,Promising,5
16026,43,1,243,United Kingdom,236.09,236.09,0.0,0.0,3,1,1,311,5,Mid-value,2,About to Sleep,7
16027,92,6,1147,United Kingdom,934.62,852.12,82.5,0.0883,2,4,3,243,9,Mid-value,2,At Risk,8
16029,39,63,40108,United Kingdom,80850.84,53168.69,27682.149999999994,0.3424,3,5,5,355,13,High-value,3,Loyal Customers,2
16030,310,1,283,United Kingdom,331.24,331.24,0.0,0.0,1,1,2,112,4,Low-value,1,Hibernating,10
16031,92,2,421,United Kingdom,547.9,547.9,0.0,0.0,2,2,3,223,7,Mid-value,2,Hibernating,10
16033,6,20,3529,United Kingdom,8778.82,8690.03,88.78999999999905,0.0101,5,5,5,555,15,High-value,3,Champions,1
16034,196,3,242,United Kingdom,437.70000000000005,437.70000000000005,0.0,0.0,1,3,2,132,6,Mid-value,2,Hibernating,10
16036,87,2,716,United Kingdom,758.9200000000001,758.9200000000001,0.0,0.0,2,2,3,223,7,Mid-value,2,Hibernating,10
16037,270,3,428,United Kingdom,855.02,855.02,0.0,0.0,1,3,3,133,7,Mid-value,2,At Risk,8
16038,8,3,244,United Kingdom,471.78,454.33,17.44999999999999,0.037,5,3,2,532,10,High-value,3,Potential Champions,3
16040,65,3,684,United Kingdom,1313.55,1313.55,0.0,0.0,3,3,4,334,10,High-value,3,Need Attention,6
16041,31,3,1584,United Kingdom,3166.4,3166.4,0.0,0.0,4,3,5,435,12,High-value,3,Potential Champions,3
16042,22,5,743,United Kingdom,1177.47,1127.57,49.90000000000009,0.0424,4,4,4,444,12,High-value,3,Loyal Customers,2
16043,38,4,503,United Kingdom,773.99,773.99,0.0,0.0,3,4,3,343,10,High-value,3,Need Attention,6
16045,120,4,897,United Kingdom,1340.7,1340.7,0.0,0.0,2,4,4,244,10,High-value,3,Do Not Lose,9
16048,373,2,144,United Kingdom,256.44,243.69000000000003,12.749999999999972,0.0497,1,2,2,122,5,Mid-value,2,Hibernating,10
16049,40,3,763,United Kingdom,1074.81,1074.81,0.0,0.0,3,3,4,334,10,High-value,3,Need Attention,6
16050,174,1,278,United Kingdom,137.9,137.9,0.0,0.0,2,1,1,211,4,Low-value,1,Hibernating,10
16052,54,1,282,United Kingdom,362.06,362.06,0.0,0.0,3,1,2,312,6,Mid-value,2,About to Sleep,7
16053,33,2,1793,United Kingdom,1511.95,1511.95,0.0,0.0,4,2,4,424,10,High-value,3,Potential Champions,3
16054,145,1,380,United Kingdom,783.9,783.9,0.0,0.0,2,1,3,213,6,Mid-value,2,Hibernating,10
16055,221,1,22,United Kingdom,134.8,134.8,0.0,0.0,1,1,1,111,3,Low-value,1,Hibernating,10
16056,45,1,345,United Kingdom,650.75,650.75,0.0,0.0,3,1,3,313,7,Mid-value,2,Hibernating,10
16057,16,7,863,United Kingdom,2263.12,2140.2200000000003,122.89999999999964,0.0543,4,5,5,455,14,High-value,3,Loyal Customers,2
16059,66,6,641,United Kingdom,1453.16,1453.16,0.0,0.0,3,4,4,344,11,High-value,3,Loyal Customers,2
16062,10,4,800,United Kingdom,1153.62,1153.62,0.0,0.0,5,4,4,544,13,High-value,3,Champions,1
16063,260,1,262,United Kingdom,335.32,335.32,0.0,0.0,1,1,2,112,4,Low-value,1,Hibernating,10
16065,365,1,228,United Kingdom,367.14,367.14,0.0,0.0,1,1,2,112,4,Low-value,1,Hibernating,10
16066,17,5,935,United Kingdom,1521.04,1521.04,0.0,0.0,4,4,4,444,12,High-value,3,Loyal Customers,2
16070,22,2,457,United Kingdom,852.15,852.15,0.0,0.0,4,2,3,423,9,Mid-value,2,Potential Champions,3
16071,45,1,180,United Kingdom,326.24,326.24,0.0,0.0,3,1,2,312,6,Mid-value,2,About to Sleep,7
16072,288,1,140,United Kingdom,584.3199999999999,584.3199999999999,0.0,0.0,1,1,3,113,5,Mid-value,2,Hibernating,10
16073,297,1,48,United Kingdom,122.4,94.35000000000001,28.049999999999997,0.2292,1,1,1,111,3,Low-value,1,Hibernating,10
16076,3,10,1435,United Kingdom,2234.73,2173.53,61.19999999999982,0.0274,5,5,5,555,15,High-value,3,Champions,1
16078,284,1,16,United Kingdom,79.2,79.2,0.0,0.0,1,1,1,111,3,Low-value,1,Hibernating,10
16079,17,3,864,United Kingdom,1352.0,1352.0,0.0,0.0,4,3,4,434,11,High-value,3,Potential Champions,3
16080,82,2,128,United Kingdom,217.16,176.6,40.56,0.1868,2,2,1,221,5,Mid-value,2,Hibernating,10
16081,56,5,1473,United Kingdom,2799.42,2799.42,0.0,0.0,3,4,5,345,12,High-value,3,Loyal Customers,2
16083,101,2,908,United Kingdom,1317.62,1317.62,0.0,0.0,2,2,4,224,8,Mid-value,2,Hibernating,10
16084,299,1,216,United Kingdom,436.18,436.18,0.0,0.0,1,1,2,112,4,Low-value,1,Hibernating,10
16085,23,5,636,United Kingdom,981.51,981.51,0.0,0.0,4,4,4,444,12,High-value,3,Loyal Customers,2
16086,59,5,511,United Kingdom,1121.39,1119.31,2.0800000000001546,0.0019,3,4,4,344,11,High-value,3,Loyal Customers,2
16091,155,2,154,United Kingdom,315.06,315.06,0.0,0.0,2,2,2,222,6,Mid-value,2,Hibernating,10
16092,115,3,628,United Kingdom,817.86,779.36,38.5,0.0471,2,3,3,233,8,Mid-value,2,At Risk,8
16093,107,1,20,United Kingdom,17.0,17.0,0.0,0.0,2,1,1,211,4,Low-value,1,Hibernating,10
16094,12,4,647,United Kingdom,1078.23,1041.83,36.40000000000009,0.0338,5,4,4,544,13,High-value,3,Champions,1
16096,264,1,155,United Kingdom,320.62,320.62,0.0,0.0,1,1,2,112,4,Low-value,1,Hibernating,10
16097,240,1,87,United Kingdom,185.04999999999998,185.04999999999998,0.0,0.0,1,1,1,111,3,Low-value,1,Hibernating,10
16098,88,7,613,United Kingdom,2005.63,2005.63,0.0,0.0,2,5,5,255,12,High-value,3,Do Not Lose,9
16099,50,3,434,United Kingdom,731.9,731.9,0.0,0.0,3,3,3,333,9,Mid-value,2,Need Attention,6
16101,71,1,757,United Kingdom,1290.7,1245.96,44.74000000000001,0.0347,3,1,4,314,8,Mid-value,2,Hibernating,10
16102,42,3,942,United Kingdom,1842.14,1842.14,0.0,0.0,3,3,4,334,10,High-value,3,Need Attention,6
16103,7,6,558,United Kingdom,1429.64,1429.64,0.0,0.0,5,4,4,544,13,High-value,3,Champions,1
16104,62,1,122,United Kingdom,298.21,298.21,0.0,0.0,3,1,2,312,6,Mid-value,2,About to Sleep,7
16105,249,1,330,United Kingdom,336.96,336.96,0.0,0.0,1,1,2,112,4,Low-value,1,Hibernating,10
16106,66,1,74,United Kingdom,108.38,108.38,0.0,0.0,3,1,1,311,5,Mid-value,2,About to Sleep,7
16107,18,7,1176,United Kingdom,3204.1600000000003,3204.1600000000003,0.0,0.0,4,5,5,455,14,High-value,3,Loyal Customers,2
16108,85,1,615,United Kingdom,842.5,816.1,26.399999999999977,0.0313,2,1,3,213,6,Mid-value,2,Hibernating,10
16109,219,2,612,United Kingdom,611.88,611.88,0.0,0.0,1,2,3,123,6,Mid-value,2,Hibernating,10
16110,45,3,720,United Kingdom,1320.95,1320.95,0.0,0.0,3,3,4,334,10,High-value,3,Need Attention,6
16112,143,4,574,United Kingdom,195.74,195.74,0.0,0.0,2,4,1,241,7,Mid-value,2,Hibernating,10
16113,183,1,176,United Kingdom,161.38,161.38,0.0,0.0,1,1,1,111,3,Low-value,1,Hibernating,10
16114,171,1,43,United Kingdom,135.75000000000003,135.75000000000003,0.0,0.0,2,1,1,211,4,Low-value,1,Hibernating,10
16115,10,8,994,United Kingdom,1660.8799999999999,1660.8799999999999,0.0,0.0,5,5,4,554,14,High-value,3,Champions,1
16116,212,1,248,United Kingdom,612.78,592.88,19.899999999999977,0.0325,1,1,3,113,5,Mid-value,2,Hibernating,10
16117,190,1,130,United Kingdom,232.21,232.21,0.0,0.0,1,1,1,111,3,Low-value,1,Hibernating,10
16119,8,2,240,United Kingdom,423.36,423.36,0.0,0.0,5,2,2,522,9,Mid-value,2,Potential Champions,3
16120,59,4,878,United Kingdom,1309.14,1294.14,15.0,0.0115,3,4,4,344,11,High-value,3,Loyal Customers,2
16121,57,2,576,United Kingdom,854.66,854.66,0.0,0.0,3,2,3,323,8,Mid-value,2,Hibernating,10
16122,73,4,1128,United Kingdom,684.42,684.42,0.0,0.0,2,4,3,243,9,Mid-value,2,At Risk,8
16123,52,1,170,United Kingdom,307.78000000000003,307.78000000000003,0.0,0.0,3,1,2,312,6,Mid-value,2,About to Sleep,7
16124,317,1,48,United Kingdom,249.0,187.15,61.849999999999994,0.2484,1,1,1,111,3,Low-value,1,Hibernating,10
16125,367,1,124,United Kingdom,289.35,289.35,0.0,0.0,1,1,2,112,4,Low-value,1,Hibernating,10
16126,29,4,2125,United Kingdom,6287.77,6287.77,0.0,0.0,4,4,5,445,13,High-value,3,Loyal Customers,2
16127,39,1,323,United Kingdom,656.25,656.25,0.0,0.0,3,1,3,313,7,Mid-value,2,Hibernating,10
16128,18,5,988,United Kingdom,1880.22,1880.22,0.0,0.0,4,4,4,444,12,High-value,3,Loyal Customers,2
16131,52,6,1802,United Kingdom,3506.54,3506.54,0.0,0.0,3,4,5,345,12,High-value,3,Loyal Customers,2
16133,4,33,8888,United Kingdom,14589.04,14305.66,283.380000000001,0.0194,5,5,5,555,15,High-value,3,Champions,1
16134,22,2,371,United Kingdom,618.09,603.69,14.399999999999977,0.0233,4,2,3,423,9,Mid-value,2,Potential Champions,3
16135,263,1,209,United Kingdom,517.55,517.55,0.0,0.0,1,1,3,113,5,Mid-value,2,Hibernating,10
16136,60,3,440,United Kingdom,709.38,709.38,0.0,0.0,3,3,3,333,9,Mid-value,2,Need Attention,6
16139,19,3,330,United Kingdom,635.4100000000001,635.4100000000001,0.0,0.0,4,3,3,433,10,High-value,3,Potential Champions,3
16140,66,2,730,United Kingdom,725.1800000000001,703.77,21.410000000000082,0.0295,3,2,3,323,8,Mid-value,2,Hibernating,10
16141,88,1,238,United Kingdom,620.4,620.4,0.0,0.0,2,1,3,213,6,Mid-value,2,Hibernating,10
16142,250,1,422,United Kingdom,535.34,535.34,0.0,0.0,1,1,3,113,5,Mid-value,2,Hibernating,10
16143,3,6,919,United Kingdom,2424.94,2419.84,5.099999999999909,0.0021,5,4,5,545,14,High-value,3,Champions,1
16144,247,1,16,United Kingdom,175.2,175.2,0.0,0.0,1,1,1,111,3,Low-value,1,Hibernating,10
16145,9,11,3123,United Kingdom,3799.4900000000002,3741.98,57.51000000000022,0.0151,5,5,5,555,15,High-value,3,Champions,1
16146,157,3,427,United Kingdom,734.13,734.13,0.0,0.0,2,3,3,233,8,Mid-value,2,At Risk,8
16147,134,1,246,United Kingdom,375.0,375.0,0.0,0.0,2,1,2,212,5,Mid-value,2,Hibernating,10
16148,296,1,72,United Kingdom,76.32000000000001,76.32000000000001,0.0,0.0,1,1,1,111,3,Low-value,1,Hibernating,10
16149,5,2,308,United Kingdom,280.52,280.52,0.0,0.0,5,2,2,522,9,Mid-value,2,Potential Champions,3
16150,43,5,1047,United Kingdom,2053.02,1906.07,146.95000000000005,0.0716,3,4,4,344,11,High-value,3,Loyal Customers,2
16152,269,1,642,United Kingdom,1829.04,1829.04,0.0,0.0,1,1,4,114,6,Mid-value,2,Hibernating,10
16153,50,5,1073,United Kingdom,1824.23,1824.23,0.0,0.0,3,4,4,344,11,High-value,3,Loyal Customers,2
16156,9,9,1273,United Kingdom,3092.04,2994.62,97.42000000000007,0.0315,5,5,5,555,15,High-value,3,Champions,1
16157,16,3,347,United Kingdom,656.69,644.24,12.450000000000045,0.019,4,3,3,433,10,High-value,3,Potential Champions,3
16159,282,1,236,United Kingdom,348.2,348.2,0.0,0.0,1,1,2,112,4,Low-value,1,Hibernating,10
16160,65,2,1162,United Kingdom,1025.44,1009.4499999999999,15.990000000000123,0.0156,3,2,4,324,9,Mid-value,2,Hibernating,10
16161,2,19,2583,United Kingdom,5533.67,5311.08,222.59000000000015,0.0402,5,5,5,555,15,High-value,3,Champions,1
16162,252,1,4,United Kingdom,37.4,37.4,0.0,0.0,1,1,1,111,3,Low-value,1,Hibernating,10
16163,232,2,192,United Kingdom,856.6,441.59999999999997,415.00000000000006,0.4845,1,2,2,122,5,Mid-value,2,Hibernating,10
16164,17,3,433,United Kingdom,822.48,802.53,19.950000000000045,0.0243,4,3,3,433,10,High-value,3,Potential Champions,3
16168,11,27,1892,United Kingdom,3787.6,3770.6,17.0,0.0045,5,5,5,555,15,High-value,3,Champions,1
16169,8,4,1325,United Kingdom,1822.97,1822.97,0.0,0.0,5,4,4,544,13,High-value,3,Champions,1
16170,51,6,1770,United Kingdom,1885.05,1880.42,4.629999999999882,0.0025,3,4,4,344,11,High-value,3,Loyal Customers,2
16171,59,1,24,United Kingdom,73.19999999999999,73.19999999999999,0.0,0.0,3,1,1,311,5,Mid-value,2,About to Sleep,7
16172,95,5,787,United Kingdom,1140.21,1140.21,0.0,0.0,2,4,4,244,10,High-value,3,Do Not Lose,9
16173,16,6,575,United Kingdom,1418.32,1406.57,11.75,0.0083,4,4,4,444,12,High-value,3,Loyal Customers,2
16174,126,3,651,United Kingdom,1009.55,1009.55,0.0,0.0,2,3,4,234,9,Mid-value,2,At Risk,8
16175,94,4,533,United Kingdom,1037.5900000000001,1037.5900000000001,0.0,0.0,2,4,4,244,10,High-value,3,Do Not Lose,9
16177,50,1,95,United Kingdom,331.95,331.95,0.0,0.0,3,1,2,312,6,Mid-value,2,About to Sleep,7
16178,138,1,94,United Kingdom,197.9,197.9,0.0,0.0,2,1,1,211,4,Low-value,1,Hibernating,10
16179,61,1,99,United Kingdom,215.83,215.83,0.0,0.0,3,1,1,311,5,Mid-value,2,About to Sleep,7
16180,100,8,5867,United Kingdom,10254.18,10217.48,36.70000000000073,0.0036,2,5,5,255,12,High-value,3,Do Not Lose,9
16181,73,1,152,United Kingdom,305.54,305.54,0.0,0.0,2,1,2,212,5,Mid-value,2,Hibernating,10
16182,72,4,3791,United Kingdom,6617.65,6617.65,0.0,0.0,3,4,5,345,12,High-value,3,Loyal Customers,2
16183,67,1,113,United Kingdom,338.71000000000004,338.71000000000004,0.0,0.0,3,1,2,312,6,Mid-value,2,About to Sleep,7
16184,64,6,561,United Kingdom,1158.79,1155.54,3.25,0.0028,3,4,4,344,11,High-value,3,Loyal Customers,2
16185,17,2,260,United Kingdom,529.41,529.41,0.0,0.0,4,2,3,423,9,Mid-value,2,Potential Champions,3
16186,23,12,3020,United Kingdom,4006.94,3991.94,15.0,0.0037,4,5,5,455,14,High-value,3,Loyal Customers,2
16187,32,15,5048,United Kingdom,6911.4400000000005,6841.24,70.20000000000073,0.0102,4,5,5,455,14,High-value,3,Loyal Customers,2
16188,45,4,782,United Kingdom,981.86,981.86,0.0,0.0,3,4,4,344,11,High-value,3,Loyal Customers,2
16189,16,2,134,United Kingdom,215.48,215.48,0.0,0.0,4,2,1,421,7,Mid-value,2,Promising,5
16190,40,1,88,United Kingdom,215.08,215.08,0.0,0.0,3,1,1,311,5,Mid-value,2,About to Sleep,7
16191,3,13,3351,United Kingdom,5180.52,4913.32,267.2000000000007,0.0516,5,5,5,555,15,High-value,3,Champions,1
16193,237,1,219,United Kingdom,314.45,314.45,0.0,0.0,1,1,2,112,4,Low-value,1,Hibernating,10
16198,75,1,129,United Kingdom,400.68100000000004,400.68100000000004,0.0,0.0,2,1,2,212,5,Mid-value,2,Hibernating,10
16200,4,2,516,United Kingdom,1068.8700000000001,1068.8700000000001,0.0,0.0,5,2,4,524,11,High-value,3,Potential Champions,3
16201,3,4,1286,United Kingdom,1863.47,1821.52,41.950000000000045,0.0225,5,4,4,544,13,High-value,3,Champions,1
16202,361,1,191,United Kingdom,365.27,365.27,0.0,0.0,1,1,2,112,4,Low-value,1,Hibernating,10
16203,59,4,262,United Kingdom,592.9,589.15,3.75,0.0063,3,4,3,343,10,High-value,3,Need Attention,6
16204,23,1,218,United Kingdom,384.18,384.18,0.0,0.0,4,1,2,412,7,Mid-value,2,Promising,5
16205,31,4,516,United Kingdom,757.63,757.63,0.0,0.0,4,4,3,443,11,High-value,3,Potential Champions,3
16206,55,4,272,United Kingdom,537.0600000000001,537.0600000000001,0.0,0.0,3,4,3,343,10,High-value,3,Need Attention,6
16207,25,1,140,United Kingdom,394.38,394.38,0.0,0.0,4,1,2,412,7,Mid-value,2,Promising,5
16208,45,2,333,United Kingdom,664.26,664.26,0.0,0.0,3,2,3,323,8,Mid-value,2,Hibernating,10
16209,89,5,1179,United Kingdom,2262.62,2262.62,0.0,0.0,2,4,5,245,11,High-value,3,Do Not Lose,9
16210,2,18,7559,United Kingdom,21086.3,21086.3,0.0,0.0,5,5,5,555,15,High-value,3,Champions,1
16211,89,1,154,United Kingdom,547.02,542.77,4.25,0.0078,2,1,3,213,6,Mid-value,2,Hibernating,10
16212,19,2,244,United Kingdom,690.34,681.19,9.149999999999977,0.0133,4,2,3,423,9,Mid-value,2,Potential Champions,3
16213,79,1,48,United Kingdom,159.0,159.0,0.0,0.0,2,1,1,211,4,Low-value,1,Hibernating,10
16214,171,3,420,United Kingdom,1062.75,1062.75,0.0,0.0,2,3,4,234,9,Mid-value,2,At Risk,8
16215,81,1,104,United Kingdom,242.35,242.35,0.0,0.0,2,1,2,212,5,Mid-value,2,Hibernating,10
16216,267,1,254,United Kingdom,914.9300000000001,914.9300000000001,0.0,0.0,1,1,4,114,6,Mid-value,2,Hibernating,10
16217,235,2,91,United Kingdom,304.25,259.39000000000004,44.85999999999996,0.1474,1,2,2,122,5,Mid-value,2,Hibernating,10
16218,30,7,2088,United Kingdom,3084.68,3054.87,29.809999999999945,0.0097,4,5,5,455,14,High-value,3,Loyal Customers,2
16221,37,3,714,United Kingdom,860.86,860.86,0.0,0.0,3,3,3,333,9,Mid-value,2,Need Attention,6
16222,318,1,325,United Kingdom,773.55,773.55,0.0,0.0,1,1,3,113,5,Mid-value,2,Hibernating,10
16224,57,4,1116,United Kingdom,1295.3,1295.3,0.0,0.0,3,4,4,344,11,High-value,3,Loyal Customers,2
16225,45,5,493,United Kingdom,1096.32,1096.32,0.0,0.0,3,4,4,344,11,High-value,3,Loyal Customers,2
16226,203,3,192,United Kingdom,255.12,255.12,0.0,0.0,1,3,2,132,6,Mid-value,2,Hibernating,10
16227,225,1,90,United Kingdom,314.22,308.32000000000005,5.899999999999977,0.0188,1,1,2,112,4,Low-value,1,Hibernating,10
16229,87,2,318,United Kingdom,1010.6,1010.6,0.0,0.0,2,2,4,224,8,Mid-value,2,Hibernating,10
16230,190,2,365,United Kingdom,542.03,542.03,0.0,0.0,1,2,3,123,6,Mid-value,2,Hibernating,10
16232,44,4,550,United Kingdom,990.88,983.23,7.649999999999977,0.0077,3,4,4,344,11,High-value,3,Loyal Customers,2
16233,71,3,174,United Kingdom,536.6800000000001,422.13,114.55000000000007,0.2134,3,3,2,332,8,Mid-value,2,Hibernating,10
16235,41,5,330,United Kingdom,867.3100000000001,858.41,8.900000000000091,0.0103,3,4,3,343,10,High-value,3,Need Attention,6
16236,78,1,184,United Kingdom,432.2,432.2,0.0,0.0,2,1,2,212,5,Mid-value,2,Hibernating,10
16239,57,2,228,United Kingdom,414.2,372.9,41.30000000000001,0.0997,3,2,2,322,7,Mid-value,2,About to Sleep,7
16240,24,2,1641,United Kingdom,3718.8,3693.81,24.990000000000236,0.0067,4,2,5,425,11,High-value,3,Potential Champions,3
16241,10,13,1443,United Kingdom,2590.31,2590.31,0.0,0.0,5,5,5,555,15,High-value,3,Champions,1
16242,8,7,1969,United Kingdom,3579.86,3574.91,4.950000000000273,0.0014,5,5,5,555,15,High-value,3,Champions,1
16243,34,2,110,United Kingdom,409.1,409.1,0.0,0.0,3,2,2,322,7,Mid-value,2,About to Sleep,7
16244,212,2,855,United Kingdom,1522.75,1522.75,0.0,0.0,1,2,4,124,7,Mid-value,2,Hibernating,10
16245,24,3,1014,United Kingdom,1413.66,1352.36,61.30000000000018,0.0434,4,3,4,434,11,High-value,3,Potential Champions,3
16247,170,1,182,United Kingdom,114.56,114.56,0.0,0.0,2,1,1,211,4,Low-value,1,Hibernating,10
16248,62,1,78,United Kingdom,152.94,152.94,0.0,0.0,3,1,1,311,5,Mid-value,2,About to Sleep,7
16249,53,5,950,United Kingdom,1800.07,1800.07,0.0,0.0,3,4,4,344,11,High-value,3,Loyal Customers,2
16250,261,2,208,United Kingdom,389.44,389.44,0.0,0.0,1,2,2,122,5,Mid-value,2,Hibernating,10
16253,67,2,3233,United Kingdom,3683.86,3665.62,18.240000000000236,0.005,3,2,5,325,10,High-value,3,Hibernating,10
16255,17,8,1767,United Kingdom,2619.91,2609.3,10.609999999999673,0.004,4,5,5,455,14,High-value,3,Loyal Customers,2
16256,267,1,581,United Kingdom,752.4300000000001,732.63,19.800000000000068,0.0263,1,1,3,113,5,Mid-value,2,Hibernating,10
16257,177,1,2,United Kingdom,46.95,46.95,0.0,0.0,2,1,1,211,4,Low-value,1,Hibernating,10
16258,45,5,2994,United Kingdom,5203.51,5203.51,0.0,0.0,3,4,5,345,12,High-value,3,Loyal Customers,2
16260,51,1,311,United Kingdom,1035.45,1035.45,0.0,0.0,3,1,4,314,8,Mid-value,2,Hibernating,10
16261,17,4,301,United Kingdom,728.54,728.54,0.0,0.0,4,4,3,443,11,High-value,3,Potential Champions,3
16265,9,9,2646,United Kingdom,5447.0,5423.15,23.850000000000364,0.0044,5,5,5,555,15,High-value,3,Champions,1
16266,74,7,398,United Kingdom,861.89,861.89,0.0,0.0,2,5,3,253,10,High-value,3,At Risk,8
16268,71,2,533,United Kingdom,667.65,667.65,0.0,0.0,3,2,3,323,8,Mid-value,2,Hibernating,10
16270,353,1,688,United Kingdom,1141.24,1141.24,0.0,0.0,1,1,4,114,6,Mid-value,2,Hibernating,10
16271,3,5,1024,United Kingdom,1404.64,1398.69,5.9500000000000455,0.0042,5,4,4,544,13,High-value,3,Champions,1
16272,117,1,224,United Kingdom,411.7,411.7,0.0,0.0,2,1,2,212,5,Mid-value,2,Hibernating,10
16274,373,1,153,United Kingdom,351.75,351.75,0.0,0.0,1,1,2,112,4,Low-value,1,Hibernating,10
16275,197,1,336,United Kingdom,559.87,559.87,0.0,0.0,1,1,3,113,5,Mid-value,2,Hibernating,10
16276,177,1,420,United Kingdom,810.6,810.6,0.0,0.0,2,1,3,213,6,Mid-value,2,Hibernating,10
16278,100,1,114,United Kingdom,566.38,537.83,28.549999999999955,0.0504,2,1,3,213,6,Mid-value,2,Hibernating,10
16279,21,3,1046,United Kingdom,1502.78,1489.88,12.899999999999864,0.0086,4,3,4,434,11,High-value,3,Potential Champions,3
16281,72,1,934,United Kingdom,2062.06,2062.06,0.0,0.0,3,1,5,315,9,Mid-value,2,Hibernating,10
16282,340,1,114,United Kingdom,168.3,168.3,0.0,0.0,1,1,1,111,3,Low-value,1,Hibernating,10
16283,6,5,1236,United Kingdom,1570.81,1531.51,39.299999999999955,0.025,5,4,4,544,13,High-value,3,Champions,1
16284,31,2,535,United Kingdom,812.68,812.68,0.0,0.0,4,2,3,423,9,Mid-value,2,Potential Champions,3
16287,170,1,298,United Kingdom,142.5,142.5,0.0,0.0,2,1,1,211,4,Low-value,1,Hibernating,10
16292,122,1,191,United Kingdom,302.25,280.9,21.350000000000023,0.0706,2,1,2,212,5,Mid-value,2,Hibernating,10
16293,22,10,982,United Kingdom,2248.9900000000002,2236.7400000000002,12.25,0.0054,4,5,5,455,14,High-value,3,Loyal Customers,2
16295,10,4,841,United Kingdom,1328.55,1328.55,0.0,0.0,5,4,4,544,13,High-value,3,Champions,1
16297,269,1,206,United Kingdom,301.9,275.4,26.5,0.0878,1,1,2,112,4,Low-value,1,Hibernating,10
16298,23,3,198,United Kingdom,598.2,598.2,0.0,0.0,4,3,3,433,10,High-value,3,Potential Champions,3
16302,127,1,158,United Kingdom,233.22,212.82,20.400000000000006,0.0875,2,1,1,211,4,Low-value,1,Hibernating,10
16303,26,3,2659,United Kingdom,5360.63,5305.83,54.80000000000018,0.0102,4,3,5,435,12,High-value,3,Potential Champions,3
16305,139,1,256,United Kingdom,361.22,361.22,0.0,0.0,2,1,2,212,5,Mid-value,2,Hibernating,10
16306,214,6,487,United Kingdom,632.27,602.27,30.0,0.0474,1,4,3,143,8,Mid-value,2,At Risk,8
16308,38,4,8000,United Kingdom,2560.0,2560.0,0.0,0.0,3,4,5,345,12,High-value,3,Loyal Customers,2
16309,106,2,467,United Kingdom,706.57,686.6700000000001,19.899999999999977,0.0282,2,2,3,223,7,Mid-value,2,Hibernating,10
16311,18,2,394,United Kingdom,616.26,616.26,0.0,0.0,4,2,3,423,9,Mid-value,2,Potential Champions,3
16313,3,2,165,United Kingdom,274.15000000000003,274.15000000000003,0.0,0.0,5,2,2,522,9,Mid-value,2,Potential Champions,3
16315,331,1,75,United Kingdom,226.37,226.37,0.0,0.0,1,1,1,111,3,Low-value,1,Hibernating,10
16316,64,8,1484,United Kingdom,2938.91,2755.56,183.3499999999999,0.0624,3,5,5,355,13,High-value,3,Loyal Customers,2
16317,120,3,890,United Kingdom,1341.65,1341.65,0.0,0.0,2,3,4,234,9,Mid-value,2,At Risk,8
16318,35,1,199,United Kingdom,328.15000000000003,328.15000000000003,0.0,0.0,3,1,2,312,6,Mid-value,2,About to Sleep,7
16319,218,1,72,United Kingdom,404.40000000000003,404.40000000000003,0.0,0.0,1,1,2,112,4,Low-value,1,Hibernating,10
16320,172,2,732,Unspecified,1038.46,1038.46,0.0,0.0,2,2,4,224,8,Mid-value,2,Hibernating,10
16321,72,5,135,Australia,373.65000000000003,230.70000000000002,142.95000000000002,0.3826,3,4,1,341,8,Mid-value,2,Hibernating,10
16322,1,2,231,United Kingdom,326.75,326.75,0.0,0.0,5,2,2,522,9,Mid-value,2,Potential Champions,3
16323,196,1,50,United Kingdom,207.50000000000003,207.50000000000003,0.0,0.0,1,1,1,111,3,Low-value,1,Hibernating,10
16324,128,3,270,United Kingdom,408.59000000000003,408.59000000000003,0.0,0.0,2,3,2,232,7,Mid-value,2,Hibernating,10
16325,47,3,194,United Kingdom,594.24,510.54,83.69999999999999,0.1409,3,3,3,333,9,Mid-value,2,Need Attention,6
16326,6,14,682,United Kingdom,3039.2200000000003,3014.2200000000003,25.0,0.0082,5,5,5,555,15,High-value,3,Champions,1
16327,14,6,2560,United Kingdom,3820.27,3820.27,0.0,0.0,4,4,5,445,13,High-value,3,Loyal Customers,2
16330,18,3,147,United Kingdom,251.91,242.21,9.699999999999989,0.0385,4,3,2,432,9,Mid-value,2,Potential Champions,3
16332,28,7,797,United Kingdom,1582.8,1572.8,10.0,0.0063,4,5,4,454,13,High-value,3,Loyal Customers,2
16333,8,22,32184,United Kingdom,26626.8,26626.8,0.0,0.0,5,5,5,555,15,High-value,3,Champions,1
16337,37,1,87,United Kingdom,151.05,151.05,0.0,0.0,3,1,1,311,5,Mid-value,2,About to Sleep,7
16338,157,1,94,United Kingdom,214.8,214.8,0.0,0.0,2,1,1,211,4,Low-value,1,Hibernating,10
16339,284,1,21,United Kingdom,94.05,94.05,0.0,0.0,1,1,1,111,3,Low-value,1,Hibernating,10
16340,107,1,486,United Kingdom,534.31,534.31,0.0,0.0,2,1,3,213,6,Mid-value,2,Hibernating,10
16341,25,4,1398,United Kingdom,1971.8700000000001,1959.38,12.490000000000009,0.0063,4,4,4,444,12,High-value,3,Loyal Customers,2
16342,75,4,157,United Kingdom,322.41,322.41,0.0,0.0,2,4,2,242,8,Mid-value,2,Hibernating,10
16343,16,2,175,United Kingdom,328.58,328.58,0.0,0.0,4,2,2,422,8,Mid-value,2,Potential Champions,3
16344,158,1,18,United Kingdom,101.10000000000001,101.10000000000001,0.0,0.0,2,1,1,211,4,Low-value,1,Hibernating,10
16345,44,1,288,United Kingdom,565.46,565.46,0.0,0.0,3,1,3,313,7,Mid-value,2,Hibernating,10
16347,11,2,341,United Kingdom,847.45,847.45,0.0,0.0,5,2,3,523,10,High-value,3,Potential Champions,3
16348,32,7,805,United Kingdom,1415.65,1415.65,0.0,0.0,4,5,4,454,13,High-value,3,Loyal Customers,2
16349,291,1,9,United Kingdom,53.5,53.5,0.0,0.0,1,1,1,111,3,Low-value,1,Hibernating,10
16350,21,4,545,United Kingdom,1116.47,1100.47,16.0,0.0143,4,4,4,444,12,High-value,3,Loyal Customers,2
16351,333,1,90,United Kingdom,153.9,153.9,0.0,0.0,1,1,1,111,3,Low-value,1,Hibernating,10
16352,18,2,300,United Kingdom,494.44,494.44,0.0,0.0,4,2,3,423,9,Mid-value,2,Potential Champions,3
16353,4,23,2006,United Kingdom,6675.71,6675.71,0.0,0.0,5,5,5,555,15,High-value,3,Champions,1
16354,63,2,150,United Kingdom,395.8,395.8,0.0,0.0,3,2,2,322,7,Mid-value,2,About to Sleep,7
16356,198,3,93,United Kingdom,211.77,210.32,1.450000000000017,0.0068,1,3,1,131,5,Mid-value,2,Hibernating,10
16357,33,3,246,United Kingdom,658.88,658.88,0.0,0.0,4,3,3,433,10,High-value,3,Potential Champions,3
16358,1,4,1302,United Kingdom,2027.5,2024.95,2.5499999999999545,0.0013,5,4,5,545,14,High-value,3,Champions,1
16359,7,9,1183,United Kingdom,1750.92,1460.3700000000001,290.54999999999995,0.1659,5,5,4,554,14,High-value,3,Champions,1
16360,5,6,2110,United Kingdom,3450.41,3349.57,100.83999999999969,0.0292,5,4,5,545,14,High-value,3,Champions,1
16361,10,4,418,United Kingdom,891.21,891.21,0.0,0.0,5,4,3,543,12,High-value,3,Potential Champions,3
16362,32,5,340,United Kingdom,709.99,627.29,82.70000000000005,0.1165,4,4,3,443,11,High-value,3,Potential Champions,3
16363,53,1,52,United Kingdom,109.36000000000001,109.36000000000001,0.0,0.0,3,1,1,311,5,Mid-value,2,About to Sleep,7
16364,12,2,279,United Kingdom,705.79,705.79,0.0,0.0,5,2,3,523,10,High-value,3,Potential Champions,3
16365,18,9,504,United Kingdom,1540.42,1540.42,0.0,0.0,4,5,4,454,13,High-value,3,Loyal Customers,2
16366,19,1,256,United Kingdom,327.3,327.3,0.0,0.0,4,1,2,412,7,Mid-value,2,Promising,5
16367,37,2,643,United Kingdom,800.67,800.67,0.0,0.0,3,2,3,323,8,Mid-value,2,Hibernating,10
16368,2,2,251,United Kingdom,479.91,479.91,0.0,0.0,5,2,3,523,10,High-value,3,Potential Champions,3
16369,18,3,1030,United Kingdom,1545.41,1545.41,0.0,0.0,4,3,4,434,11,High-value,3,Potential Champions,3
16370,82,4,640,United Kingdom,1301.91,1301.91,0.0,0.0,2,4,4,244,10,High-value,3,Do Not Lose,9
16372,33,2,158,United Kingdom,355.73,355.73,0.0,0.0,4,2,2,422,8,Mid-value,2,Potential Champions,3
16374,66,2,237,United Kingdom,466.73,466.73,0.0,0.0,3,2,2,322,7,Mid-value,2,About to Sleep,7
16376,9,2,691,United Kingdom,974.96,965.47,9.490000000000009,0.0097,5,2,4,524,11,High-value,3,Potential Champions,3
16377,267,1,1500,United Kingdom,676.2,676.2,0.0,0.0,1,1,3,113,5,Mid-value,2,Hibernating,10
16378,247,3,267,United Kingdom,362.95,362.95,0.0,0.0,1,3,2,132,6,Mid-value,2,Hibernating,10
16379,4,4,1410,United Kingdom,2157.4,2131.9,25.5,0.0118,5,4,5,545,14,High-value,3,Champions,1
16380,61,1,1428,United Kingdom,1743.1499999999999,1743.1499999999999,0.0,0.0,3,1,4,314,8,Mid-value,2,Hibernating,10
16383,75,2,467,United Kingdom,643.76,643.76,0.0,0.0,2,2,3,223,7,Mid-value,2,Hibernating,10
16384,90,2,260,United Kingdom,584.5,584.5,0.0,0.0,2,2,3,223,7,Mid-value,2,Hibernating,10
16385,60,3,258,United Kingdom,554.86,554.86,0.0,0.0,3,3,3,333,9,Mid-value,2,Need Attention,6
16386,29,2,205,United Kingdom,302.57,302.57,0.0,0.0,4,2,2,422,8,Mid-value,2,Potential Champions,3
16387,323,1,44,United Kingdom,94.36,94.36,0.0,0.0,1,1,1,111,3,Low-value,1,Hibernating,10
16389,53,4,1242,United Kingdom,1382.0700000000002,1362.27,19.800000000000182,0.0143,3,4,4,344,11,High-value,3,Loyal Customers,2
16392,270,1,201,United Kingdom,217.89000000000001,217.89000000000001,0.0,0.0,1,1,1,111,3,Low-value,1,Hibernating,10
16393,2,13,1573,United Kingdom,3040.96,2935.8,105.15999999999985,0.0346,5,5,5,555,15,High-value,3,Champions,1
16394,57,5,2604,United Kingdom,1555.34,1412.06,143.27999999999997,0.0921,3,4,4,344,11,High-value,3,Loyal Customers,2
16395,61,5,1472,United Kingdom,1482.06,1482.06,0.0,0.0,3,4,4,344,11,High-value,3,Loyal Customers,2
16398,154,2,758,United Kingdom,1705.8,1631.15,74.64999999999986,0.0438,2,2,4,224,8,Mid-value,2,Hibernating,10
16399,19,2,263,United Kingdom,408.02,408.02,0.0,0.0,4,2,2,422,8,Mid-value,2,Potential Champions,3
16400,95,1,172,United Kingdom,303.93,303.93,0.0,0.0,2,1,2,212,5,Mid-value,2,Hibernating,10
16401,1,12,3882,United Kingdom,4098.32,4061.2400000000002,37.07999999999947,0.009,5,5,5,555,15,High-value,3,Champions,1
16402,265,2,146,United Kingdom,293.45,293.45,0.0,0.0,1,2,2,122,5,Mid-value,2,Hibernating,10
16403,312,1,114,United Kingdom,177.5,161.05,16.44999999999999,0.0927,1,1,1,111,3,Low-value,1,Hibernating,10
16404,70,1,157,United Kingdom,443.05,443.05,0.0,0.0,3,1,2,312,6,Mid-value,2,About to Sleep,7
16405,302,2,187,United Kingdom,167.25,167.25,0.0,0.0,1,2,1,121,4,Low-value,1,Hibernating,10
16406,19,1,117,United Kingdom,154.35,154.35,0.0,0.0,4,1,1,411,6,Mid-value,2,Promising,5
16407,13,10,1093,United Kingdom,2079.68,2079.68,0.0,0.0,5,5,5,555,15,High-value,3,Champions,1
16409,36,5,1304,United Kingdom,2022.98,2022.98,0.0,0.0,3,4,5,345,12,High-value,3,Loyal Customers,2
16411,19,2,131,United Kingdom,211.7,211.7,0.0,0.0,4,2,1,421,7,Mid-value,2,Promising,5
16412,54,1,63,United Kingdom,135.99,135.99,0.0,0.0,3,1,1,311,5,Mid-value,2,About to Sleep,7
16413,57,1,148,United Kingdom,262.2,262.2,0.0,0.0,3,1,2,312,6,Mid-value,2,About to Sleep,7
16414,22,2,27,United Kingdom,126.25,126.25,0.0,0.0,4,2,1,421,7,Mid-value,2,Promising,5
16415,44,1,178,United Kingdom,200.27,200.27,0.0,0.0,3,1,1,311,5,Mid-value,2,About to Sleep,7
16416,27,3,672,United Kingdom,1051.4,1026.99,24.410000000000082,0.0232,4,3,4,434,11,High-value,3,Potential Champions,3
16418,45,3,280,United Kingdom,631.12,631.12,0.0,0.0,3,3,3,333,9,Mid-value,2,Need Attention,6
16419,113,6,428,United Kingdom,958.71,945.96,12.75,0.0133,2,4,4,244,10,High-value,3,Do Not Lose,9
16422,17,51,33704,United Kingdom,34684.4,33805.69,878.7099999999991,0.0253,4,5,5,455,14,High-value,3,Loyal Customers,2
16423,25,1,230,United Kingdom,346.12,346.12,0.0,0.0,4,1,2,412,7,Mid-value,2,Promising,5
16424,191,1,88,United Kingdom,133.56,82.56,51.0,0.3819,1,1,1,111,3,Low-value,1,Hibernating,10
16425,302,1,199,United Kingdom,302.7,302.7,0.0,0.0,1,1,2,112,4,Low-value,1,Hibernating,10
16426,2,10,1215,United Kingdom,1863.76,1863.76,0.0,0.0,5,5,4,554,14,High-value,3,Champions,1
16427,263,2,156,United Kingdom,241.06,241.06,0.0,0.0,1,2,2,122,5,Mid-value,2,Hibernating,10
16429,106,1,9,United Kingdom,284.55,284.55,0.0,0.0,2,1,2,212,5,Mid-value,2,Hibernating,10
16430,57,1,103,United Kingdom,300.85,300.85,0.0,0.0,3,1,2,312,6,Mid-value,2,About to Sleep,7
16431,213,3,442,United Kingdom,623.28,623.28,0.0,0.0,1,3,3,133,7,Mid-value,2,At Risk,8
16432,64,1,276,United Kingdom,287.40000000000003,287.40000000000003,0.0,0.0,3,1,2,312,6,Mid-value,2,About to Sleep,7
16433,28,1,106,United Kingdom,184.26,184.26,0.0,0.0,4,1,1,411,6,Mid-value,2,Promising,5
16434,29,7,760,United Kingdom,1511.8,1511.8,0.0,0.0,4,5,4,454,13,High-value,3,Loyal Customers,2
16438,6,5,463,United Kingdom,798.35,798.35,0.0,0.0,5,4,3,543,12,High-value,3,Potential Champions,3
16440,8,5,2018,United Kingdom,3640.67,3640.67,0.0,0.0,5,4,5,545,14,High-value,3,Champions,1
16441,67,2,173,United Kingdom,381.2,381.2,0.0,0.0,3,2,2,322,7,Mid-value,2,About to Sleep,7
16442,2,3,443,United Kingdom,609.3,609.3,0.0,0.0,5,3,3,533,11,High-value,3,Potential Champions,3
16444,46,4,407,United Kingdom,654.67,638.77,15.899999999999977,0.0243,3,4,3,343,10,High-value,3,Need Attention,6
16445,34,1,111,United Kingdom,230.51,230.51,0.0,0.0,3,1,1,311,5,Mid-value,2,About to Sleep,7
16446,1,2,80997,United Kingdom,168472.5,2.8999999999941792,168469.6,1.0,5,2,1,521,8,Mid-value,2,New Customers,4
16447,136,1,221,United Kingdom,255.91,255.91,0.0,0.0,2,1,2,212,5,Mid-value,2,Hibernating,10
16448,198,1,76,United Kingdom,182.99,182.99,0.0,0.0,1,1,1,111,3,Low-value,1,Hibernating,10
16449,198,2,367,United Kingdom,707.69,674.69,33.0,0.0466,1,2,3,123,6,Mid-value,2,Hibernating,10
16450,150,1,200,United Kingdom,311.92,311.92,0.0,0.0,2,1,2,212,5,Mid-value,2,Hibernating,10
16451,88,1,120,United Kingdom,266.97,266.97,0.0,0.0,2,1,2,212,5,Mid-value,2,Hibernating,10
16454,45,2,3,United Kingdom,6.9,0.0,15.05,2.1812,3,2,1,321,6,Mid-value,2,About to Sleep,7
16455,64,7,988,United Kingdom,1841.18,1841.18,0.0,0.0,3,5,4,354,12,High-value,3,Loyal Customers,2
16456,99,5,1147,United Kingdom,2158.18,2158.18,0.0,0.0,2,4,5,245,11,High-value,3,Do Not Lose,9
16457,218,1,140,United Kingdom,208.36,208.36,0.0,0.0,1,1,1,111,3,Low-value,1,Hibernating,10
16458,3,18,2154,United Kingdom,3482.7400000000002,3482.7400000000002,0.0,0.0,5,5,5,555,15,High-value,3,Champions,1
16460,28,3,876,United Kingdom,811.23,811.23,0.0,0.0,4,3,3,433,10,High-value,3,Potential Champions,3
16461,178,1,48,United Kingdom,142.92,142.92,0.0,0.0,2,1,1,211,4,Low-value,1,Hibernating,10
16462,74,3,16,United Kingdom,136.0,102.0,34.0,0.25,2,3,1,231,6,Mid-value,2,Hibernating,10
16463,21,4,1163,United Kingdom,1422.4,1383.7,38.700000000000045,0.0272,4,4,4,444,12,High-value,3,Loyal Customers,2
16464,20,3,952,United Kingdom,1298.66,1298.66,0.0,0.0,4,3,4,434,11,High-value,3,Potential Champions,3
16466,34,7,785,United Kingdom,1595.96,1595.96,0.0,0.0,3,5,4,354,12,High-value,3,Loyal Customers,2
16468,74,1,31,United Kingdom,74.9,74.9,0.0,0.0,2,1,1,211,4,Low-value,1,Hibernating,10
16469,24,4,260,United Kingdom,625.42,625.42,0.0,0.0,4,4,3,443,11,High-value,3,Potential Champions,3
16470,52,4,522,United Kingdom,752.77,747.82,4.949999999999932,0.0066,3,4,3,343,10,High-value,3,Need Attention,6
16471,275,1,141,United Kingdom,223.95000000000002,223.95000000000002,0.0,0.0,1,1,1,111,3,Low-value,1,Hibernating,10
16473,165,3,196,United Kingdom,316.11,314.86,1.25,0.004,2,3,2,232,7,Mid-value,2,Hibernating,10
16474,7,7,909,United Kingdom,1810.65,1750.6200000000001,60.02999999999997,0.0332,5,5,4,554,14,High-value,3,Champions,1
16475,88,4,319,United Kingdom,544.3,544.3,0.0,0.0,2,4,3,243,9,Mid-value,2,At Risk,8
16477,64,7,1415,United Kingdom,2494.46,2494.46,0.0,0.0,3,5,5,355,13,High-value,3,Loyal Customers,2
16478,25,3,224,United Kingdom,331.0,331.0,0.0,0.0,4,3,2,432,9,Mid-value,2,Potential Champions,3
16479,10,2,102,United Kingdom,300.83,300.83,0.0,0.0,5,2,2,522,9,Mid-value,2,Potential Champions,3
16480,76,1,455,United Kingdom,769.29,769.29,0.0,0.0,2,1,3,213,6,Mid-value,2,Hibernating,10
16482,16,1,346,United Kingdom,220.62,220.62,0.0,0.0,4,1,1,411,6,Mid-value,2,Promising,5
16483,192,1,44,United Kingdom,139.35,139.35,0.0,0.0,1,1,1,111,3,Low-value,1,Hibernating,10
16484,174,2,200,United Kingdom,404.3,379.4,24.900000000000034,0.0616,2,2,2,222,6,Mid-value,2,Hibernating,10
16485,77,1,235,United Kingdom,363.65,363.65,0.0,0.0,2,1,2,212,5,Mid-value,2,Hibernating,10
16488,33,3,728,United Kingdom,498.8,492.20000000000005,6.599999999999966,0.0132,4,3,3,433,10,High-value,3,Potential Champions,3
16491,47,1,478,United Kingdom,731.5,731.5,0.0,0.0,3,1,3,313,7,Mid-value,2,Hibernating,10
16493,80,4,1164,United Kingdom,1351.63,1329.66,21.970000000000027,0.0163,2,4,4,244,10,High-value,3,Do Not Lose,9
16494,297,1,675,United Kingdom,826.53,826.53,0.0,0.0,1,1,3,113,5,Mid-value,2,Hibernating,10
16495,3,3,328,United Kingdom,648.26,648.26,0.0,0.0,5,3,3,533,11,High-value,3,Potential Champions,3
16496,9,3,1111,United Kingdom,1599.52,1562.22,37.299999999999955,0.0233,5,3,4,534,12,High-value,3,Potential Champions,3
16497,50,6,1396,United Kingdom,2965.69,2965.69,0.0,0.0,3,4,5,345,12,High-value,3,Loyal Customers,2
16498,161,2,45,United Kingdom,100.97,86.12,14.849999999999994,0.1471,2,2,1,221,5,Mid-value,2,Hibernating,10
16499,360,2,127,United Kingdom,365.45,319.1,46.349999999999966,0.1268,1,2,2,122,5,Mid-value,2,Hibernating,10
16500,5,6,123,United Kingdom,400.86,400.86,0.0,0.0,5,4,2,542,11,High-value,3,Potential Champions,3
16503,107,4,569,United Kingdom,1431.93,1421.43,10.5,0.0073,2,4,4,244,10,High-value,3,Do Not Lose,9
16504,25,1,510,United Kingdom,465.88,465.88,0.0,0.0,4,1,2,412,7,Mid-value,2,Promising,5
16505,32,1,576,United Kingdom,777.6,777.6,0.0,0.0,4,1,3,413,8,Mid-value,2,Hibernating,10
16506,20,2,42,United Kingdom,90.30000000000001,90.30000000000001,0.0,0.0,4,2,1,421,7,Mid-value,2,Promising,5
16509,297,1,64,United Kingdom,363.70000000000005,363.70000000000005,0.0,0.0,1,1,2,112,4,Low-value,1,Hibernating,10
16510,372,1,92,United Kingdom,248.1,248.1,0.0,0.0,1,1,2,112,4,Low-value,1,Hibernating,10
16511,22,3,405,United Kingdom,918.33,918.33,0.0,0.0,4,3,4,434,11,High-value,3,Potential Champions,3
16513,5,4,407,United Kingdom,874.59,874.59,0.0,0.0,5,4,3,543,12,High-value,3,Potential Champions,3
16515,52,5,826,United Kingdom,1624.14,1624.14,0.0,0.0,3,4,4,344,11,High-value,3,Loyal Customers,2
16516,30,1,58,United Kingdom,101.69999999999999,101.69999999999999,0.0,0.0,4,1,1,411,6,Mid-value,2,Promising,5
16517,277,1,96,United Kingdom,162.70000000000002,162.70000000000002,0.0,0.0,1,1,1,111,3,Low-value,1,Hibernating,10
16518,61,2,327,United Kingdom,484.32,480.92,3.3999999999999773,0.007,3,2,3,323,8,Mid-value,2,Hibernating,10
16519,25,2,54,United Kingdom,215.07999999999998,215.07999999999998,0.0,0.0,4,2,1,421,7,Mid-value,2,Promising,5
16520,186,3,558,United Kingdom,1046.57,1036.6200000000001,9.949999999999818,0.0095,1,3,4,134,8,Mid-value,2,At Risk,8
16523,2,21,4265,United Kingdom,9418.470000000001,9295.67,122.80000000000109,0.013,5,5,5,555,15,High-value,3,Champions,1
16525,2,26,7397,United Kingdom,13027.45,11895.57,1131.880000000001,0.0869,5,5,5,555,15,High-value,3,Champions,1
16526,172,1,106,United Kingdom,290.36,290.36,0.0,0.0,2,1,2,212,5,Mid-value,2,Hibernating,10
16527,81,1,106,United Kingdom,228.06,228.06,0.0,0.0,2,1,1,211,4,Low-value,1,Hibernating,10
16528,4,1,171,United Kingdom,244.41,244.41,0.0,0.0,5,1,2,512,8,Mid-value,2,New Customers,4
16529,190,1,198,United Kingdom,455.25,455.25,0.0,0.0,1,1,2,112,4,Low-value,1,Hibernating,10
16531,22,7,915,United Kingdom,1244.59,1244.59,0.0,0.0,4,5,4,454,13,High-value,3,Loyal Customers,2
16532,18,3,2016,United Kingdom,6748.8,6748.8,0.0,0.0,4,3,5,435,12,High-value,3,Potential Champions,3
16533,19,3,611,United Kingdom,1082.81,1014.19,68.61999999999989,0.0634,4,3,4,434,11,High-value,3,Potential Champions,3
16535,5,1,356,United Kingdom,593.75,593.75,0.0,0.0,5,1,3,513,9,Mid-value,2,Hibernating,10
16536,110,1,250,United Kingdom,548.12,538.17,9.950000000000045,0.0182,2,1,3,213,6,Mid-value,2,Hibernating,10
16539,3,4,477,United Kingdom,1388.81,1388.81,0.0,0.0,5,4,4,544,13,High-value,3,Champions,1
16542,54,1,46,United Kingdom,119.62,119.62,0.0,0.0,3,1,1,311,5,Mid-value,2,About to Sleep,7
16545,165,1,78,United Kingdom,339.3,339.3,0.0,0.0,2,1,2,212,5,Mid-value,2,Hibernating,10
16546,291,2,549,United Kingdom,787.15,0.0,883.0800000000002,1.1219,1,2,1,121,4,Low-value,1,Hibernating,10
16549,10,10,2294,United Kingdom,4034.9,4034.9,0.0,0.0,5,5,5,555,15,High-value,3,Champions,1
16550,109,5,1540,United Kingdom,2298.97,2266.25,32.7199999999998,0.0142,2,4,5,245,11,High-value,3,Do Not Lose,9
16551,96,3,970,United Kingdom,922.12,922.12,0.0,0.0,2,3,4,234,9,Mid-value,2,At Risk,8
16552,243,2,219,United Kingdom,379.73,379.73,0.0,0.0,1,2,2,122,5,Mid-value,2,Hibernating,10
16553,163,12,4600,United Kingdom,5719.82,5664.57,55.25,0.0097,2,5,5,255,12,High-value,3,Do Not Lose,9
16554,42,3,402,United Kingdom,837.1,641.55,195.55000000000007,0.2336,3,3,3,333,9,Mid-value,2,Need Attention,6
16555,35,2,175,United Kingdom,285.89,285.89,0.0,0.0,3,2,2,322,7,Mid-value,2,About to Sleep,7
16556,67,7,1890,United Kingdom,3313.79,3313.79,0.0,0.0,3,5,5,355,13,High-value,3,Loyal Customers,2
16557,24,2,111,United Kingdom,281.85,281.85,0.0,0.0,4,2,2,422,8,Mid-value,2,Potential Champions,3
16558,1,20,5377,United Kingdom,8338.49,8257.04,81.44999999999891,0.0098,5,5,5,555,15,High-value,3,Champions,1
16560,27,2,504,United Kingdom,841.41,816.51,24.899999999999977,0.0296,4,2,3,423,9,Mid-value,2,Potential Champions,3
16561,6,2,244,United Kingdom,511.12,511.12,0.0,0.0,5,2,3,523,10,High-value,3,Potential Champions,3
16563,54,1,486,United Kingdom,1077.74,1077.74,0.0,0.0,3,1,4,314,8,Mid-value,2,Hibernating,10
16565,364,1,46,United Kingdom,173.7,173.7,0.0,0.0,1,1,1,111,3,Low-value,1,Hibernating,10
16566,15,5,362,United Kingdom,614.66,614.01,0.6499999999999773,0.0011,4,4,3,443,11,High-value,3,Potential Champions,3
16567,194,2,996,United Kingdom,865.6,865.6,0.0,0.0,1,2,3,123,6,Mid-value,2,Hibernating,10
16569,3,1,93,United Kingdom,124.2,124.2,0.0,0.0,5,1,1,511,7,Mid-value,2,New Customers,4
16570,15,10,2112,United Kingdom,3738.4,3622.95,115.45000000000027,0.0309,4,5,5,455,14,High-value,3,Loyal Customers,2
16571,27,3,1239,United Kingdom,1421.69,1285.22,136.47000000000003,0.096,4,3,4,434,11,High-value,3,Potential Champions,3
16572,127,3,532,United Kingdom,1009.6,999.7,9.899999999999977,0.0098,2,3,4,234,9,Mid-value,2,At Risk,8
16573,85,2,360,United Kingdom,663.61,648.41,15.200000000000045,0.0229,2,2,3,223,7,Mid-value,2,Hibernating,10
16574,71,1,416,United Kingdom,451.44,451.44,0.0,0.0,3,1,2,312,6,Mid-value,2,About to Sleep,7
16581,183,1,134,United Kingdom,105.84,70.44,35.400000000000006,0.3345,1,1,1,111,3,Low-value,1,Hibernating,10
16582,113,1,164,United Kingdom,313.62,313.62,0.0,0.0,2,1,2,212,5,Mid-value,2,Hibernating,10
16583,374,1,111,United Kingdom,233.45,233.45,0.0,0.0,1,1,1,111,3,Low-value,1,Hibernating,10
16584,80,2,646,United Kingdom,936.08,908.03,28.050000000000068,0.03,2,2,3,223,7,Mid-value,2,Hibernating,10
16586,249,1,95,United Kingdom,463.95,463.95,0.0,0.0,1,1,2,112,4,Low-value,1,Hibernating,10
16587,232,1,71,United Kingdom,225.15,225.15,0.0,0.0,1,1,1,111,3,Low-value,1,Hibernating,10
16589,71,3,368,United Kingdom,459.24,459.24,0.0,0.0,3,3,2,332,8,Mid-value,2,Hibernating,10
16591,69,1,41,United Kingdom,213.5,213.5,0.0,0.0,3,1,1,311,5,Mid-value,2,About to Sleep,7
16592,4,16,2927,United Kingdom,4113.68,4073.28,40.40000000000009,0.0098,5,5,5,555,15,High-value,3,Champions,1
16593,51,3,116,United Kingdom,330.03,330.03,0.0,0.0,3,3,2,332,8,Mid-value,2,Hibernating,10
16594,75,1,64,United Kingdom,181.09,181.09,0.0,0.0,2,1,1,211,4,Low-value,1,Hibernating,10
16595,61,1,335,United Kingdom,360.16,360.16,0.0,0.0,3,1,2,312,6,Mid-value,2,About to Sleep,7
16596,16,2,97,United Kingdom,250.15,250.15,0.0,0.0,4,2,2,422,8,Mid-value,2,Potential Champions,3
16597,4,1,184,United Kingdom,90.04,90.04,0.0,0.0,5,1,1,511,7,Mid-value,2,New Customers,4
16598,286,1,73,United Kingdom,145.05,140.7,4.350000000000023,0.03,1,1,1,111,3,Low-value,1,Hibernating,10
16600,4,6,1145,United Kingdom,813.52,813.52,0.0,0.0,5,4,3,543,12,High-value,3,Potential Champions,3
16601,41,1,133,United Kingdom,242.7,242.7,0.0,0.0,3,1,2,312,6,Mid-value,2,About to Sleep,7
16602,36,1,336,United Kingdom,528.08,494.73,33.35000000000002,0.0632,3,1,3,313,7,Mid-value,2,Hibernating,10
16603,75,2,480,United Kingdom,482.47,482.47,0.0,0.0,2,2,3,223,7,Mid-value,2,Hibernating,10
16607,18,14,2859,United Kingdom,3347.71,3038.67,309.03999999999996,0.0923,4,5,5,455,14,High-value,3,Loyal Customers,2
16609,15,7,2420,United Kingdom,5493.46,5450.96,42.5,0.0077,4,5,5,455,14,High-value,3,Loyal Customers,2
16610,219,1,66,United Kingdom,75.66,75.66,0.0,0.0,1,1,1,111,3,Low-value,1,Hibernating,10
16611,186,1,47,United Kingdom,129.49,120.99,8.500000000000014,0.0656,1,1,1,111,3,Low-value,1,Hibernating,10
16612,33,4,506,United Kingdom,1187.66,1187.66,0.0,0.0,4,4,4,444,12,High-value,3,Loyal Customers,2
16613,70,1,293,United Kingdom,618.59,618.59,0.0,0.0,3,1,3,313,7,Mid-value,2,Hibernating,10
16614,183,1,223,United Kingdom,506.19,506.19,0.0,0.0,1,1,3,113,5,Mid-value,2,Hibernating,10
16616,15,2,370,United Kingdom,500.42,500.42,0.0,0.0,4,2,3,423,9,Mid-value,2,Potential Champions,3
16617,236,1,91,United Kingdom,151.85,151.85,0.0,0.0,1,1,1,111,3,Low-value,1,Hibernating,10
16618,31,5,1363,United Kingdom,2647.59,2630.64,16.950000000000273,0.0064,4,4,5,445,13,High-value,3,Loyal Customers,2
16619,264,1,133,United Kingdom,226.21,204.41,21.80000000000001,0.0964,1,1,1,111,3,Low-value,1,Hibernating,10
16620,4,2,88,United Kingdom,178.96,178.96,0.0,0.0,5,2,1,521,8,Mid-value,2,New Customers,4
16621,52,4,302,United Kingdom,813.48,813.48,0.0,0.0,3,4,3,343,10,High-value,3,Need Attention,6
16623,246,1,39,United Kingdom,129.45000000000002,129.45000000000002,0.0,0.0,1,1,1,111,3,Low-value,1,Hibernating,10
16624,81,2,488,United Kingdom,810.57,810.57,0.0,0.0,2,2,3,223,7,Mid-value,2,Hibernating,10
16625,275,1,164,United Kingdom,333.08,333.08,0.0,0.0,1,1,2,112,4,Low-value,1,Hibernating,10
16626,1,17,2690,United Kingdom,4413.1,4379.65,33.45000000000073,0.0076,5,5,5,555,15,High-value,3,Champions,1
16627,79,1,162,United Kingdom,322.8,322.8,0.0,0.0,2,1,2,212,5,Mid-value,2,Hibernating,10
16628,30,5,1205,United Kingdom,2188.05,2183.04,5.010000000000218,0.0023,4,4,5,445,13,High-value,3,Loyal Customers,2
16629,74,2,489,United Kingdom,408.63,408.63,0.0,0.0,2,2,2,222,6,Mid-value,2,Hibernating,10
16633,17,6,1138,United Kingdom,2883.1,2878.15,4.949999999999818,0.0017,4,4,5,445,13,High-value,3,Loyal Customers,2
16634,223,2,82,United Kingdom,217.9,217.9,0.0,0.0,1,2,1,121,4,Low-value,1,Hibernating,10
16637,32,4,927,United Kingdom,1154.47,1124.59,29.88000000000011,0.0259,4,4,4,444,12,High-value,3,Loyal Customers,2
16638,23,10,1255,United Kingdom,1680.72,1676.47,4.25,0.0025,4,5,4,454,13,High-value,3,Loyal Customers,2
16639,31,3,510,United Kingdom,1257.51,1169.38,88.12999999999988,0.0701,4,3,4,434,11,High-value,3,Potential Champions,3
16641,106,1,256,United Kingdom,231.1,231.1,0.0,0.0,2,1,1,211,4,Low-value,1,Hibernating,10
16642,5,2,479,United Kingdom,688.33,679.83,8.5,0.0123,5,2,3,523,10,High-value,3,Potential Champions,3
16643,246,1,269,United Kingdom,487.51,487.51,0.0,0.0,1,1,3,113,5,Mid-value,2,Hibernating,10
16644,178,2,826,United Kingdom,833.78,833.78,0.0,0.0,2,2,3,223,7,Mid-value,2,Hibernating,10
16647,170,2,146,United Kingdom,214.06,214.06,0.0,0.0,2,2,1,221,5,Mid-value,2,Hibernating,10
16648,43,1,281,United Kingdom,290.66,270.86,19.80000000000001,0.0681,3,1,2,312,6,Mid-value,2,About to Sleep,7
16650,72,1,372,United Kingdom,518.42,518.42,0.0,0.0,3,1,3,313,7,Mid-value,2,Hibernating,10
16652,59,7,3283,United Kingdom,6773.97,6654.26,119.71000000000004,0.0177,3,5,5,355,13,High-value,3,Loyal Customers,2
16653,16,2,733,United Kingdom,1212.66,1166.92,45.74000000000001,0.0377,4,2,4,424,10,High-value,3,Potential Champions,3
16654,141,4,282,United Kingdom,601.27,594.97,6.2999999999999545,0.0105,2,4,3,243,9,Mid-value,2,At Risk,8
16655,18,6,2363,United Kingdom,3789.52,3789.52,0.0,0.0,4,4,5,445,13,High-value,3,Loyal Customers,2
16656,22,15,8894,United Kingdom,8625.8,8568.24,57.55999999999949,0.0067,4,5,5,455,14,High-value,3,Loyal Customers,2
16657,10,4,1130,United Kingdom,874.43,874.43,0.0,0.0,5,4,3,543,12,High-value,3,Potential Champions,3
16658,368,1,40,United Kingdom,123.24,123.24,0.0,0.0,1,1,1,111,3,Low-value,1,Hibernating,10
16659,189,1,72,United Kingdom,39.12,39.12,0.0,0.0,1,1,1,111,3,Low-value,1,Hibernating,10
16660,16,4,571,United Kingdom,1267.65,810.45,457.20000000000005,0.3607,4,4,3,443,11,High-value,3,Potential Champions,3
16665,362,1,59,United Kingdom,135.4,135.4,0.0,0.0,1,1,1,111,3,Low-value,1,Hibernating,10
16666,19,1,233,United Kingdom,118.98,118.98,0.0,0.0,4,1,1,411,6,Mid-value,2,Promising,5
16667,68,2,236,United Kingdom,567.1800000000001,567.1800000000001,0.0,0.0,3,2,3,323,8,Mid-value,2,Hibernating,10
16668,15,6,318,United Kingdom,306.72,306.72,0.0,0.0,4,4,2,442,10,High-value,3,Potential Champions,3
16669,24,3,881,United Kingdom,1348.88,1344.88,4.0,0.003,4,3,4,434,11,High-value,3,Potential Champions,3
16670,17,11,2556,United Kingdom,4095.9,4022.46,73.44000000000005,0.0179,4,5,5,455,14,High-value,3,Loyal Customers,2
16671,28,3,875,United Kingdom,1692.27,1692.27,0.0,0.0,4,3,4,434,11,High-value,3,Potential Champions,3
16672,2,20,2832,United Kingdom,8134.9400000000005,8093.59,41.350000000000364,0.0051,5,5,5,555,15,High-value,3,Champions,1
16674,55,2,181,United Kingdom,304.24,304.24,0.0,0.0,3,2,2,322,7,Mid-value,2,About to Sleep,7
16676,34,4,636,United Kingdom,1592.12,1558.72,33.399999999999864,0.021,3,4,4,344,11,High-value,3,Loyal Customers,2
16678,3,12,2397,United Kingdom,3109.99,3013.83,96.15999999999985,0.0309,5,5,5,555,15,High-value,3,Champions,1
16679,366,1,29,United Kingdom,129.75,129.75,0.0,0.0,1,1,1,111,3,Low-value,1,Hibernating,10
16680,43,1,94,United Kingdom,183.7,183.7,0.0,0.0,3,1,1,311,5,Mid-value,2,About to Sleep,7
16681,73,6,1407,United Kingdom,1770.3400000000001,1770.3400000000001,0.0,0.0,2,4,4,244,10,High-value,3,Do Not Lose,9
16682,5,5,1040,United Kingdom,1028.0,1028.0,0.0,0.0,5,4,4,544,13,High-value,3,Champions,1
16684,4,28,50255,United Kingdom,66653.56,65892.08,761.4799999999959,0.0114,5,5,5,555,15,High-value,3,Champions,1
16685,61,2,396,United Kingdom,324.24,324.24,0.0,0.0,3,2,2,322,7,Mid-value,2,About to Sleep,7
16686,47,7,1977,United Kingdom,2959.88,2940.53,19.34999999999991,0.0065,3,5,5,355,13,High-value,3,Loyal Customers,2
16688,1,4,804,United Kingdom,1260.8600000000001,1260.8600000000001,0.0,0.0,5,4,4,544,13,High-value,3,Champions,1
16689,76,2,330,United Kingdom,422.6,303.26,119.34000000000003,0.2824,2,2,2,222,6,Mid-value,2,Hibernating,10
16690,72,2,138,United Kingdom,225.58,208.63,16.950000000000017,0.0751,3,2,1,321,6,Mid-value,2,About to Sleep,7
16692,256,2,152,United Kingdom,1276.0,1276.0,0.0,0.0,1,2,4,124,7,Mid-value,2,Hibernating,10
16693,69,2,203,United Kingdom,477.86,477.86,0.0,0.0,3,2,3,323,8,Mid-value,2,Hibernating,10
16696,135,4,146,United Kingdom,657.9,657.9,0.0,0.0,2,4,3,243,9,Mid-value,2,At Risk,8
16697,241,1,27,United Kingdom,112.75,112.75,0.0,0.0,1,1,1,111,3,Low-value,1,Hibernating,10
16698,227,2,840,United Kingdom,1998.0,1998.0,0.0,0.0,1,2,4,124,7,Mid-value,2,Hibernating,10
16700,9,13,4024,United Kingdom,5076.55,5040.0,36.55000000000018,0.0072,5,5,5,555,15,High-value,3,Champions,1
16701,9,13,6393,United Kingdom,5398.3,5150.2699999999995,248.03000000000065,0.0459,5,5,5,555,15,High-value,3,Champions,1
16705,1,20,5476,United Kingdom,14034.99,13946.130000000001,88.85999999999876,0.0063,5,5,5,555,15,High-value,3,Champions,1
16706,37,3,249,United Kingdom,531.35,531.35,0.0,0.0,3,3,3,333,9,Mid-value,2,Need Attention,6
16708,46,1,285,United Kingdom,656.63,656.63,0.0,0.0,3,1,3,313,7,Mid-value,2,Hibernating,10
16709,85,5,851,United Kingdom,3029.87,3029.87,0.0,0.0,2,4,5,245,11,High-value,3,Do Not Lose,9
16710,19,10,1823,United Kingdom,2467.9900000000002,2467.9900000000002,0.0,0.0,4,5,5,455,14,High-value,3,Loyal Customers,2
16711,3,5,833,United Kingdom,1651.03,1651.03,0.0,0.0,5,4,4,544,13,High-value,3,Champions,1
16712,9,11,1730,United Kingdom,3611.31,3611.31,0.0,0.0,5,5,5,555,15,High-value,3,Champions,1
16713,19,15,4271,United Kingdom,6910.78,6827.88,82.89999999999964,0.012,4,5,5,455,14,High-value,3,Loyal Customers,2
16714,219,3,589,United Kingdom,1129.06,879.0600000000001,249.9999999999999,0.2214,1,3,3,133,7,Mid-value,2,At Risk,8
16715,78,1,642,United Kingdom,301.71999999999997,301.71999999999997,0.0,0.0,2,1,2,212,5,Mid-value,2,Hibernating,10
16716,267,2,120,United Kingdom,901.2,319.8000000000001,581.3999999999999,0.6451,1,2,2,122,5,Mid-value,2,Hibernating,10
16717,24,6,1860,United Kingdom,3843.08,3263.06,580.02,0.1509,4,4,5,445,13,High-value,3,Loyal Customers,2
16718,369,1,407,United Kingdom,606.0500000000001,606.0500000000001,0.0,0.0,1,1,3,113,5,Mid-value,2,Hibernating,10
16719,15,7,1175,United Kingdom,1770.22,1753.72,16.5,0.0093,4,5,4,454,13,High-value,3,Loyal Customers,2
16720,26,1,180,United Kingdom,152.95,152.95,0.0,0.0,4,1,1,411,6,Mid-value,2,Promising,5
16721,262,1,172,United Kingdom,292.47,292.47,0.0,0.0,1,1,2,112,4,Low-value,1,Hibernating,10
16722,17,13,5001,United Kingdom,4730.81,4711.21,19.600000000000364,0.0041,4,5,5,455,14,High-value,3,Loyal Customers,2
16723,91,2,398,United Kingdom,576.4,576.4,0.0,0.0,2,2,3,223,7,Mid-value,2,Hibernating,10
16725,302,7,288,United Kingdom,758.27,752.32,5.949999999999932,0.0078,1,5,3,153,9,Mid-value,2,At Risk,8
16726,26,5,945,United Kingdom,1358.74,1358.74,0.0,0.0,4,4,4,444,12,High-value,3,Loyal Customers,2
16727,364,1,167,United Kingdom,256.32,256.32,0.0,0.0,1,1,2,112,4,Low-value,1,Hibernating,10
16728,46,4,671,United Kingdom,1048.28,1048.28,0.0,0.0,3,4,4,344,11,High-value,3,Loyal Customers,2
16729,38,21,5722,United Kingdom,7205.33,7041.69,163.64000000000033,0.0227,3,5,5,355,13,High-value,3,Loyal Customers,2
16730,52,3,994,United Kingdom,743.11,702.79,40.32000000000005,0.0543,3,3,3,333,9,Mid-value,2,Need Attention,6
16732,32,1,317,United Kingdom,603.75,603.75,0.0,0.0,4,1,3,413,8,Mid-value,2,Hibernating,10
16734,52,3,345,United Kingdom,646.76,646.76,0.0,0.0,3,3,3,333,9,Mid-value,2,Need Attention,6
16735,79,5,1532,United Kingdom,2247.41,2216.06,31.34999999999991,0.0139,2,4,5,245,11,High-value,3,Do Not Lose,9
16737,53,1,288,United Kingdom,417.6,417.6,0.0,0.0,3,1,2,312,6,Mid-value,2,About to Sleep,7
16738,298,1,3,United Kingdom,3.75,3.75,0.0,0.0,1,1,1,111,3,Low-value,1,Hibernating,10
16739,177,1,172,United Kingdom,323.0,312.55,10.449999999999989,0.0324,2,1,2,212,5,Mid-value,2,Hibernating,10
16742,47,1,1,United Kingdom,464.9,0.0,464.9,1.0,3,1,1,311,5,Mid-value,2,About to Sleep,7
16743,29,7,2035,United Kingdom,2213.13,2166.88,46.25,0.0209,4,5,5,455,14,High-value,3,Loyal Customers,2
16744,11,7,798,United Kingdom,1291.91,1291.91,0.0,0.0,5,5,4,554,14,High-value,3,Champions,1
16745,87,17,6719,United Kingdom,7180.7,7157.1,23.599999999999454,0.0033,2,5,5,255,12,High-value,3,Do Not Lose,9
16746,5,18,4660,United Kingdom,6680.11,6676.76,3.3499999999994543,0.0005,5,5,5,555,15,High-value,3,Champions,1
16747,38,2,583,United Kingdom,836.0600000000001,826.96,9.100000000000023,0.0109,3,2,3,323,8,Mid-value,2,Hibernating,10
16748,18,5,880,United Kingdom,1515.9,1515.9,0.0,0.0,4,4,4,444,12,High-value,3,Loyal Customers,2
16750,45,5,214,United Kingdom,623.93,623.93,0.0,0.0,3,4,3,343,10,High-value,3,Need Attention,6
16751,31,1,1031,United Kingdom,1764.72,1764.72,0.0,0.0,4,1,4,414,9,Mid-value,2,Hibernating,10
16752,373,1,54,United Kingdom,207.5,207.5,0.0,0.0,1,1,1,111,3,Low-value,1,Hibernating,10
16753,58,1,189,United Kingdom,223.92000000000002,223.92000000000002,0.0,0.0,3,1,1,311,5,Mid-value,2,About to Sleep,7
16754,372,1,4280,United Kingdom,2002.4,2002.4,0.0,0.0,1,1,4,114,6,Mid-value,2,Hibernating,10
16755,114,3,1058,United Kingdom,1475.43,1463.23,12.200000000000045,0.0083,2,3,4,234,9,Mid-value,2,At Risk,8
16756,215,1,106,United Kingdom,239.4,239.4,0.0,0.0,1,1,1,111,3,Low-value,1,Hibernating,10
16757,319,1,81,United Kingdom,106.83000000000001,106.83000000000001,0.0,0.0,1,1,1,111,3,Low-value,1,Hibernating,10
16758,65,1,203,United Kingdom,369.34000000000003,369.34000000000003,0.0,0.0,3,1,2,312,6,Mid-value,2,About to Sleep,7
16759,8,3,609,United Kingdom,789.79,772.84,16.949999999999932,0.0215,5,3,3,533,11,High-value,3,Potential Champions,3
16761,97,1,341,United Kingdom,316.62,316.62,0.0,0.0,2,1,2,212,5,Mid-value,2,Hibernating,10
16762,20,3,480,United Kingdom,1207.24,1207.24,0.0,0.0,4,3,4,434,11,High-value,3,Potential Champions,3
16763,199,1,319,United Kingdom,611.8499999999999,594.9,16.949999999999932,0.0277,1,1,3,113,5,Mid-value,2,Hibernating,10
16764,4,13,1253,United Kingdom,2790.9500000000003,2749.9500000000003,41.0,0.0147,5,5,5,555,15,High-value,3,Champions,1
16765,294,1,4,United Kingdom,34.0,34.0,0.0,0.0,1,1,1,111,3,Low-value,1,Hibernating,10
16766,273,2,536,United Kingdom,1145.6,1145.6,0.0,0.0,1,2,4,124,7,Mid-value,2,Hibernating,10
16767,31,11,4423,United Kingdom,5575.56,5575.56,0.0,0.0,4,5,5,455,14,High-value,3,Loyal Customers,2
16768,48,3,196,United Kingdom,478.09000000000003,458.04,20.05000000000001,0.0419,3,3,2,332,8,Mid-value,2,Hibernating,10
16769,260,1,80,United Kingdom,361.54,361.54,0.0,0.0,1,1,2,112,4,Low-value,1,Hibernating,10
16770,58,5,456,United Kingdom,757.1,731.9,25.200000000000045,0.0333,3,4,3,343,10,High-value,3,Need Attention,6
16771,33,5,1487,United Kingdom,2242.61,2242.61,0.0,0.0,4,4,5,445,13,High-value,3,Loyal Customers,2
16773,57,1,171,United Kingdom,171.59,171.59,0.0,0.0,3,1,1,311,5,Mid-value,2,About to Sleep,7
16774,68,4,322,United Kingdom,661.52,654.92,6.600000000000023,0.01,3,4,3,343,10,High-value,3,Need Attention,6
16775,10,11,439,United Kingdom,1691.51,1691.51,0.0,0.0,5,5,4,554,14,High-value,3,Champions,1
16776,60,1,254,United Kingdom,371.54,371.54,0.0,0.0,3,1,2,312,6,Mid-value,2,About to Sleep,7
16777,80,2,62,United Kingdom,222.62,222.62,0.0,0.0,2,2,1,221,5,Mid-value,2,Hibernating,10
16778,74,2,194,United Kingdom,245.94,245.94,0.0,0.0,2,2,2,222,6,Mid-value,2,Hibernating,10
16779,2,22,5301,United Kingdom,10611.72,10436.05,175.67000000000007,0.0166,5,5,5,555,15,High-value,3,Champions,1
16780,100,2,270,United Kingdom,422.24,422.24,0.0,0.0,2,2,2,222,6,Mid-value,2,Hibernating,10
16781,372,1,113,United Kingdom,311.25,294.65000000000003,16.599999999999966,0.0533,1,1,2,112,4,Low-value,1,Hibernating,10
16782,10,13,705,United Kingdom,2267.9500000000003,2230.3,37.65000000000009,0.0166,5,5,5,555,15,High-value,3,Champions,1
16784,20,1,24,United Kingdom,107.6,107.6,0.0,0.0,4,1,1,411,6,Mid-value,2,Promising,5
16788,123,2,304,United Kingdom,594.39,594.39,0.0,0.0,2,2,3,223,7,Mid-value,2,Hibernating,10
16789,8,1,32,United Kingdom,80.80000000000001,80.80000000000001,0.0,0.0,5,1,1,511,7,Mid-value,2,New Customers,4
16790,4,6,898,United Kingdom,1545.6200000000001,1520.1200000000001,25.5,0.0165,5,4,4,544,13,High-value,3,Champions,1
16791,29,7,757,United Kingdom,1705.78,1690.28,15.5,0.0091,4,5,4,454,13,High-value,3,Loyal Customers,2
16792,282,2,44,United Kingdom,110.38,110.38,0.0,0.0,1,2,1,121,4,Low-value,1,Hibernating,10
16793,57,1,146,United Kingdom,243.84,243.84,0.0,0.0,3,1,2,312,6,Mid-value,2,About to Sleep,7
16794,1,10,923,United Kingdom,1196.5,1175.3,21.200000000000045,0.0177,5,5,4,554,14,High-value,3,Champions,1
16795,365,1,239,United Kingdom,414.88,414.88,0.0,0.0,1,1,2,112,4,Low-value,1,Hibernating,10
16796,89,1,186,United Kingdom,305.62,305.62,0.0,0.0,2,1,2,212,5,Mid-value,2,Hibernating,10
16800,11,1,524,United Kingdom,1162.65,1162.65,0.0,0.0,5,1,4,514,10,High-value,3,Hibernating,10
16801,163,4,493,United Kingdom,1594.23,842.3299999999999,751.9000000000001,0.4716,2,4,3,243,9,Mid-value,2,At Risk,8
16803,65,1,245,United Kingdom,332.3,332.3,0.0,0.0,3,1,2,312,6,Mid-value,2,About to Sleep,7
16804,23,3,246,United Kingdom,536.99,536.99,0.0,0.0,4,3,3,433,10,High-value,3,Potential Champions,3
16805,174,2,539,United Kingdom,460.59000000000003,460.59000000000003,0.0,0.0,2,2,2,222,6,Mid-value,2,Hibernating,10
16806,103,4,356,United Kingdom,762.16,762.16,0.0,0.0,2,4,3,243,9,Mid-value,2,At Risk,8
16807,143,3,778,United Kingdom,1121.59,1121.59,0.0,0.0,2,3,4,234,9,Mid-value,2,At Risk,8
16808,99,2,196,United Kingdom,288.42,288.42,0.0,0.0,2,2,2,222,6,Mid-value,2,Hibernating,10
16809,23,5,652,United Kingdom,914.69,912.74,1.9500000000000455,0.0021,4,4,3,443,11,High-value,3,Potential Champions,3
16810,192,1,114,United Kingdom,309.54,275.64,33.900000000000034,0.1095,1,1,2,112,4,Low-value,1,Hibernating,10
16811,5,2,477,United Kingdom,547.07,547.07,0.0,0.0,5,2,3,523,10,High-value,3,Potential Champions,3
16812,361,1,81,United Kingdom,479.35,479.35,0.0,0.0,1,1,3,113,5,Mid-value,2,Hibernating,10
16813,8,10,1501,United Kingdom,1652.18,1652.18,0.0,0.0,5,5,4,554,14,High-value,3,Champions,1
16814,14,21,2697,United Kingdom,6416.7,6408.2,8.5,0.0013,4,5,5,455,14,High-value,3,Loyal Customers,2
16816,103,4,274,United Kingdom,417.06,417.06,0.0,0.0,2,4,2,242,8,Mid-value,2,Hibernating,10
16817,3,9,822,United Kingdom,1604.75,1446.95,157.79999999999995,0.0983,5,5,4,554,14,High-value,3,Champions,1
16818,11,11,2165,United Kingdom,3349.57,3317.9700000000003,31.59999999999991,0.0094,5,5,5,555,15,High-value,3,Champions,1
16820,96,1,307,United Kingdom,497.61,497.61,0.0,0.0,2,1,3,213,6,Mid-value,2,Hibernating,10
16823,227,1,136,United Kingdom,358.38,358.38,0.0,0.0,1,1,2,112,4,Low-value,1,Hibernating,10
16824,16,2,236,United Kingdom,460.64,460.64,0.0,0.0,4,2,2,422,8,Mid-value,2,Potential Champions,3
16825,39,2,566,United Kingdom,775.18,775.18,0.0,0.0,3,2,3,323,8,Mid-value,2,Hibernating,10
16826,51,1,158,United Kingdom,341.7,341.7,0.0,0.0,3,1,2,312,6,Mid-value,2,About to Sleep,7
16828,93,2,59,United Kingdom,128.5,128.5,0.0,0.0,2,2,1,221,5,Mid-value,2,Hibernating,10
16829,157,1,99,United Kingdom,197.22,197.22,0.0,0.0,2,1,1,211,4,Low-value,1,Hibernating,10
16830,39,1,264,United Kingdom,325.91,325.91,0.0,0.0,3,1,2,312,6,Mid-value,2,About to Sleep,7
16832,184,3,33,United Kingdom,199.15,199.15,0.0,0.0,1,3,1,131,5,Mid-value,2,Hibernating,10
16833,1,4,440,United Kingdom,1106.53,1106.53,0.0,0.0,5,4,4,544,13,High-value,3,Champions,1
16834,228,1,358,United Kingdom,413.46,413.46,0.0,0.0,1,1,2,112,4,Low-value,1,Hibernating,10
16835,128,2,61,United Kingdom,180.85,180.85,0.0,0.0,2,2,1,221,5,Mid-value,2,Hibernating,10
16836,40,2,165,United Kingdom,251.87,251.87,0.0,0.0,3,2,2,322,7,Mid-value,2,About to Sleep,7
16837,31,11,1563,United Kingdom,3170.98,3167.73,3.25,0.001,4,5,5,455,14,High-value,3,Loyal Customers,2
16838,197,2,185,United Kingdom,588.85,582.9,5.9500000000000455,0.0101,1,2,3,123,6,Mid-value,2,Hibernating,10
16839,9,34,8975,United Kingdom,16594.35,15357.78,1236.569999999998,0.0745,5,5,5,555,15,High-value,3,Champions,1
16841,37,6,2250,United Kingdom,1869.82,1774.62,95.20000000000005,0.0509,3,4,4,344,11,High-value,3,Loyal Customers,2
16842,101,3,693,United Kingdom,1264.19,1260.44,3.75,0.003,2,3,4,234,9,Mid-value,2,At Risk,8
16843,43,16,10159,United Kingdom,10196.57,10183.82,12.75,0.0013,3,5,5,355,13,High-value,3,Loyal Customers,2
16846,50,1,135,United Kingdom,214.32,214.32,0.0,0.0,3,1,1,311,5,Mid-value,2,About to Sleep,7
16847,43,1,78,United Kingdom,193.44,193.44,0.0,0.0,3,1,1,311,5,Mid-value,2,About to Sleep,7
16848,53,1,182,United Kingdom,281.42,281.42,0.0,0.0,3,1,2,312,6,Mid-value,2,About to Sleep,7
16849,187,1,33,United Kingdom,124.57,124.57,0.0,0.0,1,1,1,111,3,Low-value,1,Hibernating,10
16850,334,1,249,United Kingdom,332.41,332.41,0.0,0.0,1,1,2,112,4,Low-value,1,Hibernating,10
16851,4,3,271,United Kingdom,342.45,342.45,0.0,0.0,5,3,2,532,10,High-value,3,Potential Champions,3
16852,10,2,56,United Kingdom,144.91,144.91,0.0,0.0,5,2,1,521,8,Mid-value,2,New Customers,4
16855,24,2,164,United Kingdom,328.40000000000003,328.40000000000003,0.0,0.0,4,2,2,422,8,Mid-value,2,Potential Champions,3
16856,15,1,12,United Kingdom,35.400000000000006,35.400000000000006,0.0,0.0,4,1,1,411,6,Mid-value,2,Promising,5
16858,369,1,91,United Kingdom,375.69000000000005,345.89000000000004,29.80000000000001,0.0793,1,1,2,112,4,Low-value,1,Hibernating,10
16859,145,2,827,United Kingdom,747.81,473.14,274.66999999999996,0.3673,2,2,3,223,7,Mid-value,2,Hibernating,10
16861,60,2,140,United Kingdom,173.76,151.65,22.109999999999985,0.1272,3,2,1,321,6,Mid-value,2,About to Sleep,7
16863,31,2,409,United Kingdom,502.8,481.35,21.44999999999999,0.0427,4,2,3,423,9,Mid-value,2,Potential Champions,3
16866,141,3,60,United Kingdom,207.74,207.74,0.0,0.0,2,3,1,231,6,Mid-value,2,Hibernating,10
16869,23,4,583,United Kingdom,817.12,797.32,19.799999999999955,0.0242,4,4,3,443,11,High-value,3,Potential Champions,3
16871,22,6,1253,United Kingdom,2812.34,2761.4900000000002,50.84999999999991,0.0181,4,4,5,445,13,High-value,3,Loyal Customers,2
16872,77,3,600,United Kingdom,680.02,680.02,0.0,0.0,2,3,3,233,8,Mid-value,2,At Risk,8
16873,5,6,3840,United Kingdom,7123.62,7066.31,57.30999999999949,0.008,5,4,5,545,14,High-value,3,Champions,1
16875,67,5,1069,United Kingdom,2095.53,2023.47,72.06000000000017,0.0344,3,4,5,345,12,High-value,3,Loyal Customers,2
16877,12,6,458,United Kingdom,846.62,846.62,0.0,0.0,5,4,3,543,12,High-value,3,Potential Champions,3
16878,84,1,12,United Kingdom,13.3,0.0,13.3,1.0,2,1,1,211,4,Low-value,1,Hibernating,10
16880,31,7,746,United Kingdom,1491.43,1491.43,0.0,0.0,4,5,4,454,13,High-value,3,Loyal Customers,2
16881,67,1,600,United Kingdom,432.0,432.0,0.0,0.0,3,1,2,312,6,Mid-value,2,About to Sleep,7
16882,67,3,424,United Kingdom,705.12,705.12,0.0,0.0,3,3,3,333,9,Mid-value,2,Need Attention,6
16883,187,2,103,United Kingdom,272.48,272.48,0.0,0.0,1,2,2,122,5,Mid-value,2,Hibernating,10
16884,38,2,320,United Kingdom,429.84,429.84,0.0,0.0,3,2,2,322,7,Mid-value,2,About to Sleep,7
16885,15,3,178,United Kingdom,450.41,450.41,0.0,0.0,4,3,2,432,9,Mid-value,2,Potential Champions,3
16887,35,1,156,United Kingdom,192.32999999999998,192.32999999999998,0.0,0.0,3,1,1,311,5,Mid-value,2,About to Sleep,7
16889,195,3,925,United Kingdom,1578.67,1578.67,0.0,0.0,1,3,4,134,8,Mid-value,2,At Risk,8
16891,2,5,265,United Kingdom,742.43,742.43,0.0,0.0,5,4,3,543,12,High-value,3,Potential Champions,3
16892,1,5,236,United Kingdom,518.19,489.49,28.700000000000045,0.0554,5,4,3,543,12,High-value,3,Potential Champions,3
16893,367,1,62,United Kingdom,145.93,145.93,0.0,0.0,1,1,1,111,3,Low-value,1,Hibernating,10
16895,65,1,91,United Kingdom,202.27,202.27,0.0,0.0,3,1,1,311,5,Mid-value,2,About to Sleep,7
16897,299,2,73,United Kingdom,289.78,213.03,76.74999999999997,0.2649,1,2,1,121,4,Low-value,1,Hibernating,10
16898,26,3,412,United Kingdom,501.03000000000003,436.68,64.35000000000002,0.1284,4,3,2,432,9,Mid-value,2,Potential Champions,3
16899,8,6,520,United Kingdom,1271.06,1271.06,0.0,0.0,5,4,4,544,13,High-value,3,Champions,1
16900,17,3,833,United Kingdom,887.11,187.69,699.4200000000001,0.7884,4,3,1,431,8,Mid-value,2,Hibernating,10
16902,116,1,629,United Kingdom,1706.88,1706.88,0.0,0.0,2,1,4,214,7,Mid-value,2,Hibernating,10
16903,29,1,247,United Kingdom,363.2,363.2,0.0,0.0,4,1,2,412,7,Mid-value,2,Promising,5
16904,4,16,1984,United Kingdom,3653.75,3653.75,0.0,0.0,5,5,5,555,15,High-value,3,Champions,1
16905,5,7,1381,United Kingdom,3037.6,3020.65,16.949999999999818,0.0056,5,5,5,555,15,High-value,3,Champions,1
16906,82,4,263,United Kingdom,559.59,559.59,0.0,0.0,2,4,3,243,9,Mid-value,2,At Risk,8
16907,29,5,286,United Kingdom,928.76,928.76,0.0,0.0,4,4,4,444,12,High-value,3,Loyal Customers,2
16909,72,1,436,United Kingdom,379.14,364.14,15.0,0.0396,3,1,2,312,6,Mid-value,2,About to Sleep,7
16910,4,8,884,United Kingdom,1508.96,1508.96,0.0,0.0,5,5,4,554,14,High-value,3,Champions,1
16912,29,11,1025,United Kingdom,2555.58,2508.87,46.710000000000036,0.0183,4,5,5,455,14,High-value,3,Loyal Customers,2
16913,290,1,82,United Kingdom,113.44,113.44,0.0,0.0,1,1,1,111,3,Low-value,1,Hibernating,10
16914,36,1,112,United Kingdom,183.76,183.76,0.0,0.0,3,1,1,311,5,Mid-value,2,About to Sleep,7
16915,9,6,132,United Kingdom,621.6800000000001,621.6800000000001,0.0,0.0,5,4,3,543,12,High-value,3,Potential Champions,3
16916,24,2,431,United Kingdom,562.41,562.41,0.0,0.0,4,2,3,423,9,Mid-value,2,Potential Champions,3
16917,277,1,232,United Kingdom,391.52,391.52,0.0,0.0,1,1,2,112,4,Low-value,1,Hibernating,10
16918,50,6,721,United Kingdom,1068.82,1043.34,25.480000000000018,0.0238,3,4,4,344,11,High-value,3,Loyal Customers,2
16919,156,11,1403,United Kingdom,2592.25,2592.25,0.0,0.0,2,5,5,255,12,High-value,3,Do Not Lose,9
16921,61,1,154,United Kingdom,154.18,154.18,0.0,0.0,3,1,1,311,5,Mid-value,2,About to Sleep,7
16923,12,19,3344,United Kingdom,7069.08,6488.3,580.7799999999997,0.0822,5,5,5,555,15,High-value,3,Champions,1
16924,21,3,467,United Kingdom,829.89,722.64,107.25,0.1292,4,3,3,433,10,High-value,3,Potential Champions,3
16926,371,1,35,United Kingdom,230.25,230.25,0.0,0.0,1,1,1,111,3,Low-value,1,Hibernating,10
16927,116,3,993,United Kingdom,543.05,543.05,0.0,0.0,2,3,3,233,8,Mid-value,2,At Risk,8
16928,80,17,2092,United Kingdom,2814.7,2748.6,66.09999999999991,0.0235,2,5,5,255,12,High-value,3,Do Not Lose,9
16929,4,7,929,United Kingdom,1295.39,1295.39,0.0,0.0,5,5,4,554,14,High-value,3,Champions,1
16930,26,3,339,United Kingdom,378.89,378.89,0.0,0.0,4,3,2,432,9,Mid-value,2,Potential Champions,3
16931,5,21,3134,United Kingdom,4554.87,4554.87,0.0,0.0,5,5,5,555,15,High-value,3,Champions,1
16932,53,1,82,United Kingdom,150.23000000000002,150.23000000000002,0.0,0.0,3,1,1,311,5,Mid-value,2,About to Sleep,7
16933,1,2,288,United Kingdom,563.23,530.08,33.14999999999998,0.0589,5,2,3,523,10,High-value,3,Potential Champions,3
16934,55,2,397,United Kingdom,931.03,931.03,0.0,0.0,3,2,4,324,9,Mid-value,2,Hibernating,10
16936,26,1,171,United Kingdom,261.9,261.9,0.0,0.0,4,1,2,412,7,Mid-value,2,Promising,5
16938,9,4,2533,United Kingdom,2711.6800000000003,1878.43,833.2500000000002,0.3073,5,4,4,544,13,High-value,3,Champions,1
16940,52,3,2169,United Kingdom,3049.88,3049.88,0.0,0.0,3,3,5,335,11,High-value,3,Need Attention,6
16942,13,9,805,United Kingdom,1904.99,1878.51,26.480000000000018,0.0139,5,5,4,554,14,High-value,3,Champions,1
16943,212,3,145,United Kingdom,816.73,816.73,0.0,0.0,1,3,3,133,7,Mid-value,2,At Risk,8
16945,22,19,2725,United Kingdom,4345.5,4345.5,0.0,0.0,4,5,5,455,14,High-value,3,Loyal Customers,2
16947,236,1,312,United Kingdom,406.48,406.48,0.0,0.0,1,1,2,112,4,Low-value,1,Hibernating,10
16948,139,3,1614,United Kingdom,435.02,435.02,0.0,0.0,2,3,2,232,7,Mid-value,2,Hibernating,10
16949,4,6,791,United Kingdom,1286.27,1161.27,125.0,0.0972,5,4,4,544,13,High-value,3,Champions,1
16950,57,3,644,United Kingdom,1178.56,1178.56,0.0,0.0,3,3,4,334,10,High-value,3,Need Attention,6
16951,135,3,1318,United Kingdom,1277.75,1262.75,15.0,0.0117,2,3,4,234,9,Mid-value,2,At Risk,8
16952,109,2,92,United Kingdom,167.61,167.61,0.0,0.0,2,2,1,221,5,Mid-value,2,Hibernating,10
16953,30,1,10,United Kingdom,20.8,20.8,0.0,0.0,4,1,1,411,6,Mid-value,2,Promising,5
16954,1,9,1054,United Kingdom,2085.08,2085.08,0.0,0.0,5,5,5,555,15,High-value,3,Champions,1
16955,185,4,266,United Kingdom,518.67,493.67,24.999999999999943,0.0482,1,4,3,143,8,Mid-value,2,At Risk,8
16956,18,1,114,United Kingdom,308.74,292.34,16.400000000000034,0.0531,4,1,2,412,7,Mid-value,2,Promising,5
16957,239,2,172,United Kingdom,416.64,416.64,0.0,0.0,1,2,2,122,5,Mid-value,2,Hibernating,10
16959,87,1,49,United Kingdom,117.35000000000001,117.35000000000001,0.0,0.0,2,1,1,211,4,Low-value,1,Hibernating,10
16960,39,3,304,United Kingdom,507.05,507.05,0.0,0.0,3,3,3,333,9,Mid-value,2,Need Attention,6
16961,116,1,125,United Kingdom,234.17000000000002,234.17000000000002,0.0,0.0,2,1,1,211,4,Low-value,1,Hibernating,10
16963,187,1,35,United Kingdom,110.55000000000001,110.55000000000001,0.0,0.0,1,1,1,111,3,Low-value,1,Hibernating,10
16965,227,1,291,United Kingdom,201.19,201.19,0.0,0.0,1,1,1,111,3,Low-value,1,Hibernating,10
16966,8,7,1981,United Kingdom,2154.97,2148.47,6.5,0.003,5,5,5,555,15,High-value,3,Champions,1
16967,189,1,333,United Kingdom,319.02,319.02,0.0,0.0,1,1,2,112,4,Low-value,1,Hibernating,10
16968,4,2,326,United Kingdom,439.43,439.43,0.0,0.0,5,2,2,522,9,Mid-value,2,Potential Champions,3
16969,39,3,816,United Kingdom,650.41,650.41,0.0,0.0,3,3,3,333,9,Mid-value,2,Need Attention,6
16971,38,1,72,United Kingdom,357.21,232.20999999999998,125.0,0.3499,3,1,1,311,5,Mid-value,2,About to Sleep,7
16976,267,1,88,United Kingdom,251.51999999999998,251.51999999999998,0.0,0.0,1,1,2,112,4,Low-value,1,Hibernating,10
16978,78,1,166,United Kingdom,344.33,344.33,0.0,0.0,2,1,2,212,5,Mid-value,2,Hibernating,10
16979,4,6,865,United Kingdom,1852.0,1809.05,42.950000000000045,0.0232,5,4,4,544,13,High-value,3,Champions,1
16980,255,2,739,United Kingdom,1028.46,1028.46,0.0,0.0,1,2,4,124,7,Mid-value,2,Hibernating,10
16982,61,1,182,United Kingdom,384.06,384.06,0.0,0.0,3,1,2,312,6,Mid-value,2,About to Sleep,7
16983,13,7,1335,United Kingdom,1905.87,1894.82,11.049999999999955,0.0058,5,5,4,554,14,High-value,3,Champions,1
16984,88,2,2380,United Kingdom,4459.52,4370.59,88.93000000000029,0.0199,2,2,5,225,9,Mid-value,2,Hibernating,10
16985,17,10,1832,United Kingdom,5464.12,5461.62,2.5,0.0005,4,5,5,455,14,High-value,3,Loyal Customers,2
16986,30,2,1040,United Kingdom,1873.2,1873.2,0.0,0.0,4,2,4,424,10,High-value,3,Potential Champions,3
16987,3,7,401,United Kingdom,1616.8,1616.8,0.0,0.0,5,5,4,554,14,High-value,3,Champions,1
16988,5,1,43,United Kingdom,126.12,126.12,0.0,0.0,5,1,1,511,7,Mid-value,2,New Customers,4
16989,7,6,1233,United Kingdom,1133.25,1133.25,0.0,0.0,5,4,4,544,13,High-value,3,Champions,1
16990,219,1,100,United Kingdom,179.0,179.0,0.0,0.0,1,1,1,111,3,Low-value,1,Hibernating,10
16992,11,5,860,United Kingdom,1614.31,1601.8600000000001,12.449999999999818,0.0077,5,4,4,544,13,High-value,3,Champions,1
16996,30,6,544,United Kingdom,1456.96,1427.46,29.5,0.0202,4,4,4,444,12,High-value,3,Loyal Customers,2
16997,288,3,360,United Kingdom,702.0,702.0,0.0,0.0,1,3,3,133,7,Mid-value,2,At Risk,8
16998,150,4,76,United Kingdom,295.0,287.02,7.980000000000018,0.0271,2,4,2,242,8,Mid-value,2,Hibernating,10
16999,23,2,294,United Kingdom,484.82,484.82,0.0,0.0,4,2,3,423,9,Mid-value,2,Potential Champions,3
17001,1,11,2164,United Kingdom,3989.57,3989.57,0.0,0.0,5,5,5,555,15,High-value,3,Champions,1
17002,86,3,679,United Kingdom,1493.73,1487.78,5.9500000000000455,0.004,2,3,4,234,9,Mid-value,2,At Risk,8
17004,46,2,771,United Kingdom,1312.1399999999999,1312.1399999999999,0.0,0.0,3,2,4,324,9,Mid-value,2,Hibernating,10
17006,5,4,272,United Kingdom,781.78,781.78,0.0,0.0,5,4,3,543,12,High-value,3,Potential Champions,3
17007,51,6,597,United Kingdom,889.9300000000001,877.4300000000001,12.5,0.014,3,4,3,343,10,High-value,3,Need Attention,6
17010,18,1,118,United Kingdom,195.36,185.46,9.900000000000006,0.0507,4,1,1,411,6,Mid-value,2,Promising,5
17011,30,1,186,United Kingdom,270.9,270.9,0.0,0.0,4,1,2,412,7,Mid-value,2,Promising,5
17014,8,3,243,United Kingdom,583.4300000000001,562.6800000000001,20.75,0.0356,5,3,3,533,11,High-value,3,Potential Champions,3
17015,29,3,1978,United Kingdom,1838.61,1838.61,0.0,0.0,4,3,4,434,11,High-value,3,Potential Champions,3
17017,3,20,6673,United Kingdom,8694.26,8574.11,120.14999999999964,0.0138,5,5,5,555,15,High-value,3,Champions,1
17018,41,2,176,United Kingdom,920.1,920.1,0.0,0.0,3,2,4,324,9,Mid-value,2,Hibernating,10
17019,11,4,820,United Kingdom,1258.08,1258.08,0.0,0.0,5,4,4,544,13,High-value,3,Champions,1
17022,31,1,108,United Kingdom,71.0,71.0,0.0,0.0,4,1,1,411,6,Mid-value,2,Promising,5
17024,45,3,69,United Kingdom,95.85,95.85,0.0,0.0,3,3,1,331,7,Mid-value,2,Hibernating,10
17025,61,3,235,United Kingdom,357.77,357.77,0.0,0.0,3,3,2,332,8,Mid-value,2,Hibernating,10
17026,185,2,97,United Kingdom,154.83,154.83,0.0,0.0,1,2,1,121,4,Low-value,1,Hibernating,10
17027,79,6,416,United Kingdom,877.5600000000001,835.86,41.700000000000045,0.0475,2,4,3,243,9,Mid-value,2,At Risk,8
17029,111,2,400,United Kingdom,716.0,716.0,0.0,0.0,2,2,3,223,7,Mid-value,2,Hibernating,10
17030,64,1,146,United Kingdom,146.87,146.87,0.0,0.0,3,1,1,311,5,Mid-value,2,About to Sleep,7
17031,12,2,235,United Kingdom,380.35,380.35,0.0,0.0,5,2,2,522,9,Mid-value,2,Potential Champions,3
17033,86,3,750,United Kingdom,1030.14,1030.14,0.0,0.0,2,3,4,234,9,Mid-value,2,At Risk,8
17034,16,3,410,United Kingdom,745.52,734.57,10.949999999999932,0.0147,4,3,3,433,10,High-value,3,Potential Champions,3
17035,246,2,229,United Kingdom,433.53000000000003,388.33000000000004,45.19999999999999,0.1043,1,2,2,122,5,Mid-value,2,Hibernating,10
17037,88,1,656,United Kingdom,1267.32,1253.22,14.099999999999909,0.0111,2,1,4,214,7,Mid-value,2,Hibernating,10
17038,30,1,28,United Kingdom,112.4,112.4,0.0,0.0,4,1,1,411,6,Mid-value,2,Promising,5
17040,138,1,181,United Kingdom,449.73,449.73,0.0,0.0,2,1,2,212,5,Mid-value,2,Hibernating,10
17041,27,3,927,United Kingdom,1071.49,1055.69,15.799999999999955,0.0147,4,3,4,434,11,High-value,3,Potential Champions,3
17042,3,5,990,United Kingdom,1036.58,1036.58,0.0,0.0,5,4,4,544,13,High-value,3,Champions,1
17043,32,4,998,United Kingdom,1735.18,1735.18,0.0,0.0,4,4,4,444,12,High-value,3,Loyal Customers,2
17044,25,1,504,United Kingdom,948.48,897.4300000000001,51.049999999999955,0.0538,4,1,3,413,8,Mid-value,2,Hibernating,10
17045,113,3,106,United Kingdom,339.44,339.44,0.0,0.0,2,3,2,232,7,Mid-value,2,Hibernating,10
17046,157,1,510,United Kingdom,642.02,642.02,0.0,0.0,2,1,3,213,6,Mid-value,2,Hibernating,10
17047,85,3,533,United Kingdom,1100.9,1100.9,0.0,0.0,2,3,4,234,9,Mid-value,2,At Risk,8
17048,118,3,485,United Kingdom,925.35,864.32,61.02999999999997,0.066,2,3,3,233,8,Mid-value,2,At Risk,8
17049,3,9,2673,United Kingdom,5655.03,5589.83,65.19999999999982,0.0115,5,5,5,555,15,High-value,3,Champions,1
17050,96,6,1595,United Kingdom,3185.64,3185.64,0.0,0.0,2,4,5,245,11,High-value,3,Do Not Lose,9
17051,194,1,179,United Kingdom,240.89,240.89,0.0,0.0,1,1,2,112,4,Low-value,1,Hibernating,10
17052,28,1,251,United Kingdom,399.09,399.09,0.0,0.0,4,1,2,412,7,Mid-value,2,Promising,5
17053,131,1,122,United Kingdom,498.48,496.38,2.1000000000000227,0.0042,2,1,3,213,6,Mid-value,2,Hibernating,10
17054,28,5,804,United Kingdom,1356.33,1353.83,2.5,0.0018,4,4,4,444,12,High-value,3,Loyal Customers,2
17058,82,3,592,United Kingdom,1179.89,1179.89,0.0,0.0,2,3,4,234,9,Mid-value,2,At Risk,8
17059,30,5,1850,United Kingdom,3080.39,3080.39,0.0,0.0,4,4,5,445,13,High-value,3,Loyal Customers,2
17060,266,1,216,United Kingdom,234.24,234.24,0.0,0.0,1,1,1,111,3,Low-value,1,Hibernating,10
17061,74,11,1526,United Kingdom,5232.2300000000005,5116.13,116.10000000000036,0.0222,2,5,5,255,12,High-value,3,Do Not Lose,9
17062,314,4,418,United Kingdom,533.33,529.4300000000001,3.8999999999999773,0.0073,1,4,3,143,8,Mid-value,2,At Risk,8
17063,21,7,770,United Kingdom,1461.14,1421.59,39.55000000000018,0.0271,4,5,4,454,13,High-value,3,Loyal Customers,2
17064,59,3,316,United Kingdom,855.45,855.45,0.0,0.0,3,3,3,333,9,Mid-value,2,Need Attention,6
17068,12,21,2164,United Kingdom,4552.14,4531.34,20.800000000000182,0.0046,5,5,5,555,15,High-value,3,Champions,1
17069,28,9,1506,United Kingdom,2709.7000000000003,2655.2200000000003,54.48000000000002,0.0201,4,5,5,455,14,High-value,3,Loyal Customers,2
17070,114,1,131,United Kingdom,304.24,304.24,0.0,0.0,2,1,2,212,5,Mid-value,2,Hibernating,10
17071,28,9,1197,United Kingdom,2429.03,2385.48,43.55000000000018,0.0179,4,5,5,455,14,High-value,3,Loyal Customers,2
17073,18,4,759,United Kingdom,1446.09,1446.09,0.0,0.0,4,4,4,444,12,High-value,3,Loyal Customers,2
17075,18,4,292,United Kingdom,834.12,813.77,20.350000000000023,0.0244,4,4,3,443,11,High-value,3,Potential Champions,3
17076,36,3,295,United Kingdom,841.0799999999999,841.0799999999999,0.0,0.0,3,3,3,333,9,Mid-value,2,Need Attention,6
17078,36,2,788,United Kingdom,378.2,378.2,0.0,0.0,3,2,2,322,7,Mid-value,2,About to Sleep,7
17079,78,1,24,United Kingdom,118.80000000000001,118.80000000000001,0.0,0.0,2,1,1,211,4,Low-value,1,Hibernating,10
17080,22,2,166,United Kingdom,287.62,285.5,2.1200000000000045,0.0074,4,2,2,422,8,Mid-value,2,Potential Champions,3
17081,25,2,77,United Kingdom,288.91,288.91,0.0,0.0,4,2,2,422,8,Mid-value,2,Potential Champions,3
17082,33,2,1049,United Kingdom,2003.8500000000001,2003.8500000000001,0.0,0.0,4,2,4,424,10,High-value,3,Potential Champions,3
17083,109,3,772,United Kingdom,1405.78,1405.78,0.0,0.0,2,3,4,234,9,Mid-value,2,At Risk,8
17084,35,2,1702,United Kingdom,2747.9900000000002,2747.9900000000002,0.0,0.0,3,2,5,325,10,High-value,3,Hibernating,10
17085,123,5,785,United Kingdom,1562.4,1550.8,11.600000000000136,0.0074,2,4,4,244,10,High-value,3,Do Not Lose,9
17086,7,6,1859,United Kingdom,2050.08,2050.08,0.0,0.0,5,4,5,545,14,High-value,3,Champions,1
17088,28,4,868,United Kingdom,1991.01,1991.01,0.0,0.0,4,4,4,444,12,High-value,3,Loyal Customers,2
17090,4,7,903,United Kingdom,1974.65,1972.5500000000002,2.099999999999909,0.0011,5,5,4,554,14,High-value,3,Champions,1
17091,3,9,1746,United Kingdom,3827.76,3802.81,24.950000000000273,0.0065,5,5,5,555,15,High-value,3,Champions,1
17092,50,4,1130,United Kingdom,1774.03,1774.03,0.0,0.0,3,4,4,344,11,High-value,3,Loyal Customers,2
17094,322,1,152,United Kingdom,302.0,270.20000000000005,31.799999999999955,0.1053,1,1,2,112,4,Low-value,1,Hibernating,10
17095,23,3,618,United Kingdom,1324.16,1088.2,235.96000000000004,0.1782,4,3,4,434,11,High-value,3,Potential Champions,3
17096,15,4,339,United Kingdom,1022.13,992.68,29.450000000000045,0.0288,4,4,4,444,12,High-value,3,Loyal Customers,2
17097,2,8,459,Spain,954.42,937.92,16.5,0.0173,5,5,4,554,14,High-value,3,Champions,1
17100,18,2,800,United Kingdom,971.74,971.74,0.0,0.0,4,2,4,424,10,High-value,3,Potential Champions,3
17101,10,4,815,United Kingdom,1621.73,1621.73,0.0,0.0,5,4,4,544,13,High-value,3,Champions,1
17102,262,1,2,United Kingdom,25.5,25.5,0.0,0.0,1,1,1,111,3,Low-value,1,Hibernating,10
17105,159,2,693,United Kingdom,665.78,665.78,0.0,0.0,2,2,3,223,7,Mid-value,2,Hibernating,10
17107,33,6,4826,United Kingdom,10797.48,10362.48,435.0,0.0403,4,4,5,445,13,High-value,3,Loyal Customers,2
17109,29,6,588,United Kingdom,881.29,865.9300000000001,15.3599999999999,0.0174,4,4,3,443,11,High-value,3,Potential Champions,3
17110,165,1,50,United Kingdom,163.29999999999998,163.29999999999998,0.0,0.0,2,1,1,211,4,Low-value,1,Hibernating,10
17111,47,1,282,United Kingdom,231.61,231.61,0.0,0.0,3,1,1,311,5,Mid-value,2,About to Sleep,7
17114,6,8,215,United Kingdom,801.12,739.72,61.39999999999998,0.0766,5,5,3,553,13,High-value,3,Potential Champions,3
17115,8,3,372,United Kingdom,837.5,806.9,30.600000000000023,0.0365,5,3,3,533,11,High-value,3,Potential Champions,3
17117,288,1,68,United Kingdom,116.2,116.2,0.0,0.0,1,1,1,111,3,Low-value,1,Hibernating,10
17118,318,1,154,United Kingdom,157.02,157.02,0.0,0.0,1,1,1,111,3,Low-value,1,Hibernating,10
17119,3,2,334,United Kingdom,606.91,593.61,13.299999999999955,0.0219,5,2,3,523,10,High-value,3,Potential Champions,3
17120,233,1,120,United Kingdom,307.46,307.46,0.0,0.0,1,1,2,112,4,Low-value,1,Hibernating,10
17122,119,1,80,United Kingdom,138.32,138.32,0.0,0.0,2,1,1,211,4,Low-value,1,Hibernating,10
17123,162,1,246,United Kingdom,345.3,345.3,0.0,0.0,2,1,2,212,5,Mid-value,2,Hibernating,10
17124,185,1,129,United Kingdom,294.24,294.24,0.0,0.0,1,1,2,112,4,Low-value,1,Hibernating,10
17125,50,1,281,United Kingdom,230.5,230.5,0.0,0.0,3,1,1,311,5,Mid-value,2,About to Sleep,7
17126,152,5,780,United Kingdom,989.45,976.55,12.900000000000091,0.013,2,4,4,244,10,High-value,3,Do Not Lose,9
17128,335,1,76,United Kingdom,157.09,157.09,0.0,0.0,1,1,1,111,3,Low-value,1,Hibernating,10
17131,5,5,983,United Kingdom,2463.17,2463.17,0.0,0.0,5,4,5,545,14,High-value,3,Champions,1
17133,16,7,2730,United Kingdom,4892.240000000001,4892.240000000001,0.0,0.0,4,5,5,455,14,High-value,3,Loyal Customers,2
17134,107,2,98,United Kingdom,413.2,413.2,0.0,0.0,2,2,2,222,6,Mid-value,2,Hibernating,10
17135,16,7,1224,United Kingdom,1139.73,1139.73,0.0,0.0,4,5,4,454,13,High-value,3,Loyal Customers,2
17138,276,1,126,United Kingdom,380.5,380.5,0.0,0.0,1,1,2,112,4,Low-value,1,Hibernating,10
17139,16,12,5176,United Kingdom,10650.77,10567.87,82.89999999999964,0.0078,4,5,5,455,14,High-value,3,Loyal Customers,2
17140,247,1,296,United Kingdom,454.12,454.12,0.0,0.0,1,1,2,112,4,Low-value,1,Hibernating,10
17142,239,1,81,United Kingdom,579.0,579.0,0.0,0.0,1,1,3,113,5,Mid-value,2,Hibernating,10
17144,1,2,483,United Kingdom,984.57,984.57,0.0,0.0,5,2,4,524,11,High-value,3,Potential Champions,3
17146,106,3,212,United Kingdom,749.78,749.78,0.0,0.0,2,3,3,233,8,Mid-value,2,At Risk,8
17147,23,4,882,United Kingdom,1714.59,1679.64,34.94999999999982,0.0204,4,4,4,444,12,High-value,3,Loyal Customers,2
17148,52,1,82,United Kingdom,124.88,124.88,0.0,0.0,3,1,1,311,5,Mid-value,2,About to Sleep,7
17152,195,3,517,United Kingdom,1689.5,1503.5,186.0,0.1101,1,3,4,134,8,Mid-value,2,At Risk,8
17153,24,1,104,United Kingdom,213.78,213.78,0.0,0.0,4,1,1,411,6,Mid-value,2,Promising,5
17154,75,1,490,United Kingdom,329.34,329.34,0.0,0.0,2,1,2,212,5,Mid-value,2,Hibernating,10
17155,18,2,242,United Kingdom,251.7,251.7,0.0,0.0,4,2,2,422,8,Mid-value,2,Potential Champions,3
17157,8,2,172,United Kingdom,319.0,306.55,12.449999999999989,0.039,5,2,2,522,9,Mid-value,2,Potential Champions,3
17158,32,3,778,United Kingdom,1266.97,1266.97,0.0,0.0,4,3,4,434,11,High-value,3,Potential Champions,3
17159,22,3,1111,United Kingdom,1538.88,1534.73,4.150000000000091,0.0027,4,3,4,434,11,High-value,3,Potential Champions,3
17160,31,6,2856,United Kingdom,3518.03,3518.03,0.0,0.0,4,4,5,445,13,High-value,3,Loyal Customers,2
17162,29,10,1001,United Kingdom,1715.46,1707.21,8.25,0.0048,4,5,4,454,13,High-value,3,Loyal Customers,2
17163,22,2,66,United Kingdom,293.1,293.1,0.0,0.0,4,2,2,422,8,Mid-value,2,Potential Champions,3
17164,33,7,1501,United Kingdom,2467.35,2466.4,0.9499999999998181,0.0004,4,5,5,455,14,High-value,3,Loyal Customers,2
17165,284,1,100,United Kingdom,158.68,158.68,0.0,0.0,1,1,1,111,3,Low-value,1,Hibernating,10
17166,39,2,78,United Kingdom,206.34,189.49,16.849999999999994,0.0817,3,2,1,321,6,Mid-value,2,About to Sleep,7
17169,58,2,526,United Kingdom,835.78,816.88,18.899999999999977,0.0226,3,2,3,323,8,Mid-value,2,Hibernating,10
17171,289,1,185,United Kingdom,224.91,224.91,0.0,0.0,1,1,1,111,3,Low-value,1,Hibernating,10
17172,79,1,480,United Kingdom,317.76,313.26,4.5,0.0142,2,1,2,212,5,Mid-value,2,Hibernating,10
17173,5,8,1122,United Kingdom,3766.6,3755.65,10.949999999999818,0.0029,5,5,5,555,15,High-value,3,Champions,1
17174,218,1,41,United Kingdom,59.9,59.9,0.0,0.0,1,1,1,111,3,Low-value,1,Hibernating,10
17175,44,4,866,United Kingdom,1443.69,1430.94,12.75,0.0088,3,4,4,344,11,High-value,3,Loyal Customers,2
17176,202,1,170,United Kingdom,306.13,306.13,0.0,0.0,1,1,2,112,4,Low-value,1,Hibernating,10
17179,178,3,290,United Kingdom,711.79,711.79,0.0,0.0,2,3,3,233,8,Mid-value,2,At Risk,8
17180,56,4,670,United Kingdom,783.97,768.32,15.649999999999977,0.02,3,4,3,343,10,High-value,3,Need Attention,6
17181,57,2,241,United Kingdom,239.92000000000002,239.92000000000002,0.0,0.0,3,2,1,321,6,Mid-value,2,About to Sleep,7
17183,8,6,1296,United Kingdom,3347.31,3286.91,60.40000000000009,0.018,5,4,5,545,14,High-value,3,Champions,1
17186,47,2,200,United Kingdom,144.0,144.0,0.0,0.0,3,2,1,321,6,Mid-value,2,About to Sleep,7
17187,227,1,144,United Kingdom,203.95,203.95,0.0,0.0,1,1,1,111,3,Low-value,1,Hibernating,10
17188,11,7,1328,United Kingdom,2474.23,2275.58,198.6500000000001,0.0803,5,5,5,555,15,High-value,3,Champions,1
17189,106,2,226,United Kingdom,383.75,383.75,0.0,0.0,2,2,2,222,6,Mid-value,2,Hibernating,10
17190,59,2,161,United Kingdom,444.74,249.74,195.0,0.4385,3,2,2,322,7,Mid-value,2,About to Sleep,7
17191,28,7,1166,United Kingdom,2093.68,2093.68,0.0,0.0,4,5,5,455,14,High-value,3,Loyal Customers,2
17193,36,7,1254,United Kingdom,1699.3,1674.46,24.839999999999918,0.0146,3,5,4,354,12,High-value,3,Loyal Customers,2
17194,274,2,119,United Kingdom,262.62,262.62,0.0,0.0,1,2,2,122,5,Mid-value,2,Hibernating,10
17197,30,1,191,United Kingdom,1013.01,1013.01,0.0,0.0,4,1,4,414,9,Mid-value,2,Hibernating,10
17198,24,3,357,United Kingdom,692.22,692.22,0.0,0.0,4,3,3,433,10,High-value,3,Potential Champions,3
17201,54,1,231,United Kingdom,289.78000000000003,289.78000000000003,0.0,0.0,3,1,2,312,6,Mid-value,2,About to Sleep,7
17203,36,6,2846,United Kingdom,3560.08,3560.08,0.0,0.0,3,4,5,345,12,High-value,3,Loyal Customers,2
17204,175,4,646,United Kingdom,1564.56,1352.91,211.64999999999986,0.1353,2,4,4,244,10,High-value,3,Do Not Lose,9
17205,54,1,884,United Kingdom,384.08,384.08,0.0,0.0,3,1,2,312,6,Mid-value,2,About to Sleep,7
17206,53,1,76,United Kingdom,204.24,204.24,0.0,0.0,3,1,1,311,5,Mid-value,2,About to Sleep,7
17211,27,8,1323,United Kingdom,2317.2200000000003,2299.67,17.550000000000182,0.0076,4,5,5,455,14,High-value,3,Loyal Customers,2
17212,253,1,147,United Kingdom,226.85,226.85,0.0,0.0,1,1,1,111,3,Low-value,1,Hibernating,10
17213,40,7,1176,United Kingdom,2781.23,2741.08,40.15000000000009,0.0144,3,5,5,355,13,High-value,3,Loyal Customers,2
17214,60,6,272,United Kingdom,1059.1200000000001,974.12,85.00000000000011,0.0803,3,4,4,344,11,High-value,3,Loyal Customers,2
17217,234,1,24,United Kingdom,113.5,113.5,0.0,0.0,1,1,1,111,3,Low-value,1,Hibernating,10
17218,4,10,955,United Kingdom,1951.97,1951.97,0.0,0.0,5,5,4,554,14,High-value,3,Champions,1
17219,32,1,89,United Kingdom,114.23,114.23,0.0,0.0,4,1,1,411,6,Mid-value,2,Promising,5
17220,24,14,1897,United Kingdom,3187.55,3187.55,0.0,0.0,4,5,5,455,14,High-value,3,Loyal Customers,2
17221,7,2,287,United Kingdom,334.48,334.48,0.0,0.0,5,2,2,522,9,Mid-value,2,Potential Champions,3
17222,65,1,122,United Kingdom,328.65,328.65,0.0,0.0,3,1,2,312,6,Mid-value,2,About to Sleep,7
17223,310,2,110,United Kingdom,416.89,416.89,0.0,0.0,1,2,2,122,5,Mid-value,2,Hibernating,10
17226,309,1,406,United Kingdom,393.49,393.49,0.0,0.0,1,1,2,112,4,Low-value,1,Hibernating,10
17227,19,6,741,United Kingdom,939.32,939.32,0.0,0.0,4,4,4,444,12,High-value,3,Loyal Customers,2
17228,16,8,1532,United Kingdom,1906.09,1906.09,0.0,0.0,4,5,4,454,13,High-value,3,Loyal Customers,2
17229,96,2,185,United Kingdom,318.76,318.76,0.0,0.0,2,2,2,222,6,Mid-value,2,Hibernating,10
17230,264,8,1651,United Kingdom,3638.41,3466.67,171.73999999999978,0.0472,1,5,5,155,11,High-value,3,Do Not Lose,9
17231,12,10,1724,United Kingdom,3124.72,3078.22,46.5,0.0149,5,5,5,555,15,High-value,3,Champions,1
17232,3,2,202,United Kingdom,417.77,417.77,0.0,0.0,5,2,2,522,9,Mid-value,2,Potential Champions,3
17233,35,1,131,United Kingdom,190.88,190.88,0.0,0.0,3,1,1,311,5,Mid-value,2,About to Sleep,7
17234,183,1,55,United Kingdom,149.89,149.89,0.0,0.0,1,1,1,111,3,Low-value,1,Hibernating,10
17235,25,2,224,United Kingdom,550.0600000000001,550.0600000000001,0.0,0.0,4,2,3,423,9,Mid-value,2,Potential Champions,3
17236,13,6,474,United Kingdom,916.13,916.13,0.0,0.0,5,4,4,544,13,High-value,3,Champions,1
17237,11,2,105,United Kingdom,314.69,314.69,0.0,0.0,5,2,2,522,9,Mid-value,2,Potential Champions,3
17238,3,17,1807,United Kingdom,3719.1,3719.1,0.0,0.0,5,5,5,555,15,High-value,3,Champions,1
17239,313,1,150,United Kingdom,382.5,379.95000000000005,2.5499999999999545,0.0067,1,1,2,112,4,Low-value,1,Hibernating,10
17242,108,2,611,United Kingdom,1135.04,1135.04,0.0,0.0,2,2,4,224,8,Mid-value,2,Hibernating,10
17243,1,26,3320,United Kingdom,8540.05,8491.75,48.29999999999927,0.0057,5,5,5,555,15,High-value,3,Champions,1
17244,53,1,616,United Kingdom,954.9,954.9,0.0,0.0,3,1,4,314,8,Mid-value,2,Hibernating,10
17245,205,1,75,United Kingdom,171.45000000000002,171.45000000000002,0.0,0.0,1,1,1,111,3,Low-value,1,Hibernating,10
17247,15,1,105,United Kingdom,280.09000000000003,280.09000000000003,0.0,0.0,4,1,2,412,7,Mid-value,2,Promising,5
17248,120,1,213,United Kingdom,318.65,318.65,0.0,0.0,2,1,2,212,5,Mid-value,2,Hibernating,10
17250,4,2,167,United Kingdom,381.97,381.97,0.0,0.0,5,2,2,522,9,Mid-value,2,Potential Champions,3
17251,363,1,108,United Kingdom,269.83,269.83,0.0,0.0,1,1,2,112,4,Low-value,1,Hibernating,10
17252,117,2,192,United Kingdom,348.90999999999997,348.90999999999997,0.0,0.0,2,2,2,222,6,Mid-value,2,Hibernating,10
17253,18,1,43,United Kingdom,178.26,178.26,0.0,0.0,4,1,1,411,6,Mid-value,2,Promising,5
17254,5,2,251,United Kingdom,271.19,271.19,0.0,0.0,5,2,2,522,9,Mid-value,2,Potential Champions,3
17255,41,2,227,United Kingdom,291.48,291.48,0.0,0.0,3,2,2,322,7,Mid-value,2,About to Sleep,7
17256,107,2,141,United Kingdom,240.0,240.0,0.0,0.0,2,2,2,222,6,Mid-value,2,Hibernating,10
17259,148,2,388,United Kingdom,581.23,581.23,0.0,0.0,2,2,3,223,7,Mid-value,2,Hibernating,10
17262,52,5,367,United Kingdom,1253.3600000000001,1253.3600000000001,0.0,0.0,3,4,4,344,11,High-value,3,Loyal Customers,2
17263,208,1,36,United Kingdom,63.440000000000005,63.440000000000005,0.0,0.0,1,1,1,111,3,Low-value,1,Hibernating,10
17265,139,2,389,United Kingdom,550.01,550.01,0.0,0.0,2,2,3,223,7,Mid-value,2,Hibernating,10
17266,2,3,153,United Kingdom,296.58,296.58,0.0,0.0,5,3,2,532,10,High-value,3,Potential Champions,3
17267,127,2,158,United Kingdom,317.2,317.2,0.0,0.0,2,2,2,222,6,Mid-value,2,Hibernating,10
17268,108,4,844,United Kingdom,763.64,763.64,0.0,0.0,2,4,3,243,9,Mid-value,2,At Risk,8
17272,42,4,1778,United Kingdom,2148.63,2144.53,4.099999999999909,0.0019,3,4,5,345,12,High-value,3,Loyal Customers,2
17274,35,1,77,United Kingdom,107.82,107.82,0.0,0.0,3,1,1,311,5,Mid-value,2,About to Sleep,7
17277,228,2,430,United Kingdom,1065.3500000000001,1065.3500000000001,0.0,0.0,1,2,4,124,7,Mid-value,2,Hibernating,10
17278,241,1,179,United Kingdom,246.04000000000002,246.04000000000002,0.0,0.0,1,1,2,112,4,Low-value,1,Hibernating,10
17279,58,1,48,United Kingdom,187.82999999999998,187.82999999999998,0.0,0.0,3,1,1,311,5,Mid-value,2,About to Sleep,7
17282,130,3,1866,United Kingdom,1685.46,1685.46,0.0,0.0,2,3,4,234,9,Mid-value,2,At Risk,8
17284,60,6,1362,United Kingdom,1647.48,1636.58,10.900000000000091,0.0066,3,4,4,344,11,High-value,3,Loyal Customers,2
17286,22,1,117,United Kingdom,151.37,151.37,0.0,0.0,4,1,1,411,6,Mid-value,2,Promising,5
17287,26,7,556,United Kingdom,1049.06,1049.06,0.0,0.0,4,5,4,454,13,High-value,3,Loyal Customers,2
17288,9,7,1201,United Kingdom,1417.6299999999999,1417.6299999999999,0.0,0.0,5,5,4,554,14,High-value,3,Champions,1
17289,32,3,513,United Kingdom,931.02,922.77,8.25,0.0089,4,3,4,434,11,High-value,3,Potential Champions,3
17290,4,2,397,United Kingdom,513.01,513.01,0.0,0.0,5,2,3,523,10,High-value,3,Potential Champions,3
17291,308,1,72,United Kingdom,550.8000000000001,550.8000000000001,0.0,0.0,1,1,3,113,5,Mid-value,2,Hibernating,10
17293,8,9,1135,United Kingdom,1854.06,1854.06,0.0,0.0,5,5,4,554,14,High-value,3,Champions,1
17295,29,3,293,United Kingdom,547.0,547.0,0.0,0.0,4,3,3,433,10,High-value,3,Potential Champions,3
17297,17,1,65,United Kingdom,128.18,128.18,0.0,0.0,4,1,1,411,6,Mid-value,2,Promising,5
17298,101,2,387,United Kingdom,498.42,498.42,0.0,0.0,2,2,3,223,7,Mid-value,2,Hibernating,10
17299,12,4,668,United Kingdom,656.61,656.61,0.0,0.0,5,4,3,543,12,High-value,3,Potential Champions,3
17301,21,1,137,United Kingdom,163.24,163.24,0.0,0.0,4,1,1,411,6,Mid-value,2,Promising,5
17302,15,5,575,United Kingdom,1135.63,1119.93,15.700000000000045,0.0138,4,4,4,444,12,High-value,3,Loyal Customers,2
17303,361,1,144,United Kingdom,250.04,250.04,0.0,0.0,1,1,2,112,4,Low-value,1,Hibernating,10
17306,11,19,11491,United Kingdom,8631.31,8600.73,30.579999999999927,0.0035,5,5,5,555,15,High-value,3,Champions,1
17309,95,1,41,United Kingdom,82.75,82.75,0.0,0.0,2,1,1,211,4,Low-value,1,Hibernating,10
17311,78,2,1005,United Kingdom,1384.85,1384.85,0.0,0.0,2,2,4,224,8,Mid-value,2,Hibernating,10
17312,139,3,372,United Kingdom,644.3,644.3,0.0,0.0,2,3,3,233,8,Mid-value,2,At Risk,8
17313,31,1,1402,United Kingdom,2328.84,2288.13,40.710000000000036,0.0175,4,1,5,415,10,High-value,3,Hibernating,10
17314,25,8,1896,United Kingdom,2527.92,2514.76,13.159999999999854,0.0052,4,5,5,455,14,High-value,3,Loyal Customers,2
17315,2,38,3863,United Kingdom,6281.2300000000005,6193.43,87.80000000000018,0.014,5,5,5,555,15,High-value,3,Champions,1
17317,46,3,1146,United Kingdom,2600.34,2524.02,76.32000000000016,0.0294,3,3,5,335,11,High-value,3,Need Attention,6
17320,100,3,634,United Kingdom,1200.6200000000001,1200.6200000000001,0.0,0.0,2,3,4,234,9,Mid-value,2,At Risk,8
17321,8,2,364,United Kingdom,657.16,657.16,0.0,0.0,5,2,3,523,10,High-value,3,Potential Champions,3
17323,15,7,760,United Kingdom,906.52,894.4399999999999,12.080000000000041,0.0133,4,5,3,453,12,High-value,3,Potential Champions,3
17324,18,4,843,United Kingdom,986.48,986.48,0.0,0.0,4,4,4,444,12,High-value,3,Loyal Customers,2
17325,280,1,60,United Kingdom,96.8,96.8,0.0,0.0,1,1,1,111,3,Low-value,1,Hibernating,10
17329,14,2,142,United Kingdom,523.11,523.11,0.0,0.0,4,2,3,423,9,Mid-value,2,Potential Champions,3
17330,23,2,120,United Kingdom,363.9,363.9,0.0,0.0,4,2,2,422,8,Mid-value,2,Potential Champions,3
17331,124,1,16,United Kingdom,175.2,175.2,0.0,0.0,2,1,1,211,4,Low-value,1,Hibernating,10
17333,86,1,375,United Kingdom,494.25,494.25,0.0,0.0,2,1,3,213,6,Mid-value,2,Hibernating,10
17334,302,2,315,United Kingdom,307.02000000000004,306.6,0.4200000000000159,0.0014,1,2,2,122,5,Mid-value,2,Hibernating,10
17337,151,4,1247,United Kingdom,1981.06,1897.51,83.54999999999995,0.0422,2,4,4,244,10,High-value,3,Do Not Lose,9
17338,17,8,3059,United Kingdom,6493.54,6461.79,31.75,0.0049,4,5,5,455,14,High-value,3,Loyal Customers,2
17339,94,2,152,United Kingdom,243.36,243.36,0.0,0.0,2,2,2,222,6,Mid-value,2,Hibernating,10
17340,30,11,5967,United Kingdom,12353.29,11891.18,462.1100000000006,0.0374,4,5,5,455,14,High-value,3,Loyal Customers,2
17341,157,3,443,United Kingdom,682.29,682.29,0.0,0.0,2,3,3,233,8,Mid-value,2,At Risk,8
17343,355,1,56,United Kingdom,193.64,193.64,0.0,0.0,1,1,1,111,3,Low-value,1,Hibernating,10
17344,46,1,65,United Kingdom,157.62,157.62,0.0,0.0,3,1,1,311,5,Mid-value,2,About to Sleep,7
17345,15,4,341,United Kingdom,519.6899999999999,519.6899999999999,0.0,0.0,4,4,3,443,11,High-value,3,Potential Champions,3
17346,4,15,1617,United Kingdom,2622.88,2557.9,64.98000000000002,0.0248,5,5,5,555,15,High-value,3,Champions,1
17347,86,1,216,United Kingdom,228.96,228.96,0.0,0.0,2,1,1,211,4,Low-value,1,Hibernating,10
17348,15,5,1398,United Kingdom,1156.6,1156.6,0.0,0.0,4,4,4,444,12,High-value,3,Loyal Customers,2
17349,179,1,102,United Kingdom,98.25,98.25,0.0,0.0,2,1,1,211,4,Low-value,1,Hibernating,10
17350,8,4,770,United Kingdom,1281.32,1251.44,29.87999999999988,0.0233,5,4,4,544,13,High-value,3,Champions,1
17351,36,3,113,United Kingdom,587.15,587.15,0.0,0.0,3,3,3,333,9,Mid-value,2,Need Attention,6
17353,129,2,1200,United Kingdom,1740.0,1740.0,0.0,0.0,2,2,4,224,8,Mid-value,2,Hibernating,10
17354,51,1,1006,United Kingdom,1393.06,1393.06,0.0,0.0,3,1,4,314,8,Mid-value,2,Hibernating,10
17356,312,1,166,United Kingdom,178.22,178.22,0.0,0.0,1,1,1,111,3,Low-value,1,Hibernating,10
17357,24,2,152,United Kingdom,384.39,384.39,0.0,0.0,4,2,2,422,8,Mid-value,2,Potential Champions,3
17358,303,2,190,United Kingdom,360.81,360.81,0.0,0.0,1,2,2,122,5,Mid-value,2,Hibernating,10
17359,11,1,161,United Kingdom,127.86,127.86,0.0,0.0,5,1,1,511,7,Mid-value,2,New Customers,4
17360,17,3,328,United Kingdom,568.24,568.24,0.0,0.0,4,3,3,433,10,High-value,3,Potential Champions,3
17361,49,3,157,United Kingdom,488.2,488.2,0.0,0.0,3,3,3,333,9,Mid-value,2,Need Attention,6
17362,239,2,191,United Kingdom,312.23,312.23,0.0,0.0,1,2,2,122,5,Mid-value,2,Hibernating,10
17364,1,11,2692,United Kingdom,4462.68,4437.23,25.450000000000728,0.0057,5,5,5,555,15,High-value,3,Champions,1
17365,13,8,4749,United Kingdom,4767.36,4767.36,0.0,0.0,5,5,5,555,15,High-value,3,Champions,1
17367,238,1,149,United Kingdom,167.55,167.55,0.0,0.0,1,1,1,111,3,Low-value,1,Hibernating,10
17368,23,8,1377,United Kingdom,1878.87,1315.72,563.1499999999999,0.2997,4,5,4,454,13,High-value,3,Loyal Customers,2
17370,73,4,540,United Kingdom,446.18,446.18,0.0,0.0,2,4,2,242,8,Mid-value,2,Hibernating,10
17371,17,3,151,United Kingdom,418.4,418.4,0.0,0.0,4,3,2,432,9,Mid-value,2,Potential Champions,3
17372,41,8,747,United Kingdom,1337.18,1337.18,0.0,0.0,3,5,4,354,12,High-value,3,Loyal Customers,2
17373,40,4,408,United Kingdom,646.92,646.92,0.0,0.0,3,4,3,343,10,High-value,3,Need Attention,6
17374,219,2,85,United Kingdom,495.77,495.77,0.0,0.0,1,2,3,123,6,Mid-value,2,Hibernating,10
17375,199,3,367,United Kingdom,400.1,372.5,27.600000000000023,0.069,1,3,2,132,6,Mid-value,2,Hibernating,10
17376,71,2,86,United Kingdom,203.2,203.2,0.0,0.0,3,2,1,321,6,Mid-value,2,About to Sleep,7
17377,24,20,2038,United Kingdom,4058.32,3883.32,175.0,0.0431,4,5,5,455,14,High-value,3,Loyal Customers,2
17379,11,1,623,United Kingdom,389.71999999999997,389.71999999999997,0.0,0.0,5,1,2,512,8,Mid-value,2,New Customers,4
17381,9,29,25649,United Kingdom,20275.61,20272.43,3.180000000000291,0.0002,5,5,5,555,15,High-value,3,Champions,1
17382,65,1,25,United Kingdom,65.4,65.4,0.0,0.0,3,1,1,311,5,Mid-value,2,About to Sleep,7
17383,4,1,148,United Kingdom,193.39000000000001,193.39000000000001,0.0,0.0,5,1,1,511,7,Mid-value,2,New Customers,4
17384,19,2,88,United Kingdom,336.4,336.4,0.0,0.0,4,2,2,422,8,Mid-value,2,Potential Champions,3
17385,15,1,197,United Kingdom,256.11,256.11,0.0,0.0,4,1,2,412,7,Mid-value,2,Promising,5
17386,8,6,1902,United Kingdom,2686.42,2686.42,0.0,0.0,5,4,5,545,14,High-value,3,Champions,1
17387,20,2,522,United Kingdom,746.81,746.81,0.0,0.0,4,2,3,423,9,Mid-value,2,Potential Champions,3
17388,78,4,1068,United Kingdom,1259.56,1259.56,0.0,0.0,2,4,4,244,10,High-value,3,Do Not Lose,9
17389,1,34,7612,United Kingdom,31833.68,31300.079999999998,533.6000000000022,0.0168,5,5,5,555,15,High-value,3,Champions,1
17391,164,2,480,United Kingdom,508.8,508.8,0.0,0.0,2,2,3,223,7,Mid-value,2,Hibernating,10
17392,307,2,277,United Kingdom,417.27,417.27,0.0,0.0,1,2,2,122,5,Mid-value,2,Hibernating,10
17394,219,1,241,United Kingdom,203.86999999999998,203.86999999999998,0.0,0.0,1,1,1,111,3,Low-value,1,Hibernating,10
17396,39,8,2005,United Kingdom,7330.8,7330.8,0.0,0.0,3,5,5,355,13,High-value,3,Loyal Customers,2
17397,22,2,250,United Kingdom,681.41,681.41,0.0,0.0,4,2,3,423,9,Mid-value,2,Potential Champions,3
17398,115,3,310,United Kingdom,653.38,653.38,0.0,0.0,2,3,3,233,8,Mid-value,2,At Risk,8
17400,126,5,1088,United Kingdom,2097.84,2097.84,0.0,0.0,2,4,5,245,11,High-value,3,Do Not Lose,9
17402,5,13,701,United Kingdom,2633.85,2633.85,0.0,0.0,5,5,5,555,15,High-value,3,Champions,1
17403,36,1,111,United Kingdom,263.92,263.92,0.0,0.0,3,1,2,312,6,Mid-value,2,About to Sleep,7
17404,4,15,32748,Sweden,31906.82,30300.82,1606.0,0.0503,5,5,5,555,15,High-value,3,Champions,1
17405,1,3,726,United Kingdom,1031.41,967.22,64.19000000000005,0.0622,5,3,4,534,12,High-value,3,Potential Champions,3
17406,333,3,780,United Kingdom,2184.42,1912.72,271.70000000000005,0.1244,1,3,4,134,8,Mid-value,2,At Risk,8
17408,163,1,3,United Kingdom,32.65,32.65,0.0,0.0,2,1,1,211,4,Low-value,1,Hibernating,10
17409,185,2,105,United Kingdom,771.85,771.85,0.0,0.0,1,2,3,123,6,Mid-value,2,Hibernating,10
17410,16,5,616,United Kingdom,1214.72,1214.72,0.0,0.0,4,4,4,444,12,High-value,3,Loyal Customers,2
17411,12,3,306,United Kingdom,778.94,748.94,30.0,0.0385,5,3,3,533,11,High-value,3,Potential Champions,3
17412,3,7,738,United Kingdom,1258.06,1258.06,0.0,0.0,5,5,4,554,14,High-value,3,Champions,1
17414,44,2,2100,United Kingdom,778.0,778.0,0.0,0.0,3,2,3,323,8,Mid-value,2,Hibernating,10
17415,80,1,114,United Kingdom,507.84,507.84,0.0,0.0,2,1,3,213,6,Mid-value,2,Hibernating,10
17416,30,7,4302,United Kingdom,6893.42,6838.34,55.07999999999993,0.008,4,5,5,455,14,High-value,3,Loyal Customers,2
17418,42,2,289,United Kingdom,463.46000000000004,463.46000000000004,0.0,0.0,3,2,2,322,7,Mid-value,2,About to Sleep,7
17419,11,12,1876,United Kingdom,4226.57,4200.97,25.599999999999454,0.0061,5,5,5,555,15,High-value,3,Champions,1
17420,50,3,265,United Kingdom,598.83,598.83,0.0,0.0,3,3,3,333,9,Mid-value,2,Need Attention,6
17422,16,6,2253,United Kingdom,1979.37,1853.13,126.23999999999978,0.0638,4,4,4,444,12,High-value,3,Loyal Customers,2
17423,46,2,459,United Kingdom,698.41,663.63,34.77999999999997,0.0498,3,2,3,323,8,Mid-value,2,Hibernating,10
17425,19,2,407,United Kingdom,759.1700000000001,759.1700000000001,0.0,0.0,4,2,3,423,9,Mid-value,2,Potential Champions,3
17426,8,6,3094,United Kingdom,5037.26,5022.26,15.0,0.003,5,4,5,545,14,High-value,3,Champions,1
17427,72,1,34,United Kingdom,100.8,100.8,0.0,0.0,3,1,1,311,5,Mid-value,2,About to Sleep,7
17428,1,28,9474,United Kingdom,17256.85,17078.45,178.39999999999782,0.0103,5,5,5,555,15,High-value,3,Champions,1
17429,128,3,624,United Kingdom,524.9200000000001,512.12,12.800000000000068,0.0244,2,3,3,233,8,Mid-value,2,At Risk,8
17430,33,2,190,United Kingdom,265.76,265.76,0.0,0.0,4,2,2,422,8,Mid-value,2,Potential Champions,3
17431,313,1,292,United Kingdom,403.3,403.3,0.0,0.0,1,1,2,112,4,Low-value,1,Hibernating,10
17432,18,2,207,United Kingdom,365.76,365.76,0.0,0.0,4,2,2,422,8,Mid-value,2,Potential Champions,3
17433,88,1,185,United Kingdom,303.16,303.16,0.0,0.0,2,1,2,212,5,Mid-value,2,Hibernating,10
17434,2,7,1693,United Kingdom,2373.82,2333.42,40.40000000000009,0.017,5,5,5,555,15,High-value,3,Champions,1
17436,2,2,90,United Kingdom,216.3,216.3,0.0,0.0,5,2,1,521,8,Mid-value,2,New Customers,4
17438,254,1,103,United Kingdom,388.45000000000005,378.3,10.150000000000034,0.0261,1,1,2,112,4,Low-value,1,Hibernating,10
17440,157,3,246,United Kingdom,186.42000000000002,177.1,9.320000000000022,0.05,2,3,1,231,6,Mid-value,2,Hibernating,10
17442,37,6,1496,United Kingdom,2248.56,2210.2599999999998,38.30000000000018,0.017,3,4,5,345,12,High-value,3,Loyal Customers,2
17443,220,1,504,Canada,534.24,534.24,0.0,0.0,1,1,3,113,5,Mid-value,2,Hibernating,10
17444,148,3,2119,Canada,2940.04,2940.04,0.0,0.0,2,3,5,235,10,High-value,3,At Risk,8
17446,177,2,198,United Kingdom,120.89999999999999,120.89999999999999,0.0,0.0,2,2,1,221,5,Mid-value,2,Hibernating,10
17447,40,2,443,United Kingdom,541.53,541.53,0.0,0.0,3,2,3,323,8,Mid-value,2,Hibernating,10
17449,2,7,1121,United Kingdom,2519.21,2503.21,16.0,0.0064,5,5,5,555,15,High-value,3,Champions,1
17450,8,46,69973,United Kingdom,194390.79,187322.17,7068.619999999995,0.0364,5,5,5,555,15,High-value,3,Champions,1
17451,1,7,1203,United Kingdom,1721.4,1648.95,72.45000000000005,0.0421,5,5,4,554,14,High-value,3,Champions,1
17453,18,2,219,United Kingdom,486.72,486.72,0.0,0.0,4,2,3,423,9,Mid-value,2,Potential Champions,3
17454,192,4,243,United Kingdom,517.53,517.53,0.0,0.0,1,4,3,143,8,Mid-value,2,At Risk,8
17455,204,1,66,United Kingdom,131.7,131.7,0.0,0.0,1,1,1,111,3,Low-value,1,Hibernating,10
17456,365,1,222,United Kingdom,249.86,249.86,0.0,0.0,1,1,2,112,4,Low-value,1,Hibernating,10
17457,127,5,826,United Kingdom,1737.7,1737.7,0.0,0.0,2,4,4,244,10,High-value,3,Do Not Lose,9
17458,15,1,170,United Kingdom,316.5,316.5,0.0,0.0,4,1,2,412,7,Mid-value,2,Promising,5
17459,43,2,537,United Kingdom,657.3,657.3,0.0,0.0,3,2,3,323,8,Mid-value,2,Hibernating,10
17460,94,6,236,United Kingdom,622.4300000000001,452.63000000000005,169.8,0.2728,2,4,2,242,8,Mid-value,2,Hibernating,10
17461,23,3,770,United Kingdom,735.82,735.82,0.0,0.0,4,3,3,433,10,High-value,3,Potential Champions,3
17462,60,2,227,United Kingdom,675.69,662.94,12.75,0.0189,3,2,3,323,8,Mid-value,2,Hibernating,10
17463,16,5,1086,United Kingdom,1875.8600000000001,1860.81,15.050000000000182,0.008,4,4,4,444,12,High-value,3,Loyal Customers,2
17464,158,1,220,United Kingdom,289.96000000000004,289.96000000000004,0.0,0.0,2,1,2,212,5,Mid-value,2,Hibernating,10
17466,10,2,306,United Kingdom,763.28,763.28,0.0,0.0,5,2,3,523,10,High-value,3,Potential Champions,3
17468,10,2,116,United Kingdom,137.0,137.0,0.0,0.0,5,2,1,521,8,Mid-value,2,New Customers,4
17469,16,5,787,United Kingdom,1870.97,1843.06,27.910000000000082,0.0149,4,4,4,444,12,High-value,3,Loyal Customers,2
17470,45,5,1675,United Kingdom,1125.07,1125.07,0.0,0.0,3,4,4,344,11,High-value,3,Loyal Customers,2
17472,191,3,455,United Kingdom,697.54,697.54,0.0,0.0,1,3,3,133,7,Mid-value,2,At Risk,8
17475,79,1,178,United Kingdom,194.37,194.37,0.0,0.0,2,1,1,211,4,Low-value,1,Hibernating,10
17480,78,1,338,United Kingdom,511.82,506.51,5.310000000000002,0.0104,2,1,3,213,6,Mid-value,2,Hibernating,10
17481,4,4,1061,United Kingdom,1255.59,1249.34,6.25,0.005,5,4,4,544,13,High-value,3,Champions,1
17483,65,3,191,United Kingdom,414.04,414.04,0.0,0.0,3,3,2,332,8,Mid-value,2,Hibernating,10
17486,261,1,191,United Kingdom,396.87,396.87,0.0,0.0,1,1,2,112,4,Low-value,1,Hibernating,10
17489,59,2,428,United Kingdom,376.64,376.64,0.0,0.0,3,2,2,322,7,Mid-value,2,About to Sleep,7
17490,1,7,1134,United Kingdom,2092.32,1926.88,165.44000000000005,0.0791,5,5,4,554,14,High-value,3,Champions,1
17491,1,10,2013,United Kingdom,3558.87,3541.92,16.949999999999818,0.0048,5,5,5,555,15,High-value,3,Champions,1
17492,248,1,155,United Kingdom,374.57,374.57,0.0,0.0,1,1,2,112,4,Low-value,1,Hibernating,10
17495,8,2,229,United Kingdom,497.56,497.56,0.0,0.0,5,2,3,523,10,High-value,3,Potential Champions,3
17496,359,1,79,United Kingdom,271.05,271.05,0.0,0.0,1,1,2,112,4,Low-value,1,Hibernating,10
17498,76,1,394,United Kingdom,272.21999999999997,272.21999999999997,0.0,0.0,2,1,2,212,5,Mid-value,2,Hibernating,10
17499,290,1,711,United Kingdom,622.88,622.88,0.0,0.0,1,1,3,113,5,Mid-value,2,Hibernating,10
17500,17,3,17,United Kingdom,1138.0,1138.0,0.0,0.0,4,3,4,434,11,High-value,3,Potential Champions,3
17501,221,2,160,United Kingdom,288.6,288.6,0.0,0.0,1,2,2,122,5,Mid-value,2,Hibernating,10
17502,9,4,376,United Kingdom,689.1,689.1,0.0,0.0,5,4,3,543,12,High-value,3,Potential Champions,3
17503,3,2,486,United Kingdom,558.96,558.96,0.0,0.0,5,2,3,523,10,High-value,3,Potential Champions,3
17504,206,9,1664,United Kingdom,2997.03,2745.28,251.75,0.084,1,5,5,155,11,High-value,3,Do Not Lose,9
17505,162,2,556,United Kingdom,1145.8400000000001,1145.8400000000001,0.0,0.0,2,2,4,224,8,Mid-value,2,Hibernating,10
17506,76,1,139,United Kingdom,302.2,294.29,7.909999999999968,0.0262,2,1,2,212,5,Mid-value,2,Hibernating,10
17507,262,2,359,United Kingdom,605.58,605.58,0.0,0.0,1,2,3,123,6,Mid-value,2,Hibernating,10
17508,281,1,289,Greece,387.31,387.31,0.0,0.0,1,1,2,112,4,Low-value,1,Hibernating,10
17509,58,8,3512,United Kingdom,6083.64,6069.24,14.400000000000546,0.0024,3,5,5,355,13,High-value,3,Loyal Customers,2
17510,25,1,214,United Kingdom,308.48,308.48,0.0,0.0,4,1,2,412,7,Mid-value,2,Promising,5
17511,3,31,64549,United Kingdom,91062.38,88125.38,2937.0,0.0323,5,5,5,555,15,High-value,3,Champions,1
17512,29,10,2753,United Kingdom,2924.9900000000002,2920.04,4.950000000000273,0.0017,4,5,5,455,14,High-value,3,Loyal Customers,2
17513,72,1,254,United Kingdom,513.2,513.2,0.0,0.0,3,1,3,313,7,Mid-value,2,Hibernating,10
17514,128,1,135,United Kingdom,208.65,208.65,0.0,0.0,2,1,1,211,4,Low-value,1,Hibernating,10
17515,31,4,243,United Kingdom,639.02,639.02,0.0,0.0,4,4,3,443,11,High-value,3,Potential Champions,3
17516,15,5,414,United Kingdom,764.88,764.88,0.0,0.0,4,4,3,443,11,High-value,3,Potential Champions,3
17517,309,1,102,United Kingdom,153.94,153.94,0.0,0.0,1,1,1,111,3,Low-value,1,Hibernating,10
17519,17,6,1236,United Kingdom,1844.02,1839.07,4.9500000000000455,0.0027,4,4,4,444,12,High-value,3,Loyal Customers,2
17520,54,1,365,United Kingdom,546.81,546.81,0.0,0.0,3,1,3,313,7,Mid-value,2,Hibernating,10
17521,30,3,519,United Kingdom,723.21,721.96,1.25,0.0017,4,3,3,433,10,High-value,3,Potential Champions,3
17522,2,5,1034,United Kingdom,1070.71,1070.71,0.0,0.0,5,4,4,544,13,High-value,3,Champions,1
17523,11,4,872,United Kingdom,652.74,652.74,0.0,0.0,5,4,3,543,12,High-value,3,Potential Champions,3
17524,361,1,90,United Kingdom,145.0,145.0,0.0,0.0,1,1,1,111,3,Low-value,1,Hibernating,10
17525,360,1,82,United Kingdom,422.7,422.7,0.0,0.0,1,1,2,112,4,Low-value,1,Hibernating,10
17526,5,4,310,United Kingdom,1195.8999999999999,706.7,489.1999999999998,0.4091,5,4,3,543,12,High-value,3,Potential Champions,3
17527,54,4,488,United Kingdom,939.37,888.86,50.50999999999999,0.0538,3,4,3,343,10,High-value,3,Need Attention,6
17528,1,8,2138,United Kingdom,3628.5,3540.1,88.40000000000009,0.0244,5,5,5,555,15,High-value,3,Champions,1
17530,1,10,1514,United Kingdom,2367.12,2367.12,0.0,0.0,5,5,5,555,15,High-value,3,Champions,1
17531,190,1,136,United Kingdom,296.7,293.45,3.25,0.011,1,1,2,112,4,Low-value,1,Hibernating,10
17534,54,1,103,United Kingdom,223.36,223.36,0.0,0.0,3,1,1,311,5,Mid-value,2,About to Sleep,7
17535,280,1,136,United Kingdom,164.4,164.4,0.0,0.0,1,1,1,111,3,Low-value,1,Hibernating,10
17536,177,1,6,United Kingdom,76.5,76.5,0.0,0.0,2,1,1,211,4,Low-value,1,Hibernating,10
17537,30,2,699,United Kingdom,887.6700000000001,887.6700000000001,0.0,0.0,4,2,3,423,9,Mid-value,2,Potential Champions,3
17538,26,1,134,United Kingdom,98.42,98.42,0.0,0.0,4,1,1,411,6,Mid-value,2,Promising,5
17540,25,2,194,United Kingdom,578.9,570.4,8.5,0.0147,4,2,3,423,9,Mid-value,2,Potential Champions,3
17542,270,1,134,United Kingdom,170.75,170.75,0.0,0.0,1,1,1,111,3,Low-value,1,Hibernating,10
17545,43,3,337,United Kingdom,642.32,642.32,0.0,0.0,3,3,3,333,9,Mid-value,2,Need Attention,6
17548,234,1,58,United Kingdom,103.3,0.0,244.78000000000003,2.3696,1,1,1,111,3,Low-value,1,Hibernating,10
17549,24,2,210,United Kingdom,148.86,148.86,0.0,0.0,4,2,1,421,7,Mid-value,2,Promising,5
17550,197,3,86,United Kingdom,267.16,267.16,0.0,0.0,1,3,2,132,6,Mid-value,2,Hibernating,10
17551,359,1,142,United Kingdom,290.34,290.34,0.0,0.0,1,1,2,112,4,Low-value,1,Hibernating,10
17552,60,4,719,United Kingdom,930.41,909.96,20.449999999999932,0.022,3,4,3,343,10,High-value,3,Need Attention,6
17553,130,1,1048,United Kingdom,1487.6,1487.6,0.0,0.0,2,1,4,214,7,Mid-value,2,Hibernating,10
17554,1,5,1763,United Kingdom,1952.45,1952.45,0.0,0.0,5,4,4,544,13,High-value,3,Champions,1
17555,20,2,348,United Kingdom,480.31,480.31,0.0,0.0,4,2,3,423,9,Mid-value,2,Potential Champions,3
17556,206,1,101,United Kingdom,157.9,157.9,0.0,0.0,1,1,1,111,3,Low-value,1,Hibernating,10
17557,14,3,306,United Kingdom,541.46,541.46,0.0,0.0,4,3,3,433,10,High-value,3,Potential Champions,3
17560,95,5,651,United Kingdom,854.95,854.95,0.0,0.0,2,4,3,243,9,Mid-value,2,At Risk,8
17561,19,1,144,United Kingdom,165.12,165.12,0.0,0.0,4,1,1,411,6,Mid-value,2,Promising,5
17562,14,7,817,United Kingdom,1122.38,1107.38,15.0,0.0134,4,5,4,454,13,High-value,3,Loyal Customers,2
17564,24,3,146,United Kingdom,454.01,454.01,0.0,0.0,4,3,2,432,9,Mid-value,2,Potential Champions,3
17566,8,2,497,United Kingdom,869.77,869.77,0.0,0.0,5,2,3,523,10,High-value,3,Potential Champions,3
17567,7,8,2632,United Kingdom,4331.48,4012.56,318.9199999999996,0.0736,5,5,5,555,15,High-value,3,Champions,1
17569,332,1,159,United Kingdom,344.14,344.14,0.0,0.0,1,1,2,112,4,Low-value,1,Hibernating,10
17571,50,4,876,United Kingdom,1425.67,1425.67,0.0,0.0,3,4,4,344,11,High-value,3,Loyal Customers,2
17572,71,4,95,United Kingdom,226.75000000000003,226.75000000000003,0.0,0.0,3,4,1,341,8,Mid-value,2,Hibernating,10
17573,29,3,308,United Kingdom,380.6,362.9,17.700000000000045,0.0465,4,3,2,432,9,Mid-value,2,Potential Champions,3
17574,243,1,77,United Kingdom,185.65,185.65,0.0,0.0,1,1,1,111,3,Low-value,1,Hibernating,10
17576,8,19,1967,United Kingdom,3564.83,3399.93,164.9000000000001,0.0463,5,5,5,555,15,High-value,3,Champions,1
17578,218,1,138,United Kingdom,143.45999999999998,124.74,18.719999999999985,0.1305,1,1,1,111,3,Low-value,1,Hibernating,10
17579,5,3,258,United Kingdom,448.90000000000003,440.2,8.700000000000045,0.0194,5,3,2,532,10,High-value,3,Potential Champions,3
17580,253,3,88,United Kingdom,215.72,215.72,0.0,0.0,1,3,1,131,5,Mid-value,2,Hibernating,10
17581,1,25,5915,United Kingdom,11025.24,10716.31,308.9300000000003,0.028,5,5,5,555,15,High-value,3,Champions,1
17582,236,1,123,United Kingdom,175.27,175.27,0.0,0.0,1,1,1,111,3,Low-value,1,Hibernating,10
17584,7,2,458,United Kingdom,1242.3,1227.3,15.0,0.0121,5,2,4,524,11,High-value,3,Potential Champions,3
17585,109,4,1650,United Kingdom,1116.68,1116.68,0.0,0.0,2,4,4,244,10,High-value,3,Do Not Lose,9
17588,100,3,676,United Kingdom,1240.2,1240.2,0.0,0.0,2,3,4,234,9,Mid-value,2,At Risk,8
17589,60,4,1631,United Kingdom,2404.17,2404.17,0.0,0.0,3,4,5,345,12,High-value,3,Loyal Customers,2
17590,2,3,822,United Kingdom,1468.02,1468.02,0.0,0.0,5,3,4,534,12,High-value,3,Potential Champions,3
17591,73,7,1000,United Kingdom,2203.67,2192.7200000000003,10.949999999999818,0.005,2,5,5,255,12,High-value,3,Do Not Lose,9
17593,4,5,3089,United Kingdom,3923.86,3908.08,15.7800000000002,0.004,5,4,5,545,14,High-value,3,Champions,1
17594,85,2,550,United Kingdom,993.1800000000001,993.1800000000001,0.0,0.0,2,2,4,224,8,Mid-value,2,Hibernating,10
17595,12,2,228,United Kingdom,386.69,386.69,0.0,0.0,5,2,2,522,9,Mid-value,2,Potential Champions,3
17596,23,7,4376,United Kingdom,2806.69,2806.69,0.0,0.0,4,5,5,455,14,High-value,3,Loyal Customers,2
17597,214,1,1176,United Kingdom,2044.3700000000001,2044.3700000000001,0.0,0.0,1,1,5,115,7,Mid-value,2,Hibernating,10
17600,18,1,144,United Kingdom,161.67000000000002,161.67000000000002,0.0,0.0,4,1,1,411,6,Mid-value,2,Promising,5
17601,239,1,103,United Kingdom,116.00999999999999,116.00999999999999,0.0,0.0,1,1,1,111,3,Low-value,1,Hibernating,10
17602,2,6,4116,United Kingdom,5054.42,5002.22,52.19999999999982,0.0103,5,4,5,545,14,High-value,3,Champions,1
17603,78,1,74,United Kingdom,394.72,0.0,1560.02,3.9522,2,1,1,211,4,Low-value,1,Hibernating,10
17604,217,2,169,United Kingdom,309.36,309.36,0.0,0.0,1,2,2,122,5,Mid-value,2,Hibernating,10
17608,33,2,229,United Kingdom,191.99,191.99,0.0,0.0,4,2,1,421,7,Mid-value,2,Promising,5
17609,41,5,719,United Kingdom,1105.78,1097.48,8.299999999999955,0.0075,3,4,4,344,11,High-value,3,Loyal Customers,2
17611,7,15,2550,United Kingdom,3961.12,3924.77,36.34999999999991,0.0092,5,5,5,555,15,High-value,3,Champions,1
17612,53,6,1808,United Kingdom,2048.45,1992.76,55.68999999999983,0.0272,3,4,4,344,11,High-value,3,Loyal Customers,2
17613,23,14,2490,United Kingdom,4544.55,4494.77,49.779999999999745,0.011,4,5,5,455,14,High-value,3,Loyal Customers,2
17614,57,1,235,United Kingdom,386.32,386.32,0.0,0.0,3,1,2,312,6,Mid-value,2,About to Sleep,7
17615,130,3,140,United Kingdom,329.6,329.6,0.0,0.0,2,3,2,232,7,Mid-value,2,Hibernating,10
17616,174,3,224,United Kingdom,571.1999999999999,571.1999999999999,0.0,0.0,2,3,3,233,8,Mid-value,2,At Risk,8
17618,6,3,319,United Kingdom,930.28,930.28,0.0,0.0,5,3,4,534,12,High-value,3,Potential Champions,3
17619,312,1,124,United Kingdom,214.37,214.37,0.0,0.0,1,1,1,111,3,Low-value,1,Hibernating,10
17620,60,1,60,United Kingdom,81.44,81.44,0.0,0.0,3,1,1,311,5,Mid-value,2,About to Sleep,7
17621,21,3,514,United Kingdom,1379.9,1336.1000000000001,43.799999999999955,0.0317,4,3,4,434,11,High-value,3,Potential Champions,3
17623,33,1,265,United Kingdom,527.05,527.05,0.0,0.0,4,1,3,413,8,Mid-value,2,Hibernating,10
17624,15,2,554,United Kingdom,843.48,843.48,0.0,0.0,4,2,3,423,9,Mid-value,2,Potential Champions,3
17625,18,4,1180,United Kingdom,2020.4,2020.4,0.0,0.0,4,4,5,445,13,High-value,3,Loyal Customers,2
17628,81,1,79,United Kingdom,75.75,75.75,0.0,0.0,2,1,1,211,4,Low-value,1,Hibernating,10
17629,6,8,1629,United Kingdom,1814.1200000000001,1784.1200000000001,30.0,0.0165,5,5,4,554,14,High-value,3,Champions,1
17630,170,2,158,United Kingdom,503.6,503.6,0.0,0.0,2,2,3,223,7,Mid-value,2,Hibernating,10
17631,2,3,334,United Kingdom,528.33,528.33,0.0,0.0,5,3,3,533,11,High-value,3,Potential Champions,3
17633,31,4,644,United Kingdom,1324.84,1242.34,82.5,0.0623,4,4,4,444,12,High-value,3,Loyal Customers,2
17634,36,9,838,United Kingdom,2358.59,2358.59,0.0,0.0,3,5,5,355,13,High-value,3,Loyal Customers,2
17636,19,1,182,United Kingdom,285.56,265.93,19.629999999999995,0.0687,4,1,2,412,7,Mid-value,2,Promising,5
17637,31,2,280,United Kingdom,547.0600000000001,547.0600000000001,0.0,0.0,4,2,3,423,9,Mid-value,2,Potential Champions,3
17639,276,1,49,United Kingdom,108.5,108.5,0.0,0.0,1,1,1,111,3,Low-value,1,Hibernating,10
17640,87,1,250,United Kingdom,621.66,621.66,0.0,0.0,2,1,3,213,6,Mid-value,2,Hibernating,10
17642,120,2,474,United Kingdom,712.29,712.29,0.0,0.0,2,2,3,223,7,Mid-value,2,Hibernating,10
17643,373,1,71,United Kingdom,101.55,101.55,0.0,0.0,1,1,1,111,3,Low-value,1,Hibernating,10
17644,1,11,1793,United Kingdom,2895.64,2768.98,126.65999999999985,0.0437,5,5,5,555,15,High-value,3,Champions,1
17646,219,3,323,United Kingdom,1008.39,995.66,12.730000000000018,0.0126,1,3,4,134,8,Mid-value,2,At Risk,8
17647,65,1,30,United Kingdom,133.06,133.06,0.0,0.0,3,1,1,311,5,Mid-value,2,About to Sleep,7
17648,61,4,487,United Kingdom,1797.5,1789.55,7.9500000000000455,0.0044,3,4,4,344,11,High-value,3,Loyal Customers,2
17649,138,1,399,United Kingdom,868.49,861.74,6.75,0.0078,2,1,3,213,6,Mid-value,2,Hibernating,10
17650,21,1,150,United Kingdom,166.07999999999998,166.07999999999998,0.0,0.0,4,1,1,411,6,Mid-value,2,Promising,5
17651,12,10,3112,United Kingdom,3945.0,3886.67,58.32999999999993,0.0148,5,5,5,555,15,High-value,3,Champions,1
17652,25,12,2509,United Kingdom,4867.72,4737.13,130.59000000000015,0.0268,4,5,5,455,14,High-value,3,Loyal Customers,2
17653,37,4,1409,United Kingdom,1207.56,1175.88,31.679999999999836,0.0262,3,4,4,344,11,High-value,3,Loyal Customers,2
17654,277,1,41,United Kingdom,117.55,117.55,0.0,0.0,1,1,1,111,3,Low-value,1,Hibernating,10
17655,11,7,1116,United Kingdom,2638.94,2571.7400000000002,67.19999999999982,0.0255,5,5,5,555,15,High-value,3,Champions,1
17656,73,5,1399,United Kingdom,1674.69,1674.69,0.0,0.0,2,4,4,244,10,High-value,3,Do Not Lose,9
17658,26,2,616,United Kingdom,595.42,485.88,109.53999999999996,0.184,4,2,3,423,9,Mid-value,2,Potential Champions,3
17659,17,12,1525,United Kingdom,2999.46,2954.75,44.710000000000036,0.0149,4,5,5,455,14,High-value,3,Loyal Customers,2
17660,141,1,121,United Kingdom,178.75,178.75,0.0,0.0,2,1,1,211,4,Low-value,1,Hibernating,10
17663,26,7,797,United Kingdom,1802.91,1788.27,14.6400000000001,0.0081,4,5,4,454,13,High-value,3,Loyal Customers,2
17664,19,2,604,United Kingdom,604.64,604.64,0.0,0.0,4,2,3,423,9,Mid-value,2,Potential Champions,3
17666,4,2,596,United Kingdom,728.16,728.16,0.0,0.0,5,2,3,523,10,High-value,3,Potential Champions,3
17667,66,5,1037,United Kingdom,2055.51,2055.51,0.0,0.0,3,4,5,345,12,High-value,3,Loyal Customers,2
17668,1,2,93,United Kingdom,347.75,347.75,0.0,0.0,5,2,2,522,9,Mid-value,2,Potential Champions,3
17669,43,7,1916,United Kingdom,3406.7200000000003,3406.7200000000003,0.0,0.0,3,5,5,355,13,High-value,3,Loyal Customers,2
17670,228,1,110,United Kingdom,205.7,205.7,0.0,0.0,1,1,1,111,3,Low-value,1,Hibernating,10
17671,16,4,772,United Kingdom,1572.71,1284.08,288.6300000000001,0.1835,4,4,4,444,12,High-value,3,Loyal Customers,2
17672,50,2,1690,United Kingdom,3178.17,3106.62,71.55000000000018,0.0225,3,2,5,325,10,High-value,3,Hibernating,10
17673,2,6,1462,United Kingdom,1594.97,1588.07,6.900000000000091,0.0043,5,4,4,544,13,High-value,3,Champions,1
17674,74,2,672,United Kingdom,551.04,551.04,0.0,0.0,2,2,3,223,7,Mid-value,2,Hibernating,10
17675,1,31,8360,United Kingdom,20374.28,20098.1,276.1800000000003,0.0136,5,5,5,555,15,High-value,3,Champions,1
17676,4,6,922,United Kingdom,1371.18,1366.77,4.410000000000082,0.0032,5,4,4,544,13,High-value,3,Champions,1
17677,2,30,9772,United Kingdom,16345.38,16201.37,144.0099999999984,0.0088,5,5,5,555,15,High-value,3,Champions,1
17678,264,1,207,United Kingdom,298.11,298.11,0.0,0.0,1,1,2,112,4,Low-value,1,Hibernating,10
17679,53,2,729,United Kingdom,1992.1100000000001,1992.1100000000001,0.0,0.0,3,2,4,324,9,Mid-value,2,Hibernating,10
17680,24,1,96,United Kingdom,184.4,184.4,0.0,0.0,4,1,1,411,6,Mid-value,2,Promising,5
17682,10,6,1367,United Kingdom,2474.33,2459.33,15.0,0.0061,5,4,5,545,14,High-value,3,Champions,1
17684,44,1,145,United Kingdom,239.41,239.41,0.0,0.0,3,1,1,311,5,Mid-value,2,About to Sleep,7
17685,17,7,1907,United Kingdom,3155.83,3155.83,0.0,0.0,4,5,5,455,14,High-value,3,Loyal Customers,2
17686,7,7,2478,United Kingdom,5739.46,5739.46,0.0,0.0,5,5,5,555,15,High-value,3,Champions,1
17690,30,15,1769,United Kingdom,4726.8,4717.3,9.5,0.002,4,5,5,455,14,High-value,3,Loyal Customers,2
17691,358,2,134,United Kingdom,290.40000000000003,290.40000000000003,0.0,0.0,1,2,2,122,5,Mid-value,2,Hibernating,10
17692,127,4,672,United Kingdom,740.94,733.44,7.5,0.0101,2,4,3,243,9,Mid-value,2,At Risk,8
17693,137,1,231,United Kingdom,200.47,187.02,13.449999999999989,0.0671,2,1,1,211,4,Low-value,1,Hibernating,10
17694,142,1,184,United Kingdom,283.12,283.12,0.0,0.0,2,1,2,212,5,Mid-value,2,Hibernating,10
17695,132,2,779,United Kingdom,765.34,765.34,0.0,0.0,2,2,3,223,7,Mid-value,2,Hibernating,10
17696,38,8,1756,United Kingdom,2285.71,2201.05,84.65999999999985,0.037,3,5,5,355,13,High-value,3,Loyal Customers,2
17697,236,1,93,United Kingdom,338.95,338.95,0.0,0.0,1,1,2,112,4,Low-value,1,Hibernating,10
17698,261,1,93,United Kingdom,154.95,154.95,0.0,0.0,1,1,1,111,3,Low-value,1,Hibernating,10
17700,17,4,1266,United Kingdom,2534.64,2508.89,25.75,0.0102,4,4,5,445,13,High-value,3,Loyal Customers,2
17701,253,1,109,United Kingdom,417.95,417.95,0.0,0.0,1,1,2,112,4,Low-value,1,Hibernating,10
17702,30,4,1353,United Kingdom,1824.37,1719.72,104.64999999999986,0.0574,4,4,4,444,12,High-value,3,Loyal Customers,2
17703,35,3,590,United Kingdom,798.74,798.74,0.0,0.0,3,3,3,333,9,Mid-value,2,Need Attention,6
17704,169,2,343,United Kingdom,885.19,885.19,0.0,0.0,2,2,3,223,7,Mid-value,2,Hibernating,10
17705,3,9,963,United Kingdom,1823.52,1781.12,42.40000000000009,0.0233,5,5,4,554,14,High-value,3,Champions,1
17706,4,17,3899,United Kingdom,10504.49,10097.37,407.119999999999,0.0388,5,5,5,555,15,High-value,3,Champions,1
17707,185,2,144,United Kingdom,152.4,152.4,0.0,0.0,1,2,1,121,4,Low-value,1,Hibernating,10
17708,188,2,90,United Kingdom,263.33,263.33,0.0,0.0,1,2,2,122,5,Mid-value,2,Hibernating,10
17709,170,1,17,United Kingdom,137.45,137.45,0.0,0.0,2,1,1,211,4,Low-value,1,Hibernating,10
17711,11,2,246,United Kingdom,385.1,385.1,0.0,0.0,5,2,2,522,9,Mid-value,2,Potential Champions,3
17712,45,1,215,United Kingdom,522.91,522.91,0.0,0.0,3,1,3,313,7,Mid-value,2,Hibernating,10
17714,321,1,92,United Kingdom,153.0,153.0,0.0,0.0,1,1,1,111,3,Low-value,1,Hibernating,10
17715,201,1,384,United Kingdom,326.4,326.4,0.0,0.0,1,1,2,112,4,Low-value,1,Hibernating,10
17716,23,11,3072,United Kingdom,5655.99,5505.79,150.19999999999982,0.0266,4,5,5,455,14,High-value,3,Loyal Customers,2
17718,232,1,83,United Kingdom,139.35,139.35,0.0,0.0,1,1,1,111,3,Low-value,1,Hibernating,10
17719,38,15,2466,United Kingdom,5396.04,5367.8,28.23999999999978,0.0052,3,5,5,355,13,High-value,3,Loyal Customers,2
17720,26,4,576,United Kingdom,1195.94,1195.94,0.0,0.0,4,4,4,444,12,High-value,3,Loyal Customers,2
17722,96,4,1595,United Kingdom,2424.04,2380.64,43.40000000000009,0.0179,2,4,5,245,11,High-value,3,Do Not Lose,9
17723,127,6,792,United Kingdom,3276.4000000000005,3276.4000000000005,0.0,0.0,2,4,5,245,11,High-value,3,Do Not Lose,9
17724,71,3,300,United Kingdom,1033.0,995.6500000000001,37.34999999999991,0.0362,3,3,4,334,10,High-value,3,Need Attention,6
17725,16,11,2162,United Kingdom,3439.08,3371.13,67.94999999999982,0.0198,4,5,5,455,14,High-value,3,Loyal Customers,2
17727,15,1,645,United Kingdom,1060.25,1042.55,17.700000000000045,0.0167,4,1,4,414,9,Mid-value,2,Hibernating,10
17728,4,3,1469,United Kingdom,2876.01,2515.6800000000003,360.3299999999999,0.1253,5,3,5,535,13,High-value,3,Potential Champions,3
17730,3,13,3576,United Kingdom,5298.4800000000005,5288.83,9.650000000000546,0.0018,5,5,5,555,15,High-value,3,Champions,1
17731,79,4,493,United Kingdom,1240.11,878.2,361.90999999999985,0.2918,2,4,3,243,9,Mid-value,2,At Risk,8
17732,373,1,93,United Kingdom,303.97,303.97,0.0,0.0,1,1,2,112,4,Low-value,1,Hibernating,10
17733,39,2,463,United Kingdom,692.19,692.19,0.0,0.0,3,2,3,323,8,Mid-value,2,Hibernating,10
17734,54,3,422,United Kingdom,700.63,700.63,0.0,0.0,3,3,3,333,9,Mid-value,2,Need Attention,6
17735,2,19,8439,United Kingdom,13110.02,13110.02,0.0,0.0,5,5,5,555,15,High-value,3,Champions,1
17736,9,3,238,United Kingdom,377.44,337.49,39.94999999999999,0.1058,5,3,2,532,10,High-value,3,Potential Champions,3
17737,9,2,108,United Kingdom,168.24,168.24,0.0,0.0,5,2,1,521,8,Mid-value,2,New Customers,4
17738,19,4,1029,United Kingdom,1879.05,1863.35,15.700000000000045,0.0084,4,4,4,444,12,High-value,3,Loyal Customers,2
17739,12,7,861,United Kingdom,2791.35,2786.05,5.299999999999727,0.0019,5,5,5,555,15,High-value,3,Champions,1
17742,113,2,89,United Kingdom,355.11,355.11,0.0,0.0,2,2,2,222,6,Mid-value,2,Hibernating,10
17744,4,6,3412,United Kingdom,2322.4,2291.08,31.320000000000164,0.0135,5,4,5,545,14,High-value,3,Champions,1
17746,240,1,29,United Kingdom,110.25,98.8,11.450000000000003,0.1039,1,1,1,111,3,Low-value,1,Hibernating,10
17747,113,1,12,United Kingdom,71.4,64.65,6.75,0.0945,2,1,1,211,4,Low-value,1,Hibernating,10
17749,178,2,320,United Kingdom,674.52,674.52,0.0,0.0,2,2,3,223,7,Mid-value,2,Hibernating,10
17750,5,9,3747,United Kingdom,1710.45,1710.45,0.0,0.0,5,5,4,554,14,High-value,3,Champions,1
17752,359,1,192,United Kingdom,80.64,80.64,0.0,0.0,1,1,1,111,3,Low-value,1,Hibernating,10
17754,1,5,1816,United Kingdom,1664.6499999999999,1632.31,32.33999999999992,0.0194,5,4,4,544,13,High-value,3,Champions,1
17757,1,30,3318,United Kingdom,5593.39,5573.59,19.800000000000182,0.0035,5,5,5,555,15,High-value,3,Champions,1
17758,19,8,2054,United Kingdom,3408.2,3408.2,0.0,0.0,4,5,5,455,14,High-value,3,Loyal Customers,2
17759,17,3,697,United Kingdom,819.96,819.96,0.0,0.0,4,3,3,433,10,High-value,3,Potential Champions,3
17760,22,2,239,United Kingdom,287.59,287.59,0.0,0.0,4,2,2,422,8,Mid-value,2,Potential Champions,3
17761,33,1,398,United Kingdom,712.78,712.78,0.0,0.0,4,1,3,413,8,Mid-value,2,Hibernating,10
17763,263,1,12,United Kingdom,15.0,15.0,0.0,0.0,1,1,1,111,3,Low-value,1,Hibernating,10
17764,51,2,351,United Kingdom,772.55,772.55,0.0,0.0,3,2,3,323,8,Mid-value,2,Hibernating,10
17765,159,3,143,United Kingdom,367.63,367.63,0.0,0.0,2,3,2,232,7,Mid-value,2,Hibernating,10
17767,15,1,128,United Kingdom,271.2,271.2,0.0,0.0,4,1,2,412,7,Mid-value,2,Promising,5
17768,8,3,1122,United Kingdom,2081.9,2081.9,0.0,0.0,5,3,5,535,13,High-value,3,Potential Champions,3
17769,13,10,1850,United Kingdom,3957.43,3920.08,37.34999999999991,0.0094,5,5,5,555,15,High-value,3,Champions,1
17770,199,5,365,United Kingdom,1143.27,1143.27,0.0,0.0,1,4,4,144,9,Mid-value,2,Do Not Lose,9
17771,57,2,287,United Kingdom,245.81,245.81,0.0,0.0,3,2,2,322,7,Mid-value,2,About to Sleep,7
17772,11,2,55,United Kingdom,173.45,173.45,0.0,0.0,5,2,1,521,8,Mid-value,2,New Customers,4
17774,97,4,508,United Kingdom,1213.73,1203.78,9.950000000000045,0.0082,2,4,4,244,10,High-value,3,Do Not Lose,9
17775,255,1,72,United Kingdom,56.4,56.4,0.0,0.0,1,1,1,111,3,Low-value,1,Hibernating,10
17777,25,3,501,United Kingdom,647.56,647.56,0.0,0.0,4,3,3,433,10,High-value,3,Potential Champions,3
17779,21,3,396,United Kingdom,650.32,633.92,16.40000000000009,0.0252,4,3,3,433,10,High-value,3,Potential Champions,3
17781,159,2,34,United Kingdom,188.02,188.02,0.0,0.0,2,2,1,221,5,Mid-value,2,Hibernating,10
17783,72,2,354,United Kingdom,283.47,283.47,0.0,0.0,3,2,2,322,7,Mid-value,2,About to Sleep,7
17785,53,1,67,United Kingdom,131.94,131.94,0.0,0.0,3,1,1,311,5,Mid-value,2,About to Sleep,7
17786,85,2,195,United Kingdom,266.85,266.85,0.0,0.0,2,2,2,222,6,Mid-value,2,Hibernating,10
17787,153,4,896,United Kingdom,1817.54,1817.54,0.0,0.0,2,4,4,244,10,High-value,3,Do Not Lose,9
17788,74,2,211,United Kingdom,1117.9,1117.9,0.0,0.0,2,2,4,224,8,Mid-value,2,Hibernating,10
17789,281,1,74,United Kingdom,225.9,225.9,0.0,0.0,1,1,1,111,3,Low-value,1,Hibernating,10
17790,27,14,835,United Kingdom,1964.3,1964.3,0.0,0.0,4,5,4,454,13,High-value,3,Loyal Customers,2
17791,30,1,46,United Kingdom,106.1,106.1,0.0,0.0,4,1,1,411,6,Mid-value,2,Promising,5
17793,25,1,226,United Kingdom,300.34,300.34,0.0,0.0,4,1,2,412,7,Mid-value,2,Promising,5
17795,180,2,305,United Kingdom,342.83,342.83,0.0,0.0,1,2,2,122,5,Mid-value,2,Hibernating,10
17796,40,4,176,United Kingdom,690.0,690.0,0.0,0.0,3,4,3,343,10,High-value,3,Need Attention,6
17797,22,3,498,United Kingdom,780.43,780.43,0.0,0.0,4,3,3,433,10,High-value,3,Potential Champions,3
17799,22,10,1753,United Kingdom,3039.17,3009.32,29.84999999999991,0.0098,4,5,5,455,14,High-value,3,Loyal Customers,2
17800,37,9,732,United Kingdom,1187.21,1187.21,0.0,0.0,3,5,4,354,12,High-value,3,Loyal Customers,2
17802,82,3,752,United Kingdom,1285.04,1251.84,33.200000000000045,0.0258,2,3,4,234,9,Mid-value,2,At Risk,8
17805,74,1,478,United Kingdom,512.31,512.31,0.0,0.0,2,1,3,213,6,Mid-value,2,Hibernating,10
17806,11,1,727,United Kingdom,546.04,546.04,0.0,0.0,5,1,3,513,9,Mid-value,2,Hibernating,10
17809,16,12,2057,United Kingdom,5411.91,4627.62,784.29,0.1449,4,5,5,455,14,High-value,3,Loyal Customers,2
17811,4,39,4146,United Kingdom,7761.82,7601.8,160.01999999999953,0.0206,5,5,5,555,15,High-value,3,Champions,1
17812,13,4,329,United Kingdom,699.81,699.81,0.0,0.0,5,4,3,543,12,High-value,3,Potential Champions,3
17813,14,5,752,United Kingdom,1698.07,1641.79,56.27999999999997,0.0331,4,4,4,444,12,High-value,3,Loyal Customers,2
17816,37,4,30,United Kingdom,36.56,36.56,0.0,0.0,3,4,1,341,8,Mid-value,2,Hibernating,10
17817,4,3,67,United Kingdom,387.68,387.68,0.0,0.0,5,3,2,532,10,High-value,3,Potential Champions,3
17819,72,7,1031,United Kingdom,3704.87,3661.07,43.79999999999973,0.0118,3,5,5,355,13,High-value,3,Loyal Customers,2
17824,51,1,408,United Kingdom,298.4,298.4,0.0,0.0,3,1,2,312,6,Mid-value,2,About to Sleep,7
17827,5,5,1240,United Kingdom,1987.33,1987.33,0.0,0.0,5,4,4,544,13,High-value,3,Champions,1
17828,23,4,667,Malta,1820.09,1599.97,220.1199999999999,0.1209,4,4,4,444,12,High-value,3,Loyal Customers,2
17829,299,1,496,United Arab Emirates,889.24,889.24,0.0,0.0,1,1,3,113,5,Mid-value,2,Hibernating,10
17830,2,3,92,United Kingdom,398.7,398.7,0.0,0.0,5,3,2,532,10,High-value,3,Potential Champions,3
17831,33,1,12,United Kingdom,35.400000000000006,35.400000000000006,0.0,0.0,4,1,1,411,6,Mid-value,2,Promising,5
17832,50,1,208,United Kingdom,155.37,155.37,0.0,0.0,3,1,1,311,5,Mid-value,2,About to Sleep,7
17835,3,3,344,United Kingdom,342.24,342.24,0.0,0.0,5,3,2,532,10,High-value,3,Potential Champions,3
17836,47,1,88,United Kingdom,110.21000000000001,110.21000000000001,0.0,0.0,3,1,1,311,5,Mid-value,2,About to Sleep,7
17837,42,8,510,United Kingdom,1541.23,1508.38,32.84999999999991,0.0213,3,5,4,354,12,High-value,3,Loyal Customers,2
17838,27,5,1831,United Kingdom,2720.8,2267.4,453.4000000000001,0.1666,4,4,5,445,13,High-value,3,Loyal Customers,2
17839,42,1,257,United Kingdom,318.15,318.15,0.0,0.0,3,1,2,312,6,Mid-value,2,About to Sleep,7
17841,2,124,22834,United Kingdom,40519.84,39869.05,650.7899999999936,0.0161,5,5,5,555,15,High-value,3,Champions,1
17843,303,1,113,United Kingdom,205.48,205.48,0.0,0.0,1,1,1,111,3,Low-value,1,Hibernating,10
17844,107,1,52,Canada,51.559999999999995,51.559999999999995,0.0,0.0,2,1,1,211,4,Low-value,1,Hibernating,10
17846,85,1,1,United Kingdom,2033.1,2033.1,0.0,0.0,2,1,5,215,8,Mid-value,2,Hibernating,10
17848,81,9,398,United Kingdom,901.2,901.2,0.0,0.0,2,5,3,253,10,High-value,3,At Risk,8
17849,218,4,114,United Kingdom,605.8000000000001,605.8000000000001,0.0,0.0,1,4,3,143,8,Mid-value,2,At Risk,8
17850,372,34,1733,United Kingdom,5391.21,5303.4800000000005,87.72999999999956,0.0163,1,5,5,155,11,High-value,3,Do Not Lose,9
17852,12,2,53,United Kingdom,114.34,114.34,0.0,0.0,5,2,1,521,8,Mid-value,2,New Customers,4
17854,185,2,84,United Kingdom,311.26,311.26,0.0,0.0,1,2,2,122,5,Mid-value,2,Hibernating,10
17855,373,1,197,United Kingdom,208.97,208.97,0.0,0.0,1,1,1,111,3,Low-value,1,Hibernating,10
17856,2,4,842,United Kingdom,1418.03,1393.79,24.24000000000001,0.0171,5,4,4,544,13,High-value,3,Champions,1
17857,4,23,19256,United Kingdom,26879.04,26763.34,115.70000000000073,0.0043,5,5,5,555,15,High-value,3,Champions,1
17858,6,12,2694,United Kingdom,5140.66,5140.66,0.0,0.0,5,5,5,555,15,High-value,3,Champions,1
17859,305,1,102,United Kingdom,141.92,141.92,0.0,0.0,1,1,1,111,3,Low-value,1,Hibernating,10
17860,369,1,93,United Kingdom,226.45000000000002,226.45000000000002,0.0,0.0,1,1,1,111,3,Low-value,1,Hibernating,10
17861,3,8,1985,United Kingdom,2097.88,2056.28,41.59999999999991,0.0198,5,5,5,555,15,High-value,3,Champions,1
17862,324,1,100,United Kingdom,330.9,330.9,0.0,0.0,1,1,2,112,4,Low-value,1,Hibernating,10
17863,59,6,2638,United Kingdom,3160.0,3160.0,0.0,0.0,3,4,5,345,12,High-value,3,Loyal Customers,2
17864,13,3,706,United Kingdom,554.85,554.85,0.0,0.0,5,3,3,533,11,High-value,3,Potential Champions,3
17865,31,20,5757,United Kingdom,10526.32,10158.54,367.77999999999884,0.0349,4,5,5,455,14,High-value,3,Loyal Customers,2
17866,143,1,174,United Kingdom,329.65000000000003,325.7,3.9500000000000455,0.012,2,1,2,212,5,Mid-value,2,Hibernating,10
17867,30,6,508,United Kingdom,1157.8700000000001,583.52,574.3500000000001,0.496,4,4,3,443,11,High-value,3,Potential Champions,3
17869,107,5,111,United Kingdom,428.18,428.18,0.0,0.0,2,4,2,242,8,Mid-value,2,Hibernating,10
17870,2,12,1351,United Kingdom,1865.8899999999999,1860.94,4.949999999999818,0.0027,5,5,4,554,14,High-value,3,Champions,1
17871,205,1,182,United Kingdom,155.9,155.9,0.0,0.0,1,1,1,111,3,Low-value,1,Hibernating,10
17873,80,5,1035,United Kingdom,1848.96,1754.16,94.79999999999995,0.0513,2,4,4,244,10,High-value,3,Do Not Lose,9
17874,185,6,221,United Kingdom,683.46,658.26,25.200000000000045,0.0369,1,4,3,143,8,Mid-value,2,At Risk,8
17877,170,1,98,United Kingdom,237.61,237.61,0.0,0.0,2,1,1,211,4,Low-value,1,Hibernating,10
17878,44,1,401,United Kingdom,379.45,379.45,0.0,0.0,3,1,2,312,6,Mid-value,2,About to Sleep,7
17879,174,1,45,United Kingdom,178.52,178.52,0.0,0.0,2,1,1,211,4,Low-value,1,Hibernating,10
17880,365,1,314,United Kingdom,458.92,458.92,0.0,0.0,1,1,2,112,4,Low-value,1,Hibernating,10
17881,304,1,32,United Kingdom,133.35,133.35,0.0,0.0,1,1,1,111,3,Low-value,1,Hibernating,10
17883,3,4,374,United Kingdom,664.34,664.34,0.0,0.0,5,4,3,543,12,High-value,3,Potential Champions,3
17884,4,4,817,United Kingdom,695.07,695.07,0.0,0.0,5,4,3,543,12,High-value,3,Potential Champions,3
17885,12,1,110,United Kingdom,156.34,156.34,0.0,0.0,5,1,1,511,7,Mid-value,2,New Customers,4
17886,32,3,469,United Kingdom,869.28,869.28,0.0,0.0,4,3,3,433,10,High-value,3,Potential Champions,3
17887,129,1,30,United Kingdom,111.35,111.35,0.0,0.0,2,1,1,211,4,Low-value,1,Hibernating,10
17888,21,8,973,United Kingdom,716.0,515.73,200.26999999999998,0.2797,4,5,3,453,12,High-value,3,Potential Champions,3
17889,212,2,77,United Kingdom,201.37,201.37,0.0,0.0,1,2,1,121,4,Low-value,1,Hibernating,10
17890,323,2,402,United Kingdom,586.89,586.89,0.0,0.0,1,2,3,123,6,Mid-value,2,Hibernating,10
17891,162,1,393,United Kingdom,203.85999999999999,203.85999999999999,0.0,0.0,2,1,1,211,4,Low-value,1,Hibernating,10
17892,56,3,109,United Kingdom,244.1,244.1,0.0,0.0,3,3,2,332,8,Mid-value,2,Hibernating,10
17893,225,1,149,United Kingdom,107.21,107.21,0.0,0.0,1,1,1,111,3,Low-value,1,Hibernating,10
17894,72,8,404,United Kingdom,1118.96,1118.96,0.0,0.0,3,5,4,354,12,High-value,3,Loyal Customers,2
17895,44,1,127,United Kingdom,95.45,95.45,0.0,0.0,3,1,1,311,5,Mid-value,2,About to Sleep,7
17896,23,1,288,United Kingdom,256.32,256.32,0.0,0.0,4,1,2,412,7,Mid-value,2,Promising,5
17897,173,3,222,United Kingdom,541.81,516.31,25.5,0.0471,2,3,3,233,8,Mid-value,2,At Risk,8
17898,85,2,190,United Kingdom,152.06,152.06,0.0,0.0,2,2,1,221,5,Mid-value,2,Hibernating,10
17899,159,1,170,United Kingdom,154.55,154.55,0.0,0.0,2,1,1,211,4,Low-value,1,Hibernating,10
17900,190,2,73,United Kingdom,112.19999999999999,15.0,97.19999999999999,0.8663,1,2,1,121,4,Low-value,1,Hibernating,10
17901,29,1,24,United Kingdom,110.38,110.38,0.0,0.0,4,1,1,411,6,Mid-value,2,Promising,5
17904,21,1,59,United Kingdom,181.07,168.32,12.75,0.0704,4,1,1,411,6,Mid-value,2,Promising,5
17905,71,4,406,United Kingdom,798.99,798.99,0.0,0.0,3,4,3,343,10,High-value,3,Need Attention,6
17906,247,1,26,United Kingdom,72.9,72.9,0.0,0.0,1,1,1,111,3,Low-value,1,Hibernating,10
17908,374,1,169,United Kingdom,232.03,232.03,0.0,0.0,1,1,1,111,3,Low-value,1,Hibernating,10
17911,9,1,223,United Kingdom,366.23,366.23,0.0,0.0,5,1,2,512,8,Mid-value,2,New Customers,4
17912,310,5,184,United Kingdom,310.06,294.65999999999997,15.400000000000034,0.0497,1,4,2,142,7,Mid-value,2,Hibernating,10
17913,59,2,288,United Kingdom,408.65,408.65,0.0,0.0,3,2,2,322,7,Mid-value,2,About to Sleep,7
17914,4,1,457,United Kingdom,329.36,329.36,0.0,0.0,5,1,2,512,8,Mid-value,2,New Customers,4
17917,45,3,184,United Kingdom,335.03,335.03,0.0,0.0,3,3,2,332,8,Mid-value,2,Hibernating,10
17919,88,1,756,United Kingdom,1304.04,1304.04,0.0,0.0,2,1,4,214,7,Mid-value,2,Hibernating,10
17920,4,17,2473,United Kingdom,4119.5,4119.5,0.0,0.0,5,5,5,555,15,High-value,3,Champions,1
17921,64,4,425,United Kingdom,820.23,820.23,0.0,0.0,3,4,3,343,10,High-value,3,Need Attention,6
17923,282,1,50,United Kingdom,207.50000000000003,207.50000000000003,0.0,0.0,1,1,1,111,3,Low-value,1,Hibernating,10
17924,12,7,1160,United Kingdom,2962.5,2894.33,68.17000000000007,0.023,5,5,5,555,15,High-value,3,Champions,1
17925,373,1,72,United Kingdom,244.08,244.08,0.0,0.0,1,1,2,112,4,Low-value,1,Hibernating,10
17926,133,2,306,United Kingdom,397.29,397.29,0.0,0.0,2,2,2,222,6,Mid-value,2,Hibernating,10
17928,45,2,140,United Kingdom,212.54,212.54,0.0,0.0,3,2,1,321,6,Mid-value,2,About to Sleep,7
17929,11,4,108,United Kingdom,843.0,834.5,8.5,0.0101,5,4,3,543,12,High-value,3,Potential Champions,3
17930,36,5,1594,United Kingdom,1740.48,1740.48,0.0,0.0,3,4,4,344,11,High-value,3,Loyal Customers,2
17931,134,2,249,United Kingdom,408.36,408.36,0.0,0.0,2,2,2,222,6,Mid-value,2,Hibernating,10
17932,29,3,789,United Kingdom,1331.57,1331.57,0.0,0.0,4,3,4,434,11,High-value,3,Potential Champions,3
17934,52,2,478,United Kingdom,704.25,704.25,0.0,0.0,3,2,3,323,8,Mid-value,2,Hibernating,10
17935,138,2,82,United Kingdom,145.79,145.79,0.0,0.0,2,2,1,221,5,Mid-value,2,Hibernating,10
17936,5,1,257,United Kingdom,380.13,380.13,0.0,0.0,5,1,2,512,8,Mid-value,2,New Customers,4
17937,9,7,1754,United Kingdom,4301.22,4301.22,0.0,0.0,5,5,5,555,15,High-value,3,Champions,1
17939,160,1,40,United Kingdom,99.14,99.14,0.0,0.0,2,1,1,211,4,Low-value,1,Hibernating,10
17940,49,10,9323,United Kingdom,4020.04,1897.18,2122.8599999999997,0.5281,3,5,4,354,12,High-value,3,Loyal Customers,2
17941,131,1,252,United Kingdom,304.56,304.56,0.0,0.0,2,1,2,212,5,Mid-value,2,Hibernating,10
17942,8,1,38,United Kingdom,77.50000000000001,77.50000000000001,0.0,0.0,5,1,1,511,7,Mid-value,2,New Customers,4
17946,233,2,75,United Kingdom,149.57999999999998,149.57999999999998,0.0,0.0,1,2,1,121,4,Low-value,1,Hibernating,10
17947,37,1,168,United Kingdom,176.68,176.68,0.0,0.0,3,1,1,311,5,Mid-value,2,About to Sleep,7
17948,147,1,144,United Kingdom,358.56000000000006,358.56000000000006,0.0,0.0,2,1,2,212,5,Mid-value,2,Hibernating,10
17949,1,45,30546,United Kingdom,58510.48,52750.84,5759.640000000007,0.0984,5,5,5,555,15,High-value,3,Champions,1
17950,72,3,366,United Kingdom,482.2,472.12,10.079999999999984,0.0209,3,3,2,332,8,Mid-value,2,Hibernating,10
17951,40,3,616,United Kingdom,1008.5400000000001,990.8400000000001,17.699999999999932,0.0176,3,3,4,334,10,High-value,3,Need Attention,6
17954,5,12,2221,United Kingdom,2314.13,2276.78,37.34999999999991,0.0161,5,5,5,555,15,High-value,3,Champions,1
17955,199,4,273,United Kingdom,557.3,557.3,0.0,0.0,1,4,3,143,8,Mid-value,2,At Risk,8
17956,249,1,1,United Kingdom,12.75,12.75,0.0,0.0,1,1,1,111,3,Low-value,1,Hibernating,10
17957,66,1,287,United Kingdom,111.68,111.68,0.0,0.0,3,1,1,311,5,Mid-value,2,About to Sleep,7
17958,117,1,84,United Kingdom,508.46000000000004,508.46000000000004,0.0,0.0,2,1,3,213,6,Mid-value,2,Hibernating,10
17960,171,1,41,United Kingdom,73.78,73.78,0.0,0.0,2,1,1,211,4,Low-value,1,Hibernating,10
17961,21,39,560,United Kingdom,1296.44,1296.44,0.0,0.0,4,5,4,454,13,High-value,3,Loyal Customers,2
17962,142,1,127,United Kingdom,102.41,102.41,0.0,0.0,2,1,1,211,4,Low-value,1,Hibernating,10
17964,32,2,294,United Kingdom,463.21,463.21,0.0,0.0,4,2,2,422,8,Mid-value,2,Potential Champions,3
17965,38,14,1532,United Kingdom,2599.19,2599.19,0.0,0.0,3,5,5,355,13,High-value,3,Loyal Customers,2
17966,38,5,2571,United Kingdom,1098.43,1098.43,0.0,0.0,3,4,4,344,11,High-value,3,Loyal Customers,2
17967,372,1,73,United Kingdom,112.27,112.27,0.0,0.0,1,1,1,111,3,Low-value,1,Hibernating,10
17968,374,1,151,United Kingdom,265.1,265.1,0.0,0.0,1,1,2,112,4,Low-value,1,Hibernating,10
17969,166,2,152,United Kingdom,228.2,228.2,0.0,0.0,2,2,1,221,5,Mid-value,2,Hibernating,10
17970,211,1,513,United Kingdom,562.79,562.79,0.0,0.0,1,1,3,113,5,Mid-value,2,Hibernating,10
17972,242,1,36,United Kingdom,135.19,135.19,0.0,0.0,1,1,1,111,3,Low-value,1,Hibernating,10
17973,52,1,176,United Kingdom,337.04,337.04,0.0,0.0,3,1,2,312,6,Mid-value,2,About to Sleep,7
17974,25,3,500,United Kingdom,703.99,703.99,0.0,0.0,4,3,3,433,10,High-value,3,Potential Champions,3
17975,15,13,1565,United Kingdom,4483.26,4388.06,95.19999999999982,0.0212,4,5,5,455,14,High-value,3,Loyal Customers,2
17976,372,1,93,United Kingdom,321.79,321.79,0.0,0.0,1,1,2,112,4,Low-value,1,Hibernating,10
17977,29,1,342,United Kingdom,288.14,288.14,0.0,0.0,4,1,2,412,7,Mid-value,2,Promising,5
17978,365,1,499,United Kingdom,300.91999999999996,300.91999999999996,0.0,0.0,1,1,2,112,4,Low-value,1,Hibernating,10
17979,36,4,383,United Kingdom,732.41,712.51,19.899999999999977,0.0272,3,4,3,343,10,High-value,3,Need Attention,6
17980,166,3,682,United Kingdom,811.45,811.45,0.0,0.0,2,3,3,233,8,Mid-value,2,At Risk,8
17984,145,1,98,United Kingdom,152.68,152.68,0.0,0.0,2,1,1,211,4,Low-value,1,Hibernating,10
17985,22,1,171,United Kingdom,631.35,631.35,0.0,0.0,4,1,3,413,8,Mid-value,2,Hibernating,10
17986,56,1,10,United Kingdom,20.8,20.8,0.0,0.0,3,1,1,311,5,Mid-value,2,About to Sleep,7
17987,185,1,261,United Kingdom,198.57,198.57,0.0,0.0,1,1,1,111,3,Low-value,1,Hibernating,10
17988,12,7,43,United Kingdom,201.12,191.17000000000002,9.949999999999989,0.0495,5,5,1,551,11,High-value,3,Hibernating,10
17990,237,3,414,United Kingdom,630.84,630.84,0.0,0.0,1,3,3,133,7,Mid-value,2,At Risk,8
17991,225,2,25,United Kingdom,93.35,93.35,0.0,0.0,1,2,1,121,4,Low-value,1,Hibernating,10
17994,122,4,495,United Kingdom,674.89,626.09,48.799999999999955,0.0723,2,4,3,243,9,Mid-value,2,At Risk,8
17995,282,1,133,United Kingdom,76.1,76.1,0.0,0.0,1,1,1,111,3,Low-value,1,Hibernating,10
17997,74,8,2273,United Kingdom,1962.46,1503.09,459.3700000000001,0.2341,2,5,4,254,11,High-value,3,Do Not Lose,9
17999,37,2,219,United Kingdom,380.39,380.39,0.0,0.0,3,2,2,322,7,Mid-value,2,About to Sleep,7
18001,12,2,362,United Kingdom,415.13,415.13,0.0,0.0,5,2,2,522,9,Mid-value,2,Potential Champions,3
18004,362,1,75,United Kingdom,157.92,157.92,0.0,0.0,1,1,1,111,3,Low-value,1,Hibernating,10
18005,4,2,86,United Kingdom,226.47,226.47,0.0,0.0,5,2,1,521,8,Mid-value,2,New Customers,4
18006,23,1,220,United Kingdom,444.68,444.68,0.0,0.0,4,1,2,412,7,Mid-value,2,Promising,5
18008,70,9,1581,United Kingdom,2116.19,2116.19,0.0,0.0,3,5,5,355,13,High-value,3,Loyal Customers,2
18009,235,1,125,United Kingdom,247.39,242.29,5.099999999999994,0.0206,1,1,2,112,4,Low-value,1,Hibernating,10
18010,257,1,60,United Kingdom,174.8,174.8,0.0,0.0,1,1,1,111,3,Low-value,1,Hibernating,10
18011,373,1,71,United Kingdom,102.78999999999999,102.78999999999999,0.0,0.0,1,1,1,111,3,Low-value,1,Hibernating,10
18013,155,2,285,United Kingdom,187.29,187.29,0.0,0.0,2,2,1,221,5,Mid-value,2,Hibernating,10
18014,28,1,66,United Kingdom,162.22,162.22,0.0,0.0,4,1,1,411,6,Mid-value,2,Promising,5
18015,4,1,157,United Kingdom,120.03,120.03,0.0,0.0,5,1,1,511,7,Mid-value,2,New Customers,4
18016,32,5,1027,United Kingdom,1477.66,1477.66,0.0,0.0,4,4,4,444,12,High-value,3,Loyal Customers,2
18017,81,3,300,United Kingdom,523.0,523.0,0.0,0.0,2,3,3,233,8,Mid-value,2,At Risk,8
18018,108,2,55,United Kingdom,122.14,122.14,0.0,0.0,2,2,1,221,5,Mid-value,2,Hibernating,10
18019,52,1,7,United Kingdom,38.45,38.45,0.0,0.0,3,1,1,311,5,Mid-value,2,About to Sleep,7
18022,36,1,703,United Kingdom,612.72,612.72,0.0,0.0,3,1,3,313,7,Mid-value,2,Hibernating,10
18024,153,2,184,United Kingdom,389.78,236.77999999999997,153.0,0.3925,2,2,1,221,5,Mid-value,2,Hibernating,10
18027,99,1,78,United Kingdom,115.31,115.31,0.0,0.0,2,1,1,211,4,Low-value,1,Hibernating,10
18030,4,2,67,United Kingdom,230.64999999999998,220.7,9.949999999999989,0.0431,5,2,1,521,8,Mid-value,2,New Customers,4
18032,334,1,42,United Kingdom,73.5,73.5,0.0,0.0,1,1,1,111,3,Low-value,1,Hibernating,10
18033,65,1,252,United Kingdom,93.82000000000001,93.82000000000001,0.0,0.0,3,1,1,311,5,Mid-value,2,About to Sleep,7
18034,22,2,559,United Kingdom,418.68,418.68,0.0,0.0,4,2,2,422,8,Mid-value,2,Potential Champions,3
18035,36,3,584,United Kingdom,713.89,713.89,0.0,0.0,3,3,3,333,9,Mid-value,2,Need Attention,6
18036,32,3,232,United Kingdom,403.12,403.12,0.0,0.0,4,3,2,432,9,Mid-value,2,Potential Champions,3
18037,154,6,20,United Kingdom,70.02,70.02,0.0,0.0,2,4,1,241,7,Mid-value,2,Hibernating,10
18040,19,2,148,United Kingdom,357.20000000000005,357.20000000000005,0.0,0.0,4,2,2,422,8,Mid-value,2,Potential Champions,3
18041,12,21,3758,United Kingdom,4097.37,4075.12,22.25,0.0054,5,5,5,555,15,High-value,3,Champions,1
18042,54,1,33,United Kingdom,165.04999999999998,165.04999999999998,0.0,0.0,3,1,1,311,5,Mid-value,2,About to Sleep,7
18043,25,3,265,United Kingdom,529.29,529.29,0.0,0.0,4,3,3,433,10,High-value,3,Potential Champions,3
18044,4,10,1033,United Kingdom,2088.6,2085.65,2.949999999999818,0.0014,5,5,5,555,15,High-value,3,Champions,1
18045,45,1,138,United Kingdom,178.34,178.34,0.0,0.0,3,1,1,311,5,Mid-value,2,About to Sleep,7
18048,203,2,127,United Kingdom,172.29000000000002,172.29000000000002,0.0,0.0,1,2,1,121,4,Low-value,1,Hibernating,10
18050,359,1,40,United Kingdom,74.4,74.4,0.0,0.0,1,1,1,111,3,Low-value,1,Hibernating,10
18053,71,1,302,United Kingdom,300.02,297.07,2.9499999999999886,0.0098,3,1,2,312,6,Mid-value,2,About to Sleep,7
18055,7,10,2452,United Kingdom,6761.34,6729.29,32.05000000000018,0.0047,5,5,5,555,15,High-value,3,Champions,1
18056,288,1,211,United Kingdom,363.65,363.65,0.0,0.0,1,1,2,112,4,Low-value,1,Hibernating,10
18058,10,1,88,United Kingdom,170.16,170.16,0.0,0.0,5,1,1,511,7,Mid-value,2,New Customers,4
18059,23,3,263,United Kingdom,306.46,296.71,9.75,0.0318,4,3,2,432,9,Mid-value,2,Potential Champions,3
18061,22,10,955,United Kingdom,2119.41,2119.41,0.0,0.0,4,5,5,455,14,High-value,3,Loyal Customers,2
18062,173,3,396,United Kingdom,720.52,720.52,0.0,0.0,2,3,3,233,8,Mid-value,2,At Risk,8
18064,133,2,384,United Kingdom,814.0,814.0,0.0,0.0,2,2,3,223,7,Mid-value,2,Hibernating,10
18065,6,14,1027,United Kingdom,2392.83,2380.08,12.75,0.0053,5,5,5,555,15,High-value,3,Champions,1
18066,75,1,108,United Kingdom,318.0,318.0,0.0,0.0,2,1,2,212,5,Mid-value,2,Hibernating,10
18067,40,1,189,United Kingdom,396.33,396.33,0.0,0.0,3,1,2,312,6,Mid-value,2,About to Sleep,7
18068,289,1,6,United Kingdom,101.7,101.7,0.0,0.0,1,1,1,111,3,Low-value,1,Hibernating,10
18069,26,5,1296,United Kingdom,2009.24,1994.39,14.849999999999909,0.0074,4,4,4,444,12,High-value,3,Loyal Customers,2
18071,258,2,260,United Kingdom,453.0,453.0,0.0,0.0,1,2,2,122,5,Mid-value,2,Hibernating,10
18072,186,1,288,United Kingdom,247.44,0.0,247.44,1.0,1,1,1,111,3,Low-value,1,Hibernating,10
18073,114,12,3102,United Kingdom,3859.82,3846.7400000000002,13.079999999999927,0.0034,2,5,5,255,12,High-value,3,Do Not Lose,9
18074,374,1,190,United Kingdom,489.6,489.6,0.0,0.0,1,1,3,113,5,Mid-value,2,Hibernating,10
18075,23,10,1464,United Kingdom,2611.75,2538.7200000000003,73.02999999999975,0.028,4,5,5,455,14,High-value,3,Loyal Customers,2
18077,8,11,1839,United Kingdom,2584.41,2584.41,0.0,0.0,5,5,5,555,15,High-value,3,Champions,1
18078,217,2,145,United Kingdom,336.13,336.13,0.0,0.0,1,2,2,122,5,Mid-value,2,Hibernating,10
18079,45,4,7347,United Kingdom,3613.15,3613.15,0.0,0.0,3,4,5,345,12,High-value,3,Loyal Customers,2
18080,19,2,642,United Kingdom,1231.5,1231.5,0.0,0.0,4,2,4,424,10,High-value,3,Potential Champions,3
18081,36,3,195,United Kingdom,343.45,343.45,0.0,0.0,3,3,2,332,8,Mid-value,2,Hibernating,10
18082,26,1,608,United Kingdom,680.84,680.84,0.0,0.0,4,1,3,413,8,Mid-value,2,Hibernating,10
18084,16,1,312,United Kingdom,90.48,87.53,2.950000000000003,0.0326,4,1,1,411,6,Mid-value,2,Promising,5
18085,330,2,265,United Kingdom,689.95,689.95,0.0,0.0,1,2,3,123,6,Mid-value,2,Hibernating,10
18086,274,1,106,United Kingdom,101.34,101.34,0.0,0.0,1,1,1,111,3,Low-value,1,Hibernating,10
18087,98,2,3907,United Kingdom,4055.7200000000003,3770.12,285.60000000000036,0.0704,2,2,5,225,9,Mid-value,2,Hibernating,10
18088,61,1,107,United Kingdom,166.03,166.03,0.0,0.0,3,1,1,311,5,Mid-value,2,About to Sleep,7
18092,2,11,4252,United Kingdom,9068.26,9065.76,2.5,0.0003,5,5,5,555,15,High-value,3,Champions,1
18093,93,4,1392,United Kingdom,2106.52,2083.42,23.09999999999991,0.011,2,4,5,245,11,High-value,3,Do Not Lose,9
18094,82,7,2518,United Kingdom,3017.3,3017.3,0.0,0.0,2,5,5,255,12,High-value,3,Do Not Lose,9
18095,313,2,419,United Kingdom,580.05,580.05,0.0,0.0,1,2,3,123,6,Mid-value,2,Hibernating,10
18096,12,3,788,United Kingdom,849.06,849.06,0.0,0.0,5,3,3,533,11,High-value,3,Potential Champions,3
18097,8,6,1662,United Kingdom,2662.4,2657.4500000000003,4.949999999999818,0.0019,5,4,5,545,14,High-value,3,Champions,1
18099,127,1,149,United Kingdom,168.31,168.31,0.0,0.0,2,1,1,211,4,Low-value,1,Hibernating,10
18101,11,2,87,United Kingdom,222.4,222.4,0.0,0.0,5,2,1,521,8,Mid-value,2,New Customers,4
18102,1,60,64124,United Kingdom,259657.3,256438.49,3218.8099999999977,0.0124,5,5,5,555,15,High-value,3,Champions,1
18104,37,1,362,United Kingdom,754.64,754.64,0.0,0.0,3,1,3,313,7,Mid-value,2,Hibernating,10
18105,38,1,46,United Kingdom,113.48000000000002,113.48000000000002,0.0,0.0,3,1,1,311,5,Mid-value,2,About to Sleep,7
18106,330,1,126,United Kingdom,421.9,421.9,0.0,0.0,1,1,2,112,4,Low-value,1,Hibernating,10
18108,254,1,84,United Kingdom,271.0,264.65,6.350000000000023,0.0234,1,1,2,112,4,Low-value,1,Hibernating,10
18109,2,26,4230,United Kingdom,8004.92,7877.27,127.64999999999964,0.0159,5,5,5,555,15,High-value,3,Champions,1
18110,20,1,72,United Kingdom,198.8,168.55,30.25,0.1522,4,1,1,411,6,Mid-value,2,Promising,5
18112,12,2,255,United Kingdom,352.69,352.69,0.0,0.0,5,2,2,522,9,Mid-value,2,Potential Champions,3
18113,369,1,72,United Kingdom,76.32000000000001,76.32000000000001,0.0,0.0,1,1,1,111,3,Low-value,1,Hibernating,10
18114,290,1,55,United Kingdom,220.1,220.1,0.0,0.0,1,1,1,111,3,Low-value,1,Hibernating,10
18116,68,8,837,United Kingdom,1403.1100000000001,1403.1100000000001,0.0,0.0,3,5,4,354,12,High-value,3,Loyal Customers,2
18117,26,1,605,United Kingdom,315.65,315.65,0.0,0.0,4,1,2,412,7,Mid-value,2,Promising,5
18118,11,26,2865,United Kingdom,5625.08,5567.03,58.05000000000018,0.0103,5,5,5,555,15,High-value,3,Champions,1
18119,368,1,124,United Kingdom,180.7,180.7,0.0,0.0,1,1,1,111,3,Low-value,1,Hibernating,10
18120,214,1,31,United Kingdom,111.15,111.15,0.0,0.0,1,1,1,111,3,Low-value,1,Hibernating,10
18121,149,2,438,United Kingdom,653.3000000000001,653.3000000000001,0.0,0.0,2,2,3,223,7,Mid-value,2,Hibernating,10
18122,8,6,1225,United Kingdom,1793.06,1793.06,0.0,0.0,5,4,4,544,13,High-value,3,Champions,1
18123,24,2,582,United Kingdom,574.4399999999999,574.4399999999999,0.0,0.0,4,2,3,423,9,Mid-value,2,Potential Champions,3
18125,30,4,800,United Kingdom,1131.75,1130.1,1.650000000000091,0.0015,4,4,4,444,12,High-value,3,Loyal Customers,2
18126,61,1,135,United Kingdom,200.92,200.92,0.0,0.0,3,1,1,311,5,Mid-value,2,About to Sleep,7
18127,19,3,187,United Kingdom,347.08,347.08,0.0,0.0,4,3,2,432,9,Mid-value,2,Potential Champions,3
18129,243,1,48,United Kingdom,112.55000000000001,112.55000000000001,0.0,0.0,1,1,1,111,3,Low-value,1,Hibernating,10
18130,15,3,824,United Kingdom,1059.39,1045.74,13.650000000000091,0.0129,4,3,4,434,11,High-value,3,Potential Champions,3
18133,212,1,1350,United Kingdom,931.5,715.5,216.0,0.2319,1,1,3,113,5,Mid-value,2,Hibernating,10
18135,29,5,349,United Kingdom,681.91,681.91,0.0,0.0,4,4,3,443,11,High-value,3,Potential Champions,3
18136,63,3,379,United Kingdom,784.33,761.83,22.5,0.0287,3,3,3,333,9,Mid-value,2,Need Attention,6
18138,295,1,38,United Kingdom,152.65,152.65,0.0,0.0,1,1,1,111,3,Low-value,1,Hibernating,10
18139,18,6,5557,United Kingdom,8438.34,8393.22,45.1200000000008,0.0053,4,4,5,445,13,High-value,3,Loyal Customers,2
18142,157,2,1276,United Kingdom,1019.52,1014.9,4.6200000000000045,0.0045,2,2,4,224,8,Mid-value,2,Hibernating,10
18143,117,2,570,United Kingdom,1000.16,1000.16,0.0,0.0,2,2,4,224,8,Mid-value,2,Hibernating,10
18144,8,12,1343,United Kingdom,2888.75,2888.75,0.0,0.0,5,5,5,555,15,High-value,3,Champions,1
18145,13,4,2625,United Kingdom,2861.55,2861.55,0.0,0.0,5,4,5,545,14,High-value,3,Champions,1
18146,141,2,153,United Kingdom,160.35,160.35,0.0,0.0,2,2,1,221,5,Mid-value,2,Hibernating,10
18147,46,2,203,United Kingdom,179.34,179.34,0.0,0.0,3,2,1,321,6,Mid-value,2,About to Sleep,7
18149,51,3,310,United Kingdom,612.0799999999999,612.0799999999999,0.0,0.0,3,3,3,333,9,Mid-value,2,Need Attention,6
18150,32,3,332,United Kingdom,566.58,566.58,0.0,0.0,4,3,3,433,10,High-value,3,Potential Champions,3
18151,135,2,355,United Kingdom,653.35,653.35,0.0,0.0,2,2,3,223,7,Mid-value,2,Hibernating,10
18154,3,2,255,United Kingdom,399.19,399.19,0.0,0.0,5,2,2,522,9,Mid-value,2,Potential Champions,3
18155,75,3,266,United Kingdom,371.62,347.82,23.80000000000001,0.064,2,3,2,232,7,Mid-value,2,Hibernating,10
18156,13,2,283,United Kingdom,675.64,675.64,0.0,0.0,5,2,3,523,10,High-value,3,Potential Champions,3
18158,9,2,354,United Kingdom,453.4,451.75,1.6499999999999773,0.0036,5,2,2,522,9,Mid-value,2,Potential Champions,3
18159,301,1,139,United Kingdom,530.15,530.15,0.0,0.0,1,1,3,113,5,Mid-value,2,Hibernating,10
18160,57,2,294,United Kingdom,638.0600000000001,638.0600000000001,0.0,0.0,3,2,3,323,8,Mid-value,2,Hibernating,10
18161,15,5,812,United Kingdom,1618.69,1612.79,5.900000000000091,0.0036,4,4,4,444,12,High-value,3,Loyal Customers,2
18164,37,1,184,United Kingdom,399.65,394.7,4.949999999999989,0.0124,3,1,2,312,6,Mid-value,2,About to Sleep,7
18165,177,1,254,United Kingdom,302.46,302.46,0.0,0.0,2,1,2,212,5,Mid-value,2,Hibernating,10
18167,23,3,382,United Kingdom,1384.8600000000001,1355.51,29.350000000000136,0.0212,4,3,4,434,11,High-value,3,Potential Champions,3
18168,176,6,592,United Kingdom,1160.04,1123.74,36.299999999999955,0.0313,2,4,4,244,10,High-value,3,Do Not Lose,9
18169,61,1,61,United Kingdom,202.65,202.65,0.0,0.0,3,1,1,311,5,Mid-value,2,About to Sleep,7
18170,33,3,409,United Kingdom,980.3100000000001,980.3100000000001,0.0,0.0,4,3,4,434,11,High-value,3,Potential Champions,3
18171,59,5,481,United Kingdom,1231.31,1208.51,22.799999999999955,0.0185,3,4,4,344,11,High-value,3,Loyal Customers,2
18172,15,20,3184,United Kingdom,7561.68,7490.17,71.51000000000022,0.0095,4,5,5,455,14,High-value,3,Loyal Customers,2
18173,87,4,1220,United Kingdom,2106.84,2106.84,0.0,0.0,2,4,5,245,11,High-value,3,Do Not Lose,9
18174,7,1,50,United Kingdom,104.0,104.0,0.0,0.0,5,1,1,511,7,Mid-value,2,New Customers,4
18176,358,1,283,United Kingdom,476.35,448.65,27.700000000000045,0.0582,1,1,2,112,4,Low-value,1,Hibernating,10
18177,31,6,709,United Kingdom,1340.8700000000001,1313.6200000000001,27.25,0.0203,4,4,4,444,12,High-value,3,Loyal Customers,2
18178,129,4,983,United Kingdom,1590.81,1573.41,17.399999999999864,0.0109,2,4,4,244,10,High-value,3,Do Not Lose,9
18179,9,6,1360,United Kingdom,1793.17,1793.17,0.0,0.0,5,4,4,544,13,High-value,3,Champions,1
18180,5,6,1721,United Kingdom,1843.75,1843.75,0.0,0.0,5,4,4,544,13,High-value,3,Champions,1
18181,24,1,133,United Kingdom,366.85,366.85,0.0,0.0,4,1,2,412,7,Mid-value,2,Promising,5
18183,227,2,371,United Kingdom,632.07,600.52,31.550000000000068,0.0499,1,2,3,123,6,Mid-value,2,Hibernating,10
18184,15,1,60,United Kingdom,49.8,49.8,0.0,0.0,4,1,1,411,6,Mid-value,2,Promising,5
18185,249,1,183,United Kingdom,304.25,304.25,0.0,0.0,1,1,2,112,4,Low-value,1,Hibernating,10
18188,15,3,1168,United Kingdom,2001.04,1998.49,2.5499999999999545,0.0013,4,3,4,434,11,High-value,3,Potential Champions,3
18189,78,2,566,United Kingdom,1090.24,1084.34,5.900000000000091,0.0054,2,2,4,224,8,Mid-value,2,Hibernating,10
18190,192,2,140,United Kingdom,284.46000000000004,274.51,9.950000000000045,0.035,1,2,2,122,5,Mid-value,2,Hibernating,10
18191,262,1,140,United Kingdom,207.8,207.8,0.0,0.0,1,1,1,111,3,Low-value,1,Hibernating,10
18192,72,1,339,United Kingdom,957.97,957.97,0.0,0.0,3,1,4,314,8,Mid-value,2,Hibernating,10
18193,165,1,124,United Kingdom,243.76,212.96,30.799999999999983,0.1264,2,1,1,211,4,Low-value,1,Hibernating,10
18194,82,1,632,United Kingdom,973.84,896.0,77.84000000000003,0.0799,2,1,3,213,6,Mid-value,2,Hibernating,10
18196,95,2,431,United Kingdom,686.63,686.63,0.0,0.0,2,2,3,223,7,Mid-value,2,Hibernating,10
18198,4,17,4074,United Kingdom,5425.56,5083.06,342.5,0.0631,5,5,5,555,15,High-value,3,Champions,1
18200,106,1,104,United Kingdom,150.35,150.35,0.0,0.0,2,1,1,211,4,Low-value,1,Hibernating,10
18202,200,3,581,United Kingdom,1396.99,1396.99,0.0,0.0,1,3,4,134,8,Mid-value,2,At Risk,8
18203,157,1,43,United Kingdom,160.42000000000002,160.42000000000002,0.0,0.0,2,1,1,211,4,Low-value,1,Hibernating,10
18204,71,3,1190,United Kingdom,1975.3500000000001,1960.95,14.400000000000091,0.0073,3,3,4,334,10,High-value,3,Need Attention,6
18205,36,2,192,United Kingdom,517.36,517.36,0.0,0.0,3,2,3,323,8,Mid-value,2,Hibernating,10
18209,29,1,58,United Kingdom,139.10000000000002,139.10000000000002,0.0,0.0,4,1,1,411,6,Mid-value,2,Promising,5
18210,2,6,1398,United Kingdom,2621.38,2621.38,0.0,0.0,5,4,5,545,14,High-value,3,Champions,1
18211,26,5,359,United Kingdom,600.07,600.07,0.0,0.0,4,4,3,443,11,High-value,3,Potential Champions,3
18212,326,1,92,United Kingdom,216.07,216.07,0.0,0.0,1,1,1,111,3,Low-value,1,Hibernating,10
18213,237,1,232,United Kingdom,232.48000000000002,232.48000000000002,0.0,0.0,1,1,1,111,3,Low-value,1,Hibernating,10
18215,89,1,118,United Kingdom,299.34000000000003,299.34000000000003,0.0,0.0,2,1,2,212,5,Mid-value,2,Hibernating,10
18216,31,1,200,United Kingdom,481.75,481.75,0.0,0.0,4,1,3,413,8,Mid-value,2,Hibernating,10
18217,29,2,491,United Kingdom,621.75,621.75,0.0,0.0,4,2,3,423,9,Mid-value,2,Potential Champions,3
18218,211,2,536,United Kingdom,641.92,606.22,35.69999999999993,0.0556,1,2,3,123,6,Mid-value,2,Hibernating,10
18219,3,10,885,United Kingdom,2069.77,2019.77,50.0,0.0242,5,5,5,555,15,High-value,3,Champions,1
18220,227,1,288,United Kingdom,305.28,297.78,7.5,0.0246,1,1,2,112,4,Low-value,1,Hibernating,10
18221,22,5,791,United Kingdom,1041.61,1033.31,8.299999999999955,0.008,4,4,4,444,12,High-value,3,Loyal Customers,2
18222,93,1,335,United Kingdom,443.0,443.0,0.0,0.0,2,1,2,212,5,Mid-value,2,Hibernating,10
18223,5,14,2948,United Kingdom,6484.54,6315.2300000000005,169.3099999999995,0.0261,5,5,5,555,15,High-value,3,Champions,1
18224,264,1,69,United Kingdom,158.95000000000002,158.95000000000002,0.0,0.0,1,1,1,111,3,Low-value,1,Hibernating,10
18225,3,12,3242,United Kingdom,5504.96,5356.86,148.10000000000036,0.0269,5,5,5,555,15,High-value,3,Champions,1
18226,44,11,3466,United Kingdom,5228.05,5192.1,35.94999999999982,0.0069,3,5,5,355,13,High-value,3,Loyal Customers,2
18227,218,1,21,United Kingdom,93.75,93.75,0.0,0.0,1,1,1,111,3,Low-value,1,Hibernating,10
18228,57,2,238,United Kingdom,779.9,769.2,10.699999999999932,0.0137,3,2,3,323,8,Mid-value,2,Hibernating,10
18229,12,20,2488,United Kingdom,7276.9,7276.9,0.0,0.0,5,5,5,555,15,High-value,3,Champions,1
18230,9,7,1316,United Kingdom,2810.2000000000003,2716.6,93.60000000000036,0.0333,5,5,5,555,15,High-value,3,Champions,1
18231,192,5,819,United Kingdom,2071.77,2054.67,17.09999999999991,0.0083,1,4,5,145,10,High-value,3,Do Not Lose,9
18232,82,4,302,United Kingdom,592.97,582.47,10.5,0.0177,2,4,3,243,9,Mid-value,2,At Risk,8
18233,326,1,4,United Kingdom,440.0,440.0,0.0,0.0,1,1,2,112,4,Low-value,1,Hibernating,10
18235,72,3,1578,United Kingdom,1796.48,1796.48,0.0,0.0,3,3,4,334,10,High-value,3,Need Attention,6
18236,30,6,403,United Kingdom,882.24,882.24,0.0,0.0,4,4,3,443,11,High-value,3,Potential Champions,3
18237,3,5,622,United Kingdom,987.1,987.1,0.0,0.0,5,4,4,544,13,High-value,3,Champions,1
18239,219,5,795,United Kingdom,1561.6100000000001,1561.6100000000001,0.0,0.0,1,4,4,144,9,Mid-value,2,Do Not Lose,9
18240,46,1,126,United Kingdom,422.58,422.58,0.0,0.0,3,1,2,312,6,Mid-value,2,About to Sleep,7
18241,10,17,1051,United Kingdom,2073.09,2058.09,15.0,0.0072,5,5,5,555,15,High-value,3,Champions,1
18242,72,4,1017,United Kingdom,2232.4900000000002,2232.4900000000002,0.0,0.0,3,4,5,345,12,High-value,3,Loyal Customers,2
18245,7,7,1788,United Kingdom,2567.06,2507.56,59.5,0.0232,5,5,5,555,15,High-value,3,Champions,1
18246,24,2,166,United Kingdom,596.1,596.1,0.0,0.0,4,2,3,423,9,Mid-value,2,Potential Champions,3
18248,123,2,511,United Kingdom,804.02,783.02,21.0,0.0261,2,2,3,223,7,Mid-value,2,Hibernating,10
18249,17,1,128,United Kingdom,95.34,95.34,0.0,0.0,4,1,1,411,6,Mid-value,2,Promising,5
18250,310,1,199,United Kingdom,349.27,342.92,6.349999999999966,0.0182,1,1,2,112,4,Low-value,1,Hibernating,10
18251,87,1,7824,United Kingdom,4314.72,4314.72,0.0,0.0,2,1,5,215,8,Mid-value,2,Hibernating,10
18252,51,2,234,United Kingdom,518.27,518.27,0.0,0.0,3,2,3,323,8,Mid-value,2,Hibernating,10
18255,89,1,74,United Kingdom,103.30000000000001,103.30000000000001,0.0,0.0,2,1,1,211,4,Low-value,1,Hibernating,10
18257,39,8,1041,United Kingdom,2337.63,2265.38,72.25,0.0309,3,5,5,355,13,High-value,3,Loyal Customers,2
18259,25,3,714,United Kingdom,2338.6,2338.6,0.0,0.0,4,3,5,435,12,High-value,3,Potential Champions,3
18260,173,6,1475,United Kingdom,2628.35,2580.15,48.19999999999982,0.0183,2,4,5,245,11,High-value,3,Do Not Lose,9
18261,43,2,146,United Kingdom,324.24,324.24,0.0,0.0,3,2,2,322,7,Mid-value,2,About to Sleep,7
18262,140,1,182,United Kingdom,149.48,149.48,0.0,0.0,2,1,1,211,4,Low-value,1,Hibernating,10
18263,26,3,1468,United Kingdom,1213.16,1211.08,2.0800000000001546,0.0017,4,3,4,434,11,High-value,3,Potential Champions,3
18265,72,2,311,United Kingdom,801.51,801.51,0.0,0.0,3,2,3,323,8,Mid-value,2,Hibernating,10
18268,134,1,2,United Kingdom,25.5,0.0,25.5,1.0,2,1,1,211,4,Low-value,1,Hibernating,10
18269,366,1,76,United Kingdom,168.60000000000002,138.9,29.700000000000017,0.1762,1,1,1,111,3,Low-value,1,Hibernating,10
18270,38,2,101,United Kingdom,283.15000000000003,238.95000000000002,44.20000000000002,0.1561,3,2,1,321,6,Mid-value,2,About to Sleep,7
18272,3,6,2050,United Kingdom,3078.58,3064.78,13.799999999999727,0.0045,5,4,5,545,14,High-value,3,Champions,1
18273,2,3,80,United Kingdom,204.0,204.0,0.0,0.0,5,3,1,531,9,Mid-value,2,Hibernating,10
18274,30,1,88,United Kingdom,175.92,0.0,175.92,1.0,4,1,1,411,6,Mid-value,2,Promising,5
18276,44,1,186,United Kingdom,335.86,323.36,12.5,0.0372,3,1,2,312,6,Mid-value,2,About to Sleep,7
18277,58,1,68,United Kingdom,110.38,97.63,12.75,0.1155,3,1,1,311,5,Mid-value,2,About to Sleep,7
18278,74,1,66,United Kingdom,173.9,173.9,0.0,0.0,2,1,1,211,4,Low-value,1,Hibernating,10
18280,278,1,45,United Kingdom,180.60000000000002,180.60000000000002,0.0,0.0,1,1,1,111,3,Low-value,1,Hibernating,10
18281,181,1,54,United Kingdom,80.82,80.82,0.0,0.0,1,1,1,111,3,Low-value,1,Hibernating,10
18282,8,2,103,United Kingdom,178.05,176.6,1.450000000000017,0.0081,5,2,1,521,8,Mid-value,2,New Customers,4
18283,4,16,1357,United Kingdom,2045.53,2045.53,0.0,0.0,5,5,5,555,15,High-value,3,Champions,1
18287,43,3,1586,United Kingdom,1837.28,1837.28,0.0,0.0,3,3,4,334,10,High-value,3,Need Attention,6
